query,clean_text,time,is_question,query_length,label
code algorithm,code algorithm,2025-02-12 08:58:20,0,2,1
How to fix a locale setting warning from Perl,how to fix a locale setting warning from perl,2010-03-23 17:27:18,1,9,2
"How to review a revised paper I have already rejected?,Educational",how to review a revised paper i have already rejected educational,1512129557,1,11,3
What is the value of: 0/∞,what is the value of 0,2024-10-18 15:32:59,1,6,4
Neend arhi,neend arhi,2025-12-21 04:11:00,0,2,0
git push -u origin main fatal: 'origin' does not appear to be a git repository fatal: Could not read from remote repository.  Please make sure you have the correct access rights,git push u origin main fatal origin does not appear to be a git repository fatal could not read from remote repository please make sure you have the correct access rights,2025-11-15 22:14:18,0,31,2
can u write a c++ program that calculates the nth fibonacci number,can u write a c program that calculates the nth fibonacci number,2025-08-17 21:43:40,1,12,1
"Create a Flutter app that displays a list of items (e.g., “Post #1”, “Post #2”, ...). When the user scrolls to the bottom, more items automatically load. 1. Shows a list of items (like “Post #1”, “Post #2”, etc.) 2. Initially it shows 10 items. 3. When the user presses “Load More”, it loads 10 more. 4. Disables the button when all items are loaded.  do it in simplest way",create a flutter app that displays a list of items eg post 1 post 2 when the user scrolls to the bottom more items automatically load 1 shows a list of items like post 1 post 2 etc 2 initially it shows 10 items 3 when the user presses load more it loads 10 more 4 disables the button when all items are loaded do it in simplest way,2025-10-08 10:28:57,0,69,1
Nalle,nalle,2025-11-01 12:31:00,0,1,0
"Exception has occurred: AttributeError 'numpy.ndarray' object has no attribute 'iloc'   File ""/home/hanan/Projects/python/bscs24001-project1.py"", line 25, in <module>     temp_train = boston.iloc[i:train_end, :]                 ^^^^^^^^^^^ AttributeError: 'numpy.ndarray' object has no attribute 'iloc'",exception has occurred attributeerror numpy ndarray object has no attribute iloc file home hanan projects python bscs24001 project1 py line 25 in module temp train boston iloc i train end attributeerror numpy ndarray object has no attribute iloc,2026-04-06 22:52:01,0,38,2
generate seed.sql,generate seedsql,2026-02-23 00:59:04,0,2,1
"How to manage theorist&#39;s &quot;labbook&quot;?,Educational",how to manage theorist 39 s labbook educational,1360880154,1,8,3
phir kehta 1000 lage ga,phir kehta 1000 lage ga,2025-08-20 21:53:00,0,5,0
"this is the way how i am making an object in main:     Person p('B', 112, ""Mujtaba Asim is still demonstrating a very long string."");  and the serialize function is giving the following output: this is the way how i am making an object in main:     Person p('B', 112, ""Mujtaba Asim is still demonstrating a very long string."");  and the serialize function is giving the following output: Bp7Mujtaba Asim is still demonstrating a very long string. is this correctis this correct",this is the way how i am making an object in main person p b 112 mujtaba asim is still demonstrating a very long string and the serialize function is giving the following output this is the way how i am making an object in main person p b 112 mujtaba asim is still demonstrating a very long string and the serialize function is giving the following output bp7mujtaba asim is still demonstrating a very long string is this correctis this correct,2025-05-17 10:13:31,0,82,2
Good morning tahir bhai,good morning tahir bhai,2025-05-27 09:10:00,0,4,0
what is the difference between superset and subset,what is the difference between superset and subset,2025-02-15 20:23:51,1,8,4
can you write a main() to check if my KDTree is working right with the all test cases required,can you write a main to check if my kdtree is working right with the all test cases required,2025-12-13 11:43:23,1,19,1
Je,je,2025-05-15 20:36:00,0,1,0
hanan@hanan-ThinkBook:~/Projects/python$ ls llama.py  ollama-env import ollama is not working,hanan hanan thinkbook projects python ls llama py ollama env import ollama is not working,2025-07-15 13:28:14,0,15,2
how to performs k-means clustering in python using matplotlib,how to performs kmeans clustering in python using matplotlib,2025-03-25 19:27:38,1,9,1
oka,oka,2025-08-20 21:49:00,0,1,0
Sher kya scene,sher kya scene,2025-09-13 10:13:00,0,3,0
"How can I overcome academic &quot;researcher&#39;s block&quot;?,Educational",how can i overcome academic researcher 39 s block educational,1549962572,1,10,3
where we store prev_leading ?,where we store prev leading,2026-04-18 16:49:49,1,5,4
"fixture.matchDateTime.hour.toString().padLeft(2, '0')}:${fixture.matchDateTime.minute.toString().padLeft(2, '0')  explain this",fixture matchdatetime hour tostring padleft 2 0 fixture matchdatetime minute tostring padleft 2 0 explain this,2025-11-30 15:27:01,0,16,2
Krte,krte,2025-03-05 18:43:00,0,1,0
"Why don&#39;t researchers publish failed experiments?,Educational",why don 39 t researchers publish failed experiments educational,1331787664,1,9,3
"How often do professors regret accepting particular graduate students (i.e., &quot;bad hires&quot;)?,Educational",how often do professors regret accepting particular graduate students i e bad hires educational,1476284123,1,14,3
i need to create a database first,i need to create a database first,2025-11-22 19:03:25,0,7,1
whats the cause of the problem?,whats the cause of the problem,2025-08-23 12:46:18,1,6,2
Save your trained model's state_dict() to file. Create a new instance of your model class you made in 2. and load in the state_dict() you just saved to it. Perform predictions on your test data with the loaded model and confirm they match the original model predictions from 4.,save your trained models statedict to file create a new instance of your model class you made in 2 and load in the statedict you just saved to it perform predictions on your test data with the loaded model and confirm they match the original model predictions from 4,2026-04-21 21:27:21,0,49,1
what if I do connection.release after commit?,what if i do connection release after commit,2026-03-12 00:37:00,1,8,4
Abhi nai keya,abhi nai keya,2025-03-08 15:47:00,0,3,0
Pind,pind,2025-08-18 11:55:00,0,1,0
"How do I know if I&#39;m good enough to be a math professor?,Educational",how do i know if i 39 m good enough to be a math professor educational,1391778715,1,16,3
"My PI is publicly humiliating me: Why would a PI do this and what can I do to mitigate the damage from this?,Educational",my pi is publicly humiliating me why would a pi do this and what can i do to mitigate the damage from this educational,1614790113,1,24,3
"node ./server.js [dotenv@17.3.1] injecting env (0) from .env -- tip: ⚙️  specify custom .env file path with { path: '/custom/path/.env' } [dotenv@17.3.1] injecting env (0) from .env -- tip: ⚙️  enable debug logging with { debug: true } /home/hanan/Projects/c++/SaaS-on-SaaS/node_modules/path-to-regexp/dist/index.js:96             throw new PathError(`Missing parameter name at index ${index}`, str);             ^  PathError [TypeError]: Missing parameter name at index 2: /*; visit https://git.new/pathToRegexpError for info     at name (/home/hanan/Projects/c++/SaaS-on-SaaS/node_modules/path-to-regexp/dist/index.js:96:19)     at parse (/home/hanan/Projects/c++/SaaS-on-SaaS/node_modules/path-to-regexp/dist/index.js:113:68)     at pathToRegexp (/home/hanan/Projects/c++/SaaS-on-SaaS/node_modules/path-to-regexp/dist/index.js:267:58)     at Object.match (/home/hanan/Projects/c++/SaaS-on-SaaS/node_modules/path-to-regexp/dist/index.js:237:30)     at matcher (/home/hanan/Projects/c++/SaaS-on-SaaS/node_modules/router/lib/layer.js:86:23)     at new Layer (/home/hanan/Projects/c++/SaaS-on-SaaS/node_modules/router/lib/layer.js:93:62)     at Function.use (/home/hanan/Projects/c++/SaaS-on-SaaS/node_modules/router/index.js:398:19)     at Function.<anonymous> (/home/hanan/Projects/c++/SaaS-on-SaaS/node_modules/express/lib/application.js:222:21)     at Array.forEach (<anonymous>)     at Function.use (/home/hanan/Projects/c++/SaaS-on-SaaS/node_modules/express/lib/application.js:219:7) {   originalPath: '/*' }  Node.js v18.19.1",node server js dotenv 17 3 1 injecting env 0 from env tip specify custom env file path with path custom path env dotenv 17 3 1 injecting env 0 from env tip enable debug logging with debug true home hanan projects c saas on saas node modules path to regexp dist index js 96 throw new patherror missing parameter name at index index str patherror typeerror missing parameter name at index 2 visit https git new pathtoregexperror for info at name home hanan projects c saas on saas node modules path to regexp dist index js 96 19 at parse home hanan projects c saas on saas node modules path to regexp dist index js 113 68 at pathtoregexp home hanan projects c saas on saas node modules path to regexp dist index js 267 58 at object match home hanan projects c saas on saas node modules path to regexp dist index js 237 30 at matcher home hanan projects c saas on saas node modules router lib layer js 86 23 at new layer home hanan projects c saas on saas node modules router lib layer js 93 62 at function use home hanan projects c saas on saas node modules router index js 398 19 at function anonymous home hanan projects c saas on saas node modules express lib application js 222 21 at array foreach anonymous at function use home hanan projects c saas on saas node modules express lib application js 219 7 originalpath node js v18 19 1,2026-03-11 23:20:30,0,255,2
stack around the variable board was corrupted. what is meant by this run time failure in c++,stack around the variable board was corrupted what is meant by this run time failure in c,2024-11-29 10:13:58,0,17,4
what is sparse graph?,what is sparse graph,2024-12-06 11:10:04,1,4,4
Han set he 🧢,han set he,2025-12-27 17:37:00,0,3,0
what iBGP and eBGP?,what ibgp and ebgp,2025-12-11 17:34:59,1,4,4
when we use adjaceny list and when we use adjacency matrix,when we use adjaceny list and when we use adjacency matrix,2025-12-24 12:54:22,1,11,4
Han bhai,han bhai,2025-12-27 18:24:00,0,2,0
write a bash script to generate a random password,write a bash script to generate a random password,2025-12-17 20:44:03,0,9,1
what does CX and DX do?,what does cx and dx do,2026-02-11 16:14:21,1,6,4
how to creates a custom painter to draw shapes in flutter,how to creates a custom painter to draw shapes in flutter,2025-03-13 09:14:29,1,11,1
you just have to write ui code using handle_request() accordingly,you just have to write ui code using handlerequest accordingly,2025-11-17 19:07:34,0,10,1
cant you correct the code i provided,cant you correct the code i provided,2026-02-19 13:09:09,1,7,1
what is a memory element and flip flop?,what is a memory element and flip flop,2025-06-02 15:34:58,1,8,4
"Student continuously makes insulting comments during my lecture - how do I handle him?,Educational",student continuously makes insulting comments during my lecture how do i handle him educational,1671318208,1,14,3
kia,kia,2025-05-21 14:40:00,0,1,0
"Why is it acceptable that publishers sell papers they didn’t pay for?,Educational",why is it acceptable that publishers sell papers they didn t pay for educational,1536594730,1,14,3
Bhai,bhai,2026-04-16 18:59:00,0,1,0
what is the difference between attribute and derived attribute?,what is the difference between attribute and derived attribute,2025-05-12 22:33:23,1,9,4
example of left outer join,example of left outer join,2025-02-16 21:34:01,0,5,4
what are unique_ptr and shared_ptr?,what are unique ptr and shared ptr,2025-03-17 22:24:32,1,7,4
"Why hold conferences in a resort town?,Educational",why hold conferences in a resort town educational,1486882650,1,8,3
implement a detect cycle in linked list in python,implement a detect cycle in linked list in python,2025-03-04 21:28:07,0,9,1
"How to balance the need for gender equality in seminar organisation with finding suitable presenters,Educational",how to balance the need for gender equality in seminar organisation with finding suitable presenters educational,1741641077,1,16,3
What is &quot;not assignable to parameter of type never&quot; error in TypeScript?,what is quot not assignable to parameter of type never quot error in typescript,2018-09-20 16:13:28,1,14,2
"Why are there no computer-friendly versions of papers?,Educational",why are there no computer friendly versions of papers educational,1505095169,1,10,3
Chalo,chalo,2025-07-29 13:19:00,0,1,0
"my terminal is giving error on ""make /f makefile.vc"" now what can i use instead of this",my terminal is giving error on make f makefile vc now what can i use instead of this,2024-10-29 22:03:21,0,18,2
"I feel like male professors don&#39;t feel comfortable taking me as a student. How should I address this problem?,Educational",i feel like male professors don 39 t feel comfortable taking me as a student how should i address this problem educational,1623683978,1,22,3
pip install mysql-python fails with EnvironmentError: mysql_config not found,pip install mysql python fails with environmenterror mysql config not found,2011-03-03 13:32:51,0,11,2
what is stoke theoram and where is it used,what is stoke theoram and where is it used,2025-05-30 23:15:50,1,9,4
"How to handle a student who will not accept that he is wrong?,Educational",how to handle a student who will not accept that he is wrong educational,1486954160,1,14,3
where is cryptography is used?,where is cryptography is used,2025-06-27 19:32:45,1,5,4
its giving error on line 112 main.dart:15:7: Error: Expected ';' after this.     MyWidget({super.key});           ^^ main.dart:16:5: Error: Non-nullable variable must be assigned.,its giving error on line 112 main dart 15 7 error expected after this mywidget super key main dart 16 5 error non nullable variable must be assigned,2026-03-09 23:20:47,0,28,2
what is -128 in bytes,what is 128 in bytes,2025-12-09 11:48:15,1,5,4
why its giving error on line 112,why its giving error on line 112,2025-09-15 19:38:58,1,7,2
Zruri he,zruri he,2025-11-10 13:28:00,0,2,0
UnicodeEncodeError: &#39;ascii&#39; codec can&#39;t encode character u&#39;\xa0&#39; in position 20: ordinal not in range(128),unicodeencodeerror 39 ascii 39 codec can 39 t encode character u 39 xa0 39 in position 20 ordinal not in range 128,2012-03-30 17:06:41,0,22,2
Sher,sher,2025-10-17 14:44:00,0,1,0
"How to silence the voice that tells you you&#39;re being financially irresponsible by spending 4 to 6 years doing a PhD?,Educational",how to silence the voice that tells you you 39 re being financially irresponsible by spending 4 to 6 years doing a phd educational,1506983622,1,24,3
what is tridiagonal matrix,what is tridiagonal matrix,2025-02-22 14:04:36,1,4,4
Jiyoo,jiyoo,2025-12-28 00:25:00,0,1,0
whats wrong with this code,whats wrong with this code,2025-12-16 03:44:54,1,5,2
"parent = {     (start, ACTIONS[0]) : (-1,-1,-1) } Exception has occurred: TypeError unhashable type: 'list'   File ""/home/hanan/Projects/python/bscs24001_ai_assignment1.py"", line 55, in <module>     (start, ACTIONS[0]) : (-1,-1,-1)  }  frontier.put((start,ACTIONS[0]))          ^^^^^^^^^^^^^^^^^^^^^^^^^^^^^^^^^^^^^^^^^^^^^^^^^^^^^^^^^^^^^^^^ TypeError: unhashable type: 'list'",parent start actions 0 1 1 1 exception has occurred typeerror unhashable type list file home hanan projects python bscs24001 ai assignment1 py line 55 in module start actions 0 1 1 1 frontier put start actions 0 typeerror unhashable type list,2025-09-23 15:37:19,0,42,2
rsync -av --dry-run /home/hanan/Projects/c++/sem-project ubuntu@3.25.181.27:/home/ubuntu/ ubuntu@3.25.181.27: Permission denied (publickey). rsync: connection unexpectedly closed (0 bytes received so far) [sender] rsync error: unexplained error (code 255) at io.c(232) [sender=3.2.7],rsync av dry run home hanan projects c sem project ubuntu 3 25 181 27 home ubuntu ubuntu 3 25 181 27 permission denied publickey rsync connection unexpectedly closed 0 bytes received so far sender rsync error unexplained error code 255 at io c 232 sender 3 2 7,2026-01-01 21:12:46,0,49,2
in A = QR what is R?,in a qr what is r,2025-05-28 23:12:57,1,6,4
np.array,np array,2024-12-03 17:02:42,0,2,4
Chudhryyyyy,chudhryyyyy,2025-08-21 19:07:00,0,1,0
write a program to monitor cpu usage using fork,write a program to monitor cpu usage using fork,2025-02-08 09:03:47,0,9,1
what are permutation matrices,what are permutation matrices,2025-02-22 14:56:22,1,4,4
"How to react when professor wrongly corrects you in public?,Educational",how to react when professor wrongly corrects you in public educational,1459120260,1,11,3
is this error?,is this error,2024-12-17 07:01:44,1,3,2
what is meant by errorno operation not permitted,what is meant by errorno operation not permitted,2025-09-21 22:47:34,1,8,2
what are the general structures for writing a formal email,what are the general structures for writing a formal email,2026-03-31 14:00:07,1,10,4
but i have checked line by line debugging k+1 never goes more than 9 and nums.size() = 10,but i have checked line by line debugging k 1 never goes more than 9 and nums size 10,2025-08-23 12:55:45,0,19,2
ITS GIVING ERROR IN LINE1,its giving error in line1,2025-02-13 14:46:42,0,5,2
what is meant by memory element,what is meant by memory element,2025-06-03 14:29:29,1,6,4
"node ./server.js node:internal/modules/cjs/loader:1215   throw err;   ^  Error: Cannot find module '/home/backend-vm/two-tier-app/server.js'     at Module._resolveFilename (node:internal/modules/cjs/loader:1212:15)     at Module._load (node:internal/modules/cjs/loader:1043:27)     at Function.executeUserEntryPoint [as runMain] (node:internal/modules/run_main:164:12)     at node:internal/main/run_main_module:28:49 {   code: 'MODULE_NOT_FOUND',   requireStack: [] }  Node.js v20.19.4",node server js node internal modules cjs loader 1215 throw err error cannot find module home backend vm two tier app server js at module resolvefilename node internal modules cjs loader 1212 15 at module load node internal modules cjs loader 1043 27 at function executeuserentrypoint as runmain node internal modules run main 164 12 at node internal main run main module 28 49 code module not found requirestack node js v20 19 4,2025-11-22 19:32:07,0,74,2
G bhau,g bhau,2025-05-24 12:11:00,0,2,0
stars bars theoram,stars bars theoram,2024-12-06 11:20:55,0,3,4
Fr,fr,2024-10-06 18:58:00,0,1,0
what is mysql_native_password because I havent set any,what is mysql native password because i havent set any,2025-11-24 13:08:43,1,10,4
terminate called after throwing an instance of 'TypeError: Cant destructure property of 'undefined'',terminate called after throwing an instance of typeerror cant destructure property of undefined,2025-05-27 13:46:40,0,13,2
it is saying TypeError:this_signalHandler is null,it is saying typeerror this signalhandler is null,2025-07-12 23:02:58,0,8,2
Bismilah,bismilah,2025-07-29 14:10:00,0,1,0
is this error?,is this error,2025-04-21 15:48:59,1,3,2
What are the correct version numbers for C#?,what are the correct version numbers for c,2008-10-29 23:09:40,1,8,2
Naaah,naaah,2025-07-25 16:05:00,0,1,0
"python3 ui.py Traceback (most recent call last):   File ""/home/hanan/Projects/c++/sem-project/ui.py"", line 269, in <module>     ft.app(target=main, view=ft.WEB_BROWSER)                              ^^^^^^^^^^^^^^ AttributeError: module 'flet' has no attribute 'WEB_BROWSER'",python3 ui py traceback most recent call last file home hanan projects c sem project ui py line 269 in module ft app target main view ft web browser attributeerror module flet has no attribute web browser,2025-12-30 22:23:02,0,37,2
Samee,samee,2026-03-19 08:44:00,0,1,0
terminate called after throwing an instance of 'ValueError: invalid literal for int() with base 10',terminate called after throwing an instance of valueerror invalid literal for int with base 10,2025-02-22 17:25:21,0,15,2
what if I also need count,what if i also need count,2026-02-19 14:34:58,1,6,4
"How should I proceed when a (famous) professor says I&#39;m not good enough for research?,Educational",how should i proceed when a famous professor says i 39 m not good enough for research educational,1593335126,1,18,3
what could be the problem here,what could be the problem here,2025-03-07 17:01:02,1,6,2
"Write in pseudocode or C++ code (preferably) given a binary search tree how will you add the functionality of the Update function which should receive a key K value as parameter and another value U and update the value K to U, making sure that the tree must remain the binary search tree. without deletion",write in pseudocode or c code preferably given a binary search tree how will you add the functionality of the update function which should receive a key k value as parameter and another value u and update the value k to u making sure that the tree must remain the binary search tree without deletion,2025-10-24 18:50:28,0,55,1
Baat sun,baat sun,2024-12-18 16:53:00,0,2,0
Jbh,jbh,2025-09-09 19:21:00,0,1,0
"now write a main() for server.cpp that will accept a string from client of TCP socket where the queue_timeout is 30 and max_connctions are 20, in this you should use a Request struct that will make a request from clients request message and put it in a queue",now write a main for servercpp that will accept a string from client of tcp socket where the queuetimeout is 30 and maxconnctions are 20 in this you should use a request struct that will make a request from clients request message and put it in a queue,2025-11-16 12:54:22,0,48,1
Kya scene,kya scene,2025-12-29 23:10:00,0,2,0
offsetting an html anchor to adjust for fixed header,offsetting an html anchor to adjust for fixed header,2012-05-24 12:04:12,0,9,2
this has compiler error saying that fatal error: Python.h: No such file or directory,this has compiler error saying that fatal error python h no such file or directory,2025-11-08 07:59:34,0,15,2
derivative of cosht?,derivative of cosht,2025-05-13 13:38:46,1,3,4
how to generates a random password in python using matplotlib,how to generates a random password in python using matplotlib,2025-12-08 07:32:17,1,10,1
what is step 5 and further,what is step 5 and further,2026-04-11 18:36:14,1,6,4
what is the limit in fourier transform,what is the limit in fourier transform,2025-05-30 22:23:45,1,7,4
"How can I proof-read my own work more effectively?,Educational",how can i proof read my own work more effectively educational,1433413279,1,11,3
"Given an array, find the majority element (element appearing more than n/2 times) using divide & conquer.",given an array find the majority element element appearing more than n2 times using divide conquer,2026-03-30 23:03:33,0,16,1
Jeooo,jeooo,2025-10-14 16:36:00,0,1,0
"How is it in my best interest not to submit a paper to two journals simultaneously?,Educational",how is it in my best interest not to submit a paper to two journals simultaneously educational,1410003129,1,17,3
"Design a weather forecast app that predicts weather conditions for the current day and the next 7 days by calling the weather API. Here is the user interface of the app you have to design 1. Search bar in which we will type the name of any city in the world. When we press Enter after writing the city name, we will get the weather of that city and information about the country in which it is situated. 2- Use weather icons for clouds, sun, and different weather conditions. 3- write sky condition and temperature 4. After that, write the wind speed, humidity, and max temperature of the day with icons 5-in the bottom, add a scrolling view of cards that show the weather for the next 7 days.",design a weather forecast app that predicts weather conditions for the current day and the next 7 days by calling the weather api here is the user interface of the app you have to design 1 search bar in which we will type the name of any city in the world when we press enter after writing the city name we will get the weather of that city and information about the country in which it is situated 2 use weather icons for clouds sun and different weather conditions 3 write sky condition and temperature 4 after that write the wind speed humidity and max temperature of the day with icons 5in the bottom add a scrolling view of cards that show the weather for the next 7 days,2025-11-19 09:40:50,0,129,1
Inshallah ni,inshallah ni,2025-09-19 09:50:00,0,2,0
"xecuting task: g++ -g -std=c++17 /home/hanan/Projects/c++/lab4/main.cpp -o /home/hanan/Projects/c++/lab4/main   /usr/bin/ld: /tmp/cc0LicpG.o: in function `main': /home/hanan/Projects/c++/lab4/main.cpp:6:(.text+0x4f): undefined reference to `eval_in(std::__cxx11::basic_string<char, std::char_traits<char>, std::allocator<char> >)' /usr/bin/ld: /home/hanan/Projects/c++/lab4/main.cpp:7:(.text+0xbc): undefined reference to `eval_pre(std::__cxx11::basic_string<char, std::char_traits<char>, std::allocator<char> >)'   *  The terminal process ""/usr/bin/bash '-c', 'g++ -g -std=c++17 /home/hanan/Projects/c++/lab4/main.cpp -o /home/hanan/Projects/c++/lab4/main'"" terminated with exit code: 1.   *  Terminal will be reused by tasks, press any key to close it.",xecuting task g g std c 17 home hanan projects c lab4 main cpp o home hanan projects c lab4 main usr bin ld tmp cc0licpg o in function main home hanan projects c lab4 main cpp 6 text 0x4f undefined reference to eval in std cxx11 basic string char std char traits char std allocator char usr bin ld home hanan projects c lab4 main cpp 7 text 0xbc undefined reference to eval pre std cxx11 basic string char std char traits char std allocator char the terminal process usr bin bash c g g std c 17 home hanan projects c lab4 main cpp o home hanan projects c lab4 main terminated with exit code 1 terminal will be reused by tasks press any key to close it,2025-09-17 15:02:44,0,130,2
"How to avoid being falsely accused of harassment by a student?,Educational",how to avoid being falsely accused of harassment by a student educational,1509406559,1,12,3
"When a user enters my website he have to select a plan in order to use sql editor, Now would i need webhooks?",when a user enters my website he have to select a plan in order to use sql editor now would i need webhooks,2026-03-09 02:14:13,1,23,4
"How to deal with a student who most likely has a mental condition, and keeps arguing with me in class?,Educational",how to deal with a student who most likely has a mental condition and keeps arguing with me in class educational,1456311021,1,21,3
whats the problem with the flutter widget,whats the problem with the flutter widget,2026-02-25 02:08:29,1,7,2
what does sudo reboot do?,what does sudo reboot do,2025-11-24 16:49:13,1,5,4
"void ConvolutionSum(cahr* file1, char* file2, char* result);",void convolutionsum cahr file1 char file2 char result,2024-11-25 10:02:04,0,8,4
"Why do you need to study a subject at a university level to teach it at a high school?,Educational",why do you need to study a subject at a university level to teach it at a high school educational,1518988798,1,20,3
Thank you,thank you,2024-03-27 18:59:00,0,2,0
create a bash script that calculate sha256 hash of a file,create a bash script that calculate sha256 hash of a file,2024-11-11 22:13:22,0,11,1
"────────────────────────── Traceback (most recent call last) ───────────────────────────   /home/hanan/Projects/c++/sem-project/venv/lib/python3.12/site-packages/streamlit/run     time/scriptrunner/exec_code.py:129 in exec_func_with_error_handling                                                                                                               /home/hanan/Projects/c++/sem-project/venv/lib/python3.12/site-packages/streamlit/run     time/scriptrunner/script_runner.py:671 in code_to_exec                                                                                                               /home/hanan/Projects/c++/sem-project/venv/lib/python3.12/site-packages/streamlit/run     time/metrics_util.py:531 in wrapped_func                ──────────────────────────────────────────────────────────────────────────────────────── StreamlitDuplicateElementKey: There are multiple elements with the same `key='open_'`.  To fix this, please make sure that the `key` argument is unique for each element you  create.",traceback most recent call last home hanan projects c sem project venv lib python3 12 site packages streamlit run time scriptrunner exec code py 129 in exec func with error handling home hanan projects c sem project venv lib python3 12 site packages streamlit run time scriptrunner script runner py 671 in code to exec home hanan projects c sem project venv lib python3 12 site packages streamlit run time metrics util py 531 in wrapped func streamlitduplicateelementkey there are multiple elements with the same key open to fix this please make sure that the key argument is unique for each element you create,2025-12-31 13:15:24,0,104,2
give me a python code example for calculates mean of a list,give me a python code example for calculates mean of a list,2025-08-03 13:11:44,0,12,1
aur han,aur han,2025-06-14 00:06:00,0,2,0
Bhaiiii,bhaiiii,2025-12-27 19:30:00,0,1,0
"i am trying to pass 2 dimensional array of name arr ""    find(arr, row,col , start1, start2, end1, end2); "" why this is not working",i am trying to pass 2 dimensional array of name arr find arr row col start1 start2 end1 end2 why this is not working,2024-11-02 20:35:58,0,24,2
Geo,geo,2025-08-22 11:04:00,0,1,0
Allah ka shukr ha,allah ka shukr ha,2025-06-14 22:56:00,0,4,0
what are the pros and cons of DV and LS?,what are the pros and cons of dv and ls,2025-12-16 09:42:21,1,10,4
Can I catch multiple Java exceptions in the same catch clause?,can i catch multiple java exceptions in the same catch clause,2010-08-16 23:07:03,1,11,2
you have to write the code for Update and delete,you have to write the code for update and delete,2026-03-11 01:53:18,0,10,1
Error:java: javacTask: source release 8 requires target release 1.8,error java javactask source release 8 requires target release 1 8,2015-04-27 11:24:28,0,11,2
"How to split two papers that Google Scholar incorrectly thinks are the same paper?,Educational",how to split two papers that google scholar incorrectly thinks are the same paper educational,1423794634,1,15,3
give me a c++ code for implements a doubly linked list using stl,give me a c code for implements a doubly linked list using stl,2025-03-05 17:03:09,0,13,1
"How to respond to a professor who was insulted by an email detailing mistakes in the exercise?,Educational",how to respond to a professor who was insulted by an email detailing mistakes in the exercise educational,1485688282,1,18,3
Koi chakar nhi he,koi chakar nhi he,2025-06-21 15:40:00,0,4,0
provide an algorithm to print a 10 by 10 matrix using spiral search which starts from centre and go through all indeces,provide an algorithm to print a 10 by 10 matrix using spiral search which starts from centre and go through all indeces,2025-02-06 17:05:51,0,22,1
give me some replacement of strcpy,give me some replacement of strcpy,2025-05-22 12:59:30,0,6,4
use numpy to performs k-means clustering,use numpy to performs kmeans clustering,2025-07-28 19:59:19,0,6,1
psql: FATAL: database &quot;&lt;user&gt;&quot; does not exist,psql fatal database quot lt user gt quot does not exist,2013-07-14 00:18:24,0,11,2
Ghaata hogya,ghaata hogya,2025-07-25 15:42:00,0,2,0
can you write a function that will read an image in bytes or pixels,can you write a function that will read an image in bytes or pixels,2026-04-11 17:22:07,1,14,1
Exception has occurred: Null check operator used on a null value,exception has occurred null check operator used on a null value,2024-12-26 08:27:43,0,11,2
"i want to make a script in ubuntu such that it commands to open a browser and search the given link and open that tab, can I do this?",i want to make a script in ubuntu such that it commands to open a browser and search the given link and open that tab can i do this,2025-07-12 13:26:41,1,29,1
Sanjay dutt 💥,sanjay dutt,2025-07-31 15:46:00,0,2,0
write a python function to train a svm classifier for ml,write a python function to train a svm classifier for ml,2026-02-14 00:03:45,0,11,1
"Why do students go for a PhD even when chances of getting academic jobs on its completion are slim?,Educational",why do students go for a phd even when chances of getting academic jobs on its completion are slim educational,1518365184,1,20,3
write a sql query to get products where price between 10 and 100 using join,write a sql query to get products where price between 10 and 100 using join,2026-01-15 10:08:06,0,15,1
grub-install: warning: EFI variables cannot be set on this system. grub-install: earning: You will have to complete the GRUB setup manually.  Installation finished. No error repoted.,grub install warning efi variables cannot be set on this system grub install earning you will have to complete the grub setup manually installation finished no error repoted,2025-07-25 15:17:43,0,28,2
What is the difference between left shift and right shift operations in a shift register?,what is the difference between left shift and right shift operations in a shift register,2025-06-04 11:53:01,1,15,4
write a sql trigger to join employees and departments on dept_id,write a sql trigger to join employees and departments on deptid,2026-04-06 20:51:35,0,11,1
Mai laga hon soone,mai laga hon soone,2025-10-13 15:19:00,0,4,0
Assalamualaikum,assalamualaikum,2024-08-11 01:26:00,0,1,0
"How can a new PhD Student objectively evaluate how well they are doing?,Educational",how can a new phd student objectively evaluate how well they are doing educational,1452098449,1,14,3
x^-n where n is odd?,x n where n is odd,2024-11-05 23:26:35,1,6,4
"How should I deal with discouragement looking at others success?,Educational",how should i deal with discouragement looking at others success educational,1389089797,1,11,3
Chal thek ha,chal thek ha,2024-06-23 21:09:00,0,3,0
use torchvision to implement gradient descent from scratch,use torchvision to implement gradient descent from scratch,2025-03-16 07:18:09,0,8,1
"How to sign your email to students, so to avoid their immature behavior?,Educational",how to sign your email to students so to avoid their immature behavior educational,1392263610,1,14,3
Rabbo aayi fair,rabbo aayi fair,2025-05-25 16:13:00,0,3,0
What is the response code we get for the FTP message 'Login successful'?,what is the response code we get for the ftp message login successful,2026-04-09 23:29:52,1,13,4
Meri,meri,2025-11-05 23:19:00,0,1,0
can u write a sql query to backup database using mysqldump 1. First requirement here 2. Second requirement here 3. Third requirement here,can u write a sql query to backup database using mysqldump 1 first requirement here 2 second requirement here 3 third requirement here,2025-05-15 16:54:54,1,23,1
create the main in simplest way also create shuffled sequence in simplest form inside the main,create the main in simplest way also create shuffled sequence in simplest form inside the main,2025-10-03 23:34:39,0,16,1
"when i use writeToFile() and readFromFile() I wrote node at index 0 but when I call getFirstUsedBlock() it gives 7 instead of 0, where as if I direct file.write(node) and file.read(node) getFirstUsedBlock() gives 0",when i use writetofile and readfromfile i wrote node at index 0 but when i call getfirstusedblock it gives 7 instead of 0 where as if i direct file write node and file read node getfirstusedblock gives 0,2025-12-09 11:25:20,1,38,4
"when I write an SQL INSERT, UPDATE and DLETE instruction do they return something?",when i write an sql insert update and dlete instruction do they return something,2026-03-12 03:18:47,1,14,4
kr rha ch,kr rha ch,2025-05-25 16:26:00,0,3,0
generate random location in data frame,generate random location in data frame,2024-11-21 10:27:26,0,6,4
"How to handle lecturer who doesn&#39;t let me use my phone?,Educational",how to handle lecturer who doesn 39 t let me use my phone educational,1541104081,1,14,3
Jeooo,jeooo,2025-04-26 12:57:00,0,1,0
"How do I reassure myself that I am a worthy candidate for a tenure-track position, when department would likely have interviewed me even if I wasn&#39;t?,Educational",how do i reassure myself that i am a worthy candidate for a tenure track position when department would likely have interviewed me even if i wasn 39 t educational,1480820798,1,30,3
what does matrix/norm does?,what does matrix norm does,2026-01-28 15:20:16,1,5,4
How can I redirect Windows cmd standard output and standard error to a single file?,how can i redirect windows cmd standard output and standard error to a single file,2009-09-14 17:20:41,1,15,2
"Should I explain to the graduate admission committee why I am older than most prospective PhD students?,Educational",should i explain to the graduate admission committee why i am older than most prospective phd students educational,1415019324,1,18,3
Yaad rakhna,yaad rakhna,2025-09-10 22:00:00,0,2,0
when I applied try catch at the time 1 client is failed all the remaining says: Connection Failed: Connection refused,when i applied try catch at the time 1 client is failed all the remaining says connection failed connection refused,2025-09-07 15:37:16,1,20,2
"POST /api/v1/pay Input: sessionn_id.Find the subscription_id using active status and client_is, insert the an entry in Invoice and Payment table  Remember after login, every request should be verified from UserSession table using session_id and get user_id and client_id. Than I have to check if there is any invoice of this company whose overdue is < 7 days than I should set the canAccessEditor of this session_id to true.",post apiv1pay input sessionnidfind the subscriptionid using active status and clientis insert the an entry in invoice and payment table remember after login every request should be verified from usersession table using sessionid and get userid and clientid than i have to check if there is any invoice of this company whose overdue is 7 days than i should set the canaccesseditor of this sessionid to true,2026-03-11 05:25:10,0,67,1
can u modify this flutter code to implements dark mode toggle,can u modify this flutter code to implements dark mode toggle,2024-10-27 21:21:54,1,11,1
Yahan sab sorted scene ha,yahan sab sorted scene ha,2025-10-17 21:15:00,0,5,0
terminate called after throwing an instance of 'Error: Non-nullable variable must be assigned before it can be used',terminate called after throwing an instance of error non nullable variable must be assigned before it can be used,2024-11-03 23:07:36,0,19,2
you dont need to write Inode you just have to write the file entries and users as they are at the file also the content in the files as they are when we do fs_format,you dont need to write inode you just have to write the file entries and users as they are at the file also the content in the files as they are when we do fsformat,2025-11-11 22:44:09,0,35,1
use torch to load a pre-trained resnet,use torch to load a pretrained resnet,2025-09-25 04:44:57,0,7,1
"node ./server.js [dotenv@17.3.1] injecting env (0) from .env -- tip: ⚡️ secrets for agents: https://dotenvx.com/as2 [dotenv@17.3.1] injecting env (0) from .env -- tip: ⚙️  enable debug logging with { debug: true } Server running on port 3000 [Signup] Error: {   message: ""Access denied for user ''@'localhost' (using password: NO)"",   stack: ""Error: Access denied for user ''@'localhost' (using password: NO)\n"" +     '    at Packet.asError (/home/hanan/Projects/c++/SaaS-on-SaaS/node_modules/mysql2/lib/packets/packet.js:788:17)\n' +     '    at Socket.emit (node:events:517:28)\n' +     '    at addChunk (node:internal/streams/readable:368:12)\n' +     '    at readableAddChunk (node:internal/streams/readable:341:9)\n' +     '    at Readable.push (node:internal/streams/readable:278:10)',   company_email: 'test@testcorp.com' } Unhandled error: TypeError: Cannot read properties of undefined (reading 'code')     at createErrorResponse (/home/hanan/Projects/c++/SaaS-on-SaaS/backend/error_handling.js:139:29)     at signup (/home/hanan/Projects/c++/SaaS-on-SaaS/backend/authentication.js:508:37)     at process.processTicksAndRejections (node:internal/process/task_queues:95:5) TypeError: Cannot read properties of undefined (reading 'code')     at createErrorResponse (/home/hanan/Projects/c++/SaaS-on-SaaS/backend/error_handling.js:139:29)     at /home/hanan/Projects/c++/SaaS-on-SaaS/backend/server.js:81:26     at Layer.handleError (/home/hanan/Projects/c++/SaaS-on-SaaS/node_modules/router/lib/layer.js:116:17)     at /home/hanan/Projects/c++/SaaS-on-SaaS/node_modules/router/index.js:297:9",node server js dotenv 17 3 1 injecting env 0 from env tip secrets for agents https dotenvx com as2 dotenv 17 3 1 injecting env 0 from env tip enable debug logging with debug true server running on port 3000 signup error message access denied for user localhost using password no stack error access denied for user localhost using password no n at packet aserror home hanan projects c saas on saas node modules mysql2 lib packets packet js 788 17 n at socket emit node events 517 28 n at addchunk node internal streams readable 368 12 n at readableaddchunk node internal streams readable 341 9 n at readable push node internal streams readable 278 10 company email test testcorp com unhandled error typeerror cannot read properties of undefined reading code at createerrorresponse home hanan projects c saas on saas backend error handling js 139 29 at signup home hanan projects c saas on saas backend authentication js 508 37 at process processticksandrejections node internal process task queues 95 5 typeerror cannot read properties of undefined reading code at createerrorresponse home hanan projects c saas on saas backend error handling js 139 29 at home hanan projects c saas on saas backend server js 81 26 at layer handleerror home hanan projects c saas on saas node modules router lib layer js 116 17 at home hanan projects c saas on saas node modules router index js 297 9,2026-03-11 23:26:43,0,241,2
A to aa hi jaye ga na,a to aa hi jaye ga na,2025-08-21 19:10:00,0,7,0
it is giving error at loop: and jne loop?,it is giving error at loop and jne loop,2026-02-08 15:39:13,1,9,2
Use DataFrame.dropna() drops any rows that have missing data (create a new data Frame):,use dataframedropna drops any rows that have missing data create a new data frame,2024-11-28 09:26:00,0,14,1
Automatic exit from Bash shell script on error,automatic exit from bash shell script on error,2010-05-20 09:21:53,0,8,2
whats the error in this code,whats the error in this code,2024-11-02 18:14:19,1,6,2
"char arr[] = """";",char arr,2024-11-06 08:46:08,0,2,4
Dealing with &quot;java.lang.OutOfMemoryError: PermGen space&quot; error,dealing with quot java lang outofmemoryerror permgen space quot error,2008-09-18 04:13:48,0,10,2
how to use local storage to save data in javascript,how to use local storage to save data in javascript,2026-01-08 05:14:44,1,10,1
what is all 1s in hex,what is all 1s in hex,2025-11-28 15:43:26,1,6,4
could there be problem in parameters of handle_request()?,could there be problem in parameters of handle request,2025-09-23 22:18:57,1,9,2
"[Query] System error: {   message: 'item.join.forEach is not a function',",query system error message item join foreach is not a function,2026-03-12 02:22:18,0,11,2
"My PhD defense is next week and I am having negative thoughts about my work and knowledge. Any advice on how to tackle this?,Educational",my phd defense is next week and i am having negative thoughts about my work and knowledge any advice on how to tackle this educational,1573985173,1,25,3
"How to suggest reviewers for a journal?,Educational",how to suggest reviewers for a journal educational,1370491521,1,8,3
Achaw,achaw,2024-03-30 23:04:00,0,1,0
can u write a c++ program that tells the strength of a password and tell user what changes can be make to make it strong,can u write a c program that tells the strength of a password and tell user what changes can be make to make it strong,2024-10-22 19:49:40,1,25,1
what are the two eliminations types names,what are the two eliminations types names,2025-03-14 15:46:34,1,7,4
what is a dangling pointer,what is a dangling pointer,2025-05-26 14:53:50,1,5,4
how to use implements a binary search tree in c++,how to use implements a binary search tree in c,2025-01-10 07:06:46,1,10,1
"Why does grade inflation seem to be so severe in the USA?,Educational",why does grade inflation seem to be so severe in the usa educational,1429889824,1,13,3
Yu,yu,2024-07-10 13:36:00,0,1,0
"num sum(num a,num b) => return a+b; whats the error",num sum num a num b return a b whats the error,2025-09-29 10:40:43,0,12,2
"How to overcome difficulties of social interaction at my first academic conference,Educational",how to overcome difficulties of social interaction at my first academic conference educational,1496315738,1,13,3
"node ./backend/server.js node:internal/modules/cjs/loader:1137   throw err;   ^  Error: Cannot find module '/home/hanan/two-tier-app/backend/backend/server.js'     at Module._resolveFilename (node:internal/modules/cjs/loader:1134:15)     at Module._load (node:internal/modules/cjs/loader:975:27)     at Function.executeUserEntryPoint [as runMain] (node:internal/modules/run_main:128:12)     at node:internal/main/run_main_module:28:49 {   code: 'MODULE_NOT_FOUND',   requireStack: [] }  Node.js v18.19.1",node backend server js node internal modules cjs loader 1137 throw err error cannot find module home hanan two tier app backend backend server js at module resolvefilename node internal modules cjs loader 1134 15 at module load node internal modules cjs loader 975 27 at function executeuserentrypoint as runmain node internal modules run main 128 12 at node internal main run main module 28 49 code module not found requirestack node js v18 19 1,2025-11-22 11:37:28,0,76,2
what are the applications of assembly?,what are the applications of assembly,2026-02-02 11:52:03,1,6,4
In it,in it,2025-09-26 22:29:00,0,2,0
"Whether and how to thank a girlfriend or boyfriend in the acknowledgements of thesis?,Educational",whether and how to thank a girlfriend or boyfriend in the acknowledgements of thesis educational,1423434356,1,15,3
in z transform nU[n] = ?,in z transform nu n,2025-05-13 13:59:16,1,5,4
Ukkonen&#39;s suffix tree algorithm in plain English,ukkonen 39 s suffix tree algorithm in plain english,2012-02-26 16:30:09,0,9,2
"Task 3: Implementing Decision Trees Requirements: 1. Import DecisionTreeClassifier from sklearn.tree. 2. Train a tree with criterion='gini' and max_depth=5. 3. Compare the results to a ""fully grown"" tree (where max_depth=None). 4. Visualization: Use sklearn.tree.plot_tree to visualize the first 3 levels of your trained tree.",task 3 implementing decision trees requirements 1 import decisiontreeclassifier from sklearntree 2 train a tree with criteriongini and maxdepth5 3 compare the results to a fully grown tree where maxdepthnone 4 visualization use sklearntreeplottree to visualize the first 3 levels of your trained tree,2026-03-12 12:37:00,0,44,1
"How do I handle a &quot;fake&quot; co-author?,Educational",how do i handle a fake co author educational,1580419714,1,9,3
what is the main idea of count sort,what is the main idea of count sort,2026-03-30 23:25:52,1,8,4
Terminal appearance,terminal appearance,2025-07-14 11:38:58,0,2,4
Mein raste mein hu,mein raste mein hu,2025-09-03 08:23:00,0,4,0
inshallah,inshallah,2025-08-20 21:52:00,0,1,0
write a c++ function to implements a stack using templates,write a c function to implements a stack using templates,2026-01-30 21:02:01,0,10,1
what is tabulation method used for?,what is tabulation method used for,2025-03-22 05:57:51,1,6,4
"Is there a standard function to check for null, undefined, or blank variables in JavaScript?",is there a standard function to check for null undefined or blank variables in javascript,2011-04-01 20:14:24,1,15,2
sudo systemctl stop libvirtd [sudo] password for hanan:  Failed to stop libvirtd.service: Unit libvirtd.service not loaded.,sudo systemctl stop libvirtd sudo password for hanan failed to stop libvirtd service unit libvirtd service not loaded,2025-11-08 14:13:57,0,18,2
what does set pin do in flip flops?,what does set pin do in flip flops,2025-05-18 13:57:41,1,8,4
okk,okk,2026-03-12 02:19:00,0,1,0
implement a dijkstra's algorithm data structure,implement a dijkstras algorithm data structure,2026-01-06 12:57:04,0,6,1
"How to react when a team of colleagues obviously made up some results?,Educational",how to react when a team of colleagues obviously made up some results educational,1492460591,1,14,3
"ListView.builder(                 itemCount: selectedList.length,                 itemBuilder: (context, index) {                   return GestureDetector(                     onLongPress: (){                       selectedList.removeAt(index);                     },                   child: ListTile(                     leading: Icon(Icons.search),                     title: Text(selectedList[index]),),                   );                 },               ), whats the error",listview builder itemcount selectedlist length itembuilder context index return gesturedetector onlongpress selectedlist removeat index child listtile leading icon icons search title text selectedlist index whats the error,2025-10-29 04:23:05,0,27,2
"Write down a python program that takes three features as input (from user) in an array and corresponding weights (W_taste, W_seeds, W_skin ) are set to zero initially and output in (Good_Fruit=1 or Not_Good_Fruit=0). Calculate expected output for each provided input and update weights using Delta Rule. Learning Rate=0.2 and Threshold=0.5",write down a python program that takes three features as input from user in an array and corresponding weights wtaste wseeds wskin are set to zero initially and output in goodfruit1 or notgoodfruit0 calculate expected output for each provided input and update weights using delta rule learning rate02 and threshold05,2024-12-03 16:49:14,0,50,1
Poyon oil,poyon oil,2025-07-31 16:06:00,0,2,0
error: Unable to find vcvarsall.bat,error unable to find vcvarsall bat,2010-05-12 15:24:35,0,6,2
write sql query to create a view for active users,write sql query to create a view for active users,2026-03-26 11:31:19,0,10,1
what are oscillations in dijkstra algorithm,what are oscillations in dijkstra algorithm,2025-12-11 15:19:25,1,6,4
Abay nallay 😭😭,abay nallay,2025-09-13 11:32:00,0,2,0
"The GRE: Why does this still exist?,Educational",the gre why does this still exist educational,1376264814,1,8,3
Hanjee,hanjee,2025-07-09 17:31:00,0,1,0
"How to respond to intentional lack of citation?,Educational",how to respond to intentional lack of citation educational,1410404750,1,9,3
"How can one differentiate between Dr. (PhD) and Dr. (MD or DO)?,Educational",how can one differentiate between dr phd and dr md or do educational,1414584576,1,13,3
Acha acha,acha acha,2024-03-23 15:52:00,0,2,0
Khair mubarak,khair mubarak,2025-03-31 07:52:00,0,2,0
What is a clearfix?,what is a clearfix,2011-12-19 00:02:44,1,4,2
"Why do most scientists think Brexit is bad for British science?,Educational",why do most scientists think brexit is bad for british science educational,1532411966,1,12,3
"Task 5: The Comparison Table Create a final summary comparing the performance of the models you have explored so far. Requirements: for all tasks in which I said that I will use that particular method, don't ask me if I am sure to do them like that. Since I am saying so, implement them that way. 1. Run the following models on your split: ○ KNN (K = 5) ○ Decision Tree (Depth = 5) ○ Decision Tree (Full Depth) 2. Record Training Accuracy, Test Accuracy and Execution Time (using the time library). 3. Print the table in a clean format.",task 5 the comparison table create a final summary comparing the performance of the models you have explored so far requirements for all tasks in which i said that i will use that particular method dont ask me if i am sure to do them like that since i am saying so implement them that way 1 run the following models on your split knn k 5 decision tree depth 5 decision tree full depth 2 record training accuracy test accuracy and execution time using the time library 3 print the table in a clean format,2026-03-12 12:57:53,0,96,1
"Why do universities tolerate uploading papers on their websites?,Educational",why do universities tolerate uploading papers on their websites educational,1368434682,1,10,3
what is sequence database object?,what is sequence database object,2025-05-12 23:29:29,1,5,4
rook castling in chess,rook castling in chess,2025-01-03 15:00:29,0,4,4
Kidhr,kidhr,2025-07-25 14:08:00,0,1,0
"How to acknowledge a MathOverflow user?,Educational",how to acknowledge a mathoverflow user educational,1523414013,1,7,3
"Why would a student go to a lecture at all if everything was in the book already?,Educational",why would a student go to a lecture at all if everything was in the book already educational,1489123924,1,18,3
isnt the WriteCallBack() is built-in?,isnt the writecallback is built in,2024-10-28 12:02:58,1,6,4
Sherr,sherr,2025-06-21 15:14:00,0,1,0
K-Means Clustering,k means clustering,2024-11-06 10:49:12,0,3,4
error: externally-managed-environment,error externally managed environment,2025-07-13 18:43:04,0,4,2
implement a rest api with render a list of items in node.js,implement a rest api with render a list of items in nodejs,2026-01-15 11:34:37,0,12,1
"How to professionally handle sexist remarks by a student?,Educational",how to professionally handle sexist remarks by a student educational,1480292244,1,10,3
"How should I admit a teaching mistake without losing authority?,Educational",how should i admit a teaching mistake without losing authority educational,1635899062,1,11,3
what is the return value of curl_easy_init(),what is the return value of curl easy init,2024-10-27 23:08:35,1,9,4
Please,please,2025-06-04 13:01:00,0,1,0
How do I use Assert to verify that an exception has been thrown with MSTest?,how do i use assert to verify that an exception has been thrown with mstest,2009-06-01 11:01:53,1,15,2
"How can I withdraw a publication from a predatory (fake) journal and resubmit to a legitimate journal?,Educational",how can i withdraw a publication from a predatory fake journal and resubmit to a legitimate journal educational,1393283306,1,18,3
"How do I overcome fear of rejection when writing academic papers?,Educational",how do i overcome fear of rejection when writing academic papers educational,1347882069,1,12,3
implement a rest api with connect to mongodb database in node.js,implement a rest api with connect to mongodb database in nodejs,2026-01-08 23:37:25,0,11,1
give me a c++ code for implements a stack using templates using stl,give me a c code for implements a stack using templates using stl,2026-01-22 17:51:33,0,13,1
the issue is in clock restart i have checked the clock value by printing it after clk.restart() its value becomes 0 but in next frame it will continue further not with the even i have passed the clock by reference,the issue is in clock restart i have checked the clock value by printing it after clk restart its value becomes 0 but in next frame it will continue further not with the even i have passed the clock by reference,2025-05-20 12:12:55,0,41,2
mysql> CREATE USER 'appuser'@'localhost' IDENTIFIED BY 'appuser'; ERROR 1396 (HY000): Operation CREATE USER failed for 'appuser'@'localhost',mysql create user appuser localhost identified by appuser error 1396 hy000 operation create user failed for appuser localhost,2026-03-11 23:54:27,0,18,2
its giving error on line 10,its giving error on line 10,2025-03-11 17:13:49,0,6,2
bhool jata hu,bhool jata hu,2025-05-22 21:11:00,0,3,0
Koi scene ni,koi scene ni,2026-04-21 11:02:00,0,3,0
column_mode2 = df['Region'].mode()[0],column mode2 df region mode 0,2024-12-05 10:08:19,0,6,4
implement a rest api with implement server-side rendering in node.js 1. First requirement here 2. Second requirement here 3. Third requirement here,implement a rest api with implement serverside rendering in nodejs 1 first requirement here 2 second requirement here 3 third requirement here,2024-11-16 15:27:56,0,22,1
can you Write a driver program to test all the given requirements are fulfilled,can you write a driver program to test all the given requirements are fulfilled,2025-08-22 20:45:49,1,14,1
Nope,nope,2025-07-21 16:06:00,0,1,0
whether a number is even or not,whether a number is even or not,2024-11-09 09:40:38,0,7,4
"whats the difference between mov bx, num1 and lea bx, [num1] ?",whats the difference between mov bx num1 and lea bx num1,2026-04-03 22:57:38,1,11,4
whats the role of addresses here,whats the role of addresses here,2025-11-22 16:57:51,1,6,4
"path, cycle and walk",path cycle and walk,2024-12-24 11:29:57,0,4,4
A+ mushkil ha,a mushkil ha,2025-08-21 19:10:00,0,3,0
Good idea,good idea,2025-06-21 15:31:00,0,2,0
any square,any square,2024-10-25 20:47:34,0,2,4
write a pytorch script to plot training loss curve,write a pytorch script to plot training loss curve,2025-03-22 06:18:23,0,9,1
ab to band hogya hoga,ab to band hogya hoga,2025-02-10 21:53:00,0,5,0
write sql query to add a column to existing table,write sql query to add a column to existing table,2025-09-27 11:26:09,0,10,1
in system extensions ubuntu dock is not working,in system extensions ubuntu dock is not working,2025-07-12 22:59:51,0,8,2
give an example of implementing adapter pattern,give an example of implementing adapter pattern,2026-04-02 23:59:47,0,7,1
chuddhryyyyyy,chuddhryyyyyy,2025-05-22 15:02:00,0,1,0
what does pip compile and pip sync do?,what does pip compile and pip sync do,2026-04-02 21:34:42,1,8,4
"Create a training and testing loop to fit the model you created in 2 to the data you created in 1. To measure model accuracy, you can create your own accuracy function or use the accuracy function in TorchMetrics. Train the model for long enough for it to reach over 96% accuracy. The training loop should output progress every 10 epochs of the model's training and test set loss and accuracy.",create a training and testing loop to fit the model you created in 2 to the data you created in 1 to measure model accuracy you can create your own accuracy function or use the accuracy function in torchmetrics train the model for long enough for it to reach over 96 accuracy the training loop should output progress every 10 epochs of the models training and test set loss and accuracy,2026-04-22 16:59:25,0,71,1
"Unhandled error: Error: Transaction characteristics can't be changed while a transaction is in progress     at PromisePoolConnection.query (/home/hanan/Projects/c++/SaaS-on-SaaS/node_modules/mysql2/lib/promise/connection.js:29:22)     at login (/home/hanan/Projects/c++/SaaS-on-SaaS/backend/authentication.js:184:30) {   code: 'ER_CANT_CHANGE_TX_CHARACTERISTICS',   errno: 1568,   sql: 'SET TRANSACTION ISOLATION LEVEL READ COMMITTED',   sqlState: '25001',   sqlMessage: ""Transaction characteristics can't be changed while a transaction is in progress"" }",unhandled error error transaction characteristics can t be changed while a transaction is in progress at promisepoolconnection query home hanan projects c saas on saas node modules mysql2 lib promise connection js 29 22 at login home hanan projects c saas on saas backend authentication js 184 30 code er cant change tx characteristics errno 1568 sql set transaction isolation level read committed sqlstate 25001 sqlmessage transaction characteristics can t be changed while a transaction is in progress,2026-03-12 00:48:38,0,78,2
can i use ctime_s instead of ctime,can i use ctime s instead of ctime,2025-05-14 11:08:14,1,8,4
done,done,2025-04-12 19:48:00,1,1,0
"How common is it to inadvertently &quot;reinvent the wheel&quot; in academia?,Educational",how common is it to inadvertently reinvent the wheel in academia educational,1358726248,1,12,3
"Why would a professor (say in pure math) want to take PhD students?,Educational",why would a professor say in pure math want to take phd students educational,1518577643,1,14,3
write a c++ program to implement depth first search,write a c program to implement depth first search,2024-12-14 04:32:48,0,9,1
write a python script to generates a random password,write a python script to generates a random password,2026-04-05 07:24:53,0,9,1
done,done,2025-04-12 19:43:00,1,1,0
"How can I determine whether a student has written an excellent paper themselves, or hired someone else to do it?,Educational",how can i determine whether a student has written an excellent paper themselves or hired someone else to do it educational,1394830296,1,21,3
create a flutter app with uses shared preferences to save data,create a flutter app with uses shared preferences to save data,2026-03-15 10:23:43,0,11,1
"How should an advisor handle an underperforming PhD student?,Educational",how should an advisor handle an underperforming phd student educational,1532422687,1,10,3
Done,done,2025-07-07 11:15:00,1,1,0
which model requires 4gb of ram?,which model requires 4gb of ram,2025-07-16 20:59:56,1,6,4
"Can game theory explain grade inflation?,Educational",can game theory explain grade inflation educational,1318445914,1,7,3
Je bhai,je bhai,2025-05-18 20:40:00,0,2,0
implement a perform data augmentation algorithm in python,implement a perform data augmentation algorithm in python,2025-09-16 13:46:00,0,8,1
MySQL error code: 1175 during UPDATE in MySQL Workbench,mysql error code 1175 during update in mysql workbench,2012-07-12 13:44:39,0,9,2
Assalam-o-Alaikum,assalamoalaikum,2025-06-14 00:00:00,0,1,0
"Why don&#39;t most academic conferences make their budget publicly available?,Educational",why don 39 t most academic conferences make their budget publicly available educational,1446745398,1,13,3
W/System  (27094): Ignoring header X-Firebase-Locale because its value was null. E/RecaptchaCallWrapper(27094): Initial task failed for action RecaptchaAction(action=signUpPassword)with exception - An internal error has occurred. [ CONFIGURATION_NOT_FOUND ] D/InputConnectionAdaptor(27094): The input method toggled cursor monitoring off,w system 27094 ignoring header x firebase locale because its value was null e recaptchacallwrapper 27094 initial task failed for action recaptchaaction action signuppassword with exception an internal error has occurred configuration not found d inputconnectionadaptor 27094 the input method toggled cursor monitoring off,2025-11-27 01:11:55,0,44,2
"How to get cited and how to boost the impact of one&#39;s work?,Educational",how to get cited and how to boost the impact of one 39 s work educational,1400758697,1,16,3
implement a flutter widget to creates a custom painter to draw shapes,implement a flutter widget to creates a custom painter to draw shapes,2025-01-04 02:25:06,0,12,1
Full famous,full famous,2025-07-31 16:26:00,0,2,0
write a c program to compress file using zlib,write a c program to compress file using zlib,2024-11-15 12:04:05,0,9,1
do you know about othello game,do you know about othello game,2024-11-27 19:54:46,1,6,4
"How do mathematicians conduct research?,Educational",how do mathematicians conduct research educational,1418278026,1,6,3
how to use pthreads for multithreading in linux terminal,how to use pthreads for multithreading in linux terminal,2025-11-02 17:28:07,1,9,1
"Why doesn&#39;t academia incorporate spaced repetition in higher education?,Educational",why doesn 39 t academia incorporate spaced repetition in higher education educational,1463915587,1,12,3
can u write a c++ program that tells the strength of a password and tell user what changes can be make to make it strong,can u write a c program that tells the strength of a password and tell user what changes can be make to make it strong,2024-10-22 19:49:40,1,25,1
Comeback,comeback,2026-03-19 08:44:00,0,1,0
'fizz'  i want to print it with quotes,fizz i want to print it with quotes,2024-11-14 09:48:15,0,8,4
"How to handle possibly subtly flirtatious emails from students?,Educational",how to handle possibly subtly flirtatious emails from students educational,1418481087,1,10,3
can u write a c++ program that reverses a linked list in place,can u write a c program that reverses a linked list in place,2025-12-16 03:35:12,1,13,1
"Why don&#39;t researchers request payment for refereeing?,Educational",why don 39 t researchers request payment for refereeing educational,1462369668,1,10,3
write the complete function again,write the complete function again,2025-11-12 14:00:49,0,5,1
"Editor rejected manuscript claiming it is similar to a not-yet-published manuscript (that I haven&#39;t seen). How to proceed?,Educational",editor rejected manuscript claiming it is similar to a not yet published manuscript that i haven 39 t seen how to proceed educational,1522021657,1,23,3
what is meant by sequential circuits,what is meant by sequential circuits,2025-06-03 14:28:59,1,6,4
implement a simple shell that compress file using zlib,implement a simple shell that compress file using zlib,2025-05-01 15:24:07,0,9,1
"How do I get an email alert when my paper is cited?,Educational",how do i get an email alert when my paper is cited educational,1429634579,1,13,3
what does dynamic_cast does?,what does dynamic cast does,2025-12-04 22:40:26,1,5,4
Bismillah,bismillah,2025-10-13 15:18:00,0,1,0
"How are Ph.D. applications evaluated in the US, particularly for weak or borderline students? Am I likely to get into school X?,Educational",how are ph d applications evaluated in the us particularly for weak or borderline students am i likely to get into school x educational,1423059036,1,24,3
"When / how should I ask about a manuscript&#39;s status in review?,Educational",when how should i ask about a manuscript 39 s status in review educational,1332819745,1,14,3
Koi scene nhi ch,koi scene nhi ch,2025-05-29 12:10:00,0,4,0
"xdg-open ./index.html Command 'xdg-open' not found, but can be installed with: sudo apt install xdg-utils frontend-vm@frontend-vm:~/two-tier-app/frontend$ sudo apt install xdg-utlis Error: Unable to locate package xdg-utlis",xdg open index html command xdg open not found but can be installed with sudo apt install xdg utils frontend vm frontend vm two tier app frontend sudo apt install xdg utlis error unable to locate package xdg utlis,2025-11-24 15:46:04,0,39,2
"Why do Russian and Israeli universities score low in various world rankings?,Educational",why do russian and israeli universities score low in various world rankings educational,1432868230,1,13,3
"E: Failed to fetch http://archive.ubuntu.com/ubuntu/pool/main/m/mesa/libegl1-mesa-dev_24.2.8-1ubuntu1%7e24.04.1_amd64.deb  404  Not Found [IP: 185.125.190.83 80] E: Failed to fetch http://security.ubuntu.com/ubuntu/pool/main/g/gdk-pixbuf/libgdk-pixbuf-2.0-dev_2.42.10%2bdfsg-3ubuntu3.1_amd64.deb  404  Not Found [IP: 185.125.190.83 80] E: Unable to fetch some archives, maybe run apt-get update or try with --fix-missing?",e failed to fetch http archive ubuntu com ubuntu pool main m mesa libegl1 mesa dev 24 2 8 1ubuntu1 7e24 04 1 amd64 deb 404 not found ip 185 125 190 83 80 e failed to fetch http security ubuntu com ubuntu pool main g gdk pixbuf libgdk pixbuf 2 0 dev 2 42 10 2bdfsg 3ubuntu3 1 amd64 deb 404 not found ip 185 125 190 83 80 e unable to fetch some archives maybe run apt get update or try with fix missing,2025-08-20 10:10:21,1,86,2
&quot;Uncaught SyntaxError: Cannot use import statement outside a module&quot; when importing ECMAScript 6,quot uncaught syntaxerror cannot use import statement outside a module quot when importing ecmascript 6,2019-10-03 08:20:04,0,15,2
if i install plank will i be able to make my dock like macos?,if i install plank will i be able to make my dock like macos,2025-07-13 12:08:03,1,14,4
"Do r&#233;sum&#233;s written in LaTeX show more promise when applying to graduate schools?,Educational",do r 233 sum 233 s written in latex show more promise when applying to graduate schools educational,1429754515,1,18,3
Git is not working after macOS update (&quot;xcrun: error: invalid active developer path (/Library/Developer/CommandLineTools&quot;),git is not working after macos update quot xcrun error invalid active developer path library developer commandlinetools quot,2018-09-26 21:43:18,0,18,2
Hann,hann,2025-08-13 18:14:00,0,1,0
Really sorry,really sorry,2025-11-13 23:52:00,0,2,0
how to use listens on port 8080 for socket programming,how to use listens on port 8080 for socket programming,2026-04-20 21:49:44,1,10,1
in projection what is the difference between p and P,in projection what is the difference between p and p,2025-04-17 19:35:53,0,10,4
oka,oka,2025-05-16 17:10:00,0,1,0
Gg,gg,2025-03-15 15:15:00,0,1,0
"Why has the time spent studying declined so sharply in the United States over the the past few decades?,Educational",why has the time spent studying declined so sharply in the united states over the the past few decades educational,1452371435,1,20,3
CREATE A database naming student_db,create a database naming studentdb,2025-11-25 13:52:39,0,5,1
it didnt fixed the issue it has the same problem,it didnt fixed the issue it has the same problem,2025-05-20 11:50:41,0,10,2
how to use random forest for regression using pytorch,how to use random forest for regression using pytorch,2024-11-24 22:09:53,1,9,1
Par daady k jaanne waale,par daady k jaanne waale,2025-07-31 16:13:00,0,5,0
Give an example of anonymous function,give an example of anonymous function,2025-09-30 08:13:11,0,6,1
what are multimodal models?,what are multimodal models,2026-04-02 18:40:42,1,4,4
error: error: failed to push some refs to 'github.com/...',error error failed to push some refs to github com,2025-09-22 02:46:31,0,10,2
can i change scrolling speed that is with two fingers,can i change scrolling speed that is with two fingers,2025-07-12 20:19:50,1,10,4
"How do I deal with crying in front of my supervisor?,Educational",how do i deal with crying in front of my supervisor educational,1712565924,1,12,3
what does np.linalg.norm returns,what does np linalg norm returns,2026-01-28 15:19:05,1,6,4
"write script for power point slide that includes animation and my topic is ""password strength checker""",write script for power point slide that includes animation and my topic is password strength checker,2024-10-24 13:23:28,0,16,1
sudo mysql ERROR 1524 (HY000): Plugin 'mysql_native_password' is not loaded,sudo mysql error 1524 hy000 plugin mysql native password is not loaded,2025-11-24 13:32:33,0,12,2
what is snapshot?,what is snapshot,2025-05-12 23:25:43,1,3,4
"Write a function applyOperation that takes: 1. Two integers. 2. A function as a parameter that defines the operation (add, subtract, multiply). Call applyOperation for different operations.",write a function applyoperation that takes 1 two integers 2 a function as a parameter that defines the operation add subtract multiply call applyoperation for different operations,2025-09-10 08:42:23,0,27,1
write a flutter main.dart that implements dark mode toggle,write a flutter maindart that implements dark mode toggle,2025-03-31 05:51:14,0,9,1
Done,done,2025-08-19 05:30:00,1,1,0
"Why are journals used in modern scientific academic research?,Educational",why are journals used in modern scientific academic research educational,1489848845,1,10,3
use numpy to detects faces using opencv,use numpy to detects faces using opencv,2025-01-29 16:33:40,0,7,1
The data members and functions of a class in C++ are by default?,the data members and functions of a class in c are by default,2025-03-18 11:43:41,1,13,4
"How hard do early-career academics in the United States work, really?,Educational",how hard do early career academics in the united states work really educational,1363036756,1,13,3
Ch,ch,2025-08-22 11:04:00,0,1,0
"How to react to a student’s panic attack in an oral exam?,Educational",how to react to a student s panic attack in an oral exam educational,1677660814,1,14,3
Ash kr phir,ash kr phir,2026-04-21 20:29:00,0,3,0
Jaffar bhai,jaffar bhai,2025-03-05 18:37:00,0,2,0
Create a VehicleDynamics struct that has these functions for each task: ■ void computeVelocityFromOdometer(Odometer reading file) //Draw graph of velocity with respect to time using odometer reading ■ void computeAccelerationFromOdometer(Odometer reading file) //Draw graph of acceleration with respect to time using odometer reading ■ void computeAccelerationFromSpeedometer(speedometer reading file) //Draw graph of acceleration with respect to time using speedometer reading ■ void computePositionFromSpeedometer(speedometer reading file) //Draw graph of total distance covered with respect to time using speedometer reading ■ void computePositionFromAccelerometer(Accelerometer reading file) //Draw graph of distance with respect to time using Accelerometer reading ■ void computeVelocityFromAccelerometer(Accelerometer reading file)  //Draw graph of velocity with respect to time using accelerometer reading ■ bool detectAccident() ■ bool determineAirbagDeployment(),create a vehicledynamics struct that has these functions for each task void computevelocityfromodometerodometer reading file draw graph of velocity with respect to time using odometer reading void computeaccelerationfromodometerodometer reading file draw graph of acceleration with respect to time using odometer reading void computeaccelerationfromspeedometerspeedometer reading file draw graph of acceleration with respect to time using speedometer reading void computepositionfromspeedometerspeedometer reading file draw graph of total distance covered with respect to time using speedometer reading void computepositionfromaccelerometeraccelerometer reading file draw graph of distance with respect to time using accelerometer reading void computevelocityfromaccelerometeraccelerometer reading file draw graph of velocity with respect to time using accelerometer reading bool detectaccident bool determineairbagdeployment,2024-12-26 21:09:42,0,107,1
write a c++ program to implement knapsack problem,write a c program to implement knapsack problem,2025-03-07 12:54:57,0,8,1
Shukria,shukria,2025-02-19 10:17:00,0,1,0
Okk,okk,2024-05-15 14:20:00,0,1,0
"How to effectively deal with Imposter Syndrome and feelings of inadequacy: &quot;I&#39;ve somehow convinced everyone that I&#39;m actually good at this&quot;,Educational",how to effectively deal with imposter syndrome and feelings of inadequacy i 39 ve somehow convinced everyone that i 39 m actually good at this educational,1376018498,1,26,3
what could be the rollback conditions in my project?,what could be the rollback conditions in my project,2026-03-09 02:25:22,1,9,4
"How should I deal with very negative feedback from some students?,Educational",how should i deal with very negative feedback from some students educational,1488966127,1,12,3
write a sql query to add a column to existing table using join,write a sql query to add a column to existing table using join,2025-10-15 03:26:44,0,13,1
"--------------------------------------------------------------------------- ValueError                                Traceback (most recent call last) /tmp/ipykernel_25900/2457466754.py in <cell line: 0>()      15       16     logits = model(X_train) ---> 17     loss = loss_fn(logits, y_train)  3 frames /usr/local/lib/python3.12/dist-packages/torch/nn/functional.py in binary_cross_entropy(input, target, weight, size_average, reduce, reduction) -> 3564         raise ValueError(    3565             f""Using a target size ({target.size()}) that is different to the input size ({input.size()}) is deprecated. ""    3566             ""Please ensure they have the same size.""  ValueError: Using a target size (torch.Size([800, 1, 1])) that is different to the input size (torch.Size([800, 1])) is deprecated. Please ensure they have the same size.",valueerror traceback most recent call last tmp ipykernel 25900 2457466754 py in cell line 0 15 16 logits model x train 17 loss loss fn logits y train 3 frames usr local lib python3 12 dist packages torch nn functional py in binary cross entropy input target weight size average reduce reduction 3564 raise valueerror 3565 f using a target size target size that is different to the input size input size is deprecated 3566 please ensure they have the same size valueerror using a target size torch size 800 1 1 that is different to the input size torch size 800 1 is deprecated please ensure they have the same size,2026-04-22 17:14:55,0,112,2
what is a relational database?,what is a relational database,2026-03-31 22:58:16,1,5,4
What is the difference between struct and class in C++?,what is the difference between struct and class in c,2025-03-18 11:52:24,1,10,4
write a react component that connect to mongodb database,write a react component that connect to mongodb database,2024-12-14 14:28:25,0,9,1
when I do commit does the transaction characteristics does not change to null?,when i do commit does the transaction characteristics does not change to null,2026-03-12 00:34:24,1,13,4
Official comeback loading,official comeback loading,2025-12-04 22:42:00,0,3,0
this has error,this has error,2025-02-09 15:36:23,0,3,2
"Part B — Implement class RandomForestClassifier: __init__(n_estimators=10, max_features=None) — store parameters fit(X, y) — if max_features is None, set it to floor(sqrt(n_features)). Then repeat n_estimators times: bootstrap sample, train a DecisionStumpRF, store it. predict(X) — majority vote from all stumps feature_importance(feature_names) — count how many times each feature was selected as the best split across all stumps. Convert to percentages and print sorted from most to least important.",part b implement class randomforestclassifier initnestimators10 maxfeaturesnone store parameters fitx y if maxfeatures is none set it to floorsqrtnfeatures then repeat nestimators times bootstrap sample train a decisionstumprf store it predictx majority vote from all stumps featureimportancefeaturenames count how many times each feature was selected as the best split across all stumps convert to percentages and print sorted from most to least important,2026-03-06 14:20:21,0,63,1
"children: ListView.builder(                 itemCount: values.length,                 itemBuilder: (context, index){                   return Row(               mainAxisAlignment: MainAxisAlignment.spaceBetween,               children: [                 Container(                   child: Text(values[index]),                 ),                 Checkbox(                   value: vals[index],                     onChanged: (bool? val){                       setState(() {                                               vals[index]=val;                                             });                     },                   ),             );                                                 ), whats the problem",children listview builder itemcount values length itembuilder context index return row mainaxisalignment mainaxisalignment spacebetween children container child text values index checkbox value vals index onchanged bool val setstate vals index val whats the problem,2025-10-29 19:20:40,1,34,2
what is a unit impulse function?,what is a unit impulse function,2025-05-31 09:35:05,1,6,4
Larai mai to sab jaiz,larai mai to sab jaiz,2025-07-31 16:10:00,0,5,0
whats the differnece between Form Field and Form?,whats the differnece between form field and form,2025-12-16 18:35:13,1,8,4
Jeo lala,jeo lala,2026-03-19 09:00:00,0,2,0
"How to toughen up against hostile students as a TA?,Educational",how to toughen up against hostile students as a ta educational,1511925743,1,11,3
write a react component that implement oauth2 login,write a react component that implement oauth2 login,2025-04-19 09:54:23,0,8,1
write a c++ main() to test writes data to a binary file,write a c main to test writes data to a binary file,2025-04-03 00:14:20,0,12,1
"here if ryu is in attack mode i set the box of whole png that is determined by the get_box() according the attack user has done that has the attack sprite  and this remains until the attck_status of that player is true and when it becomes false it come back to its normal motion in which i have set the sit box and jump box and further sprites in the whole png, but there is a small problem in this code, when a player done a attack its relative sprite is shown on screen while again coming back to normal behaviour from attack mode the sprite disappears for a little time",here if ryu is in attack mode i set the box of whole png that is determined by the get box according the attack user has done that has the attack sprite and this remains until the attck status of that player is true and when it becomes false it come back to its normal motion in which i have set the sit box and jump box and further sprites in the whole png but there is a small problem in this code when a player done a attack its relative sprite is shown on screen while again coming back to normal behaviour from attack mode the sprite disappears for a little time,2025-05-19 23:38:53,0,113,2
thank u chuddryyyyy jee for your guidance and support.I sincerely appreciate it.,thank u chuddryyyyy jee for your guidance and supporti sincerely appreciate it,2025-05-22 21:21:00,0,12,0
"How to get through the rigorous phase of PhD?,Educational",how to get through the rigorous phase of phd educational,1521562971,1,10,3
"files_grid.controls.append(             ft.Container(                 content=ft.Column(                     [ft.Icon(ft.Icons.ADD, size=40),                      ft.Text(""Create New File"")],                     alignment=""center"",                     horizontal_alignment=""center""                 ),                 bgcolor=ft.Colors.BLUE_GREY_800,                 border_radius=10,                 padding=20,                 on_click=lambda e: create_file_dialog()             )         ) this part is not working when I click on it",files grid controls append ft container content ft column ft icon ft icons add size 40 ft text create new file alignment center horizontal alignment center bgcolor ft colors blue grey 800 border radius 10 padding 20 on click lambda e create file dialog this part is not working when i click on it,2025-12-30 23:07:04,0,54,2
Baaki labaik,baaki labaik,2025-11-06 06:54:00,0,2,0
"Why do universities fund Ph.D. students in the sciences?,Educational",why do universities fund ph d students in the sciences educational,1463579268,1,11,3
"How should I deal with becoming discouraged as a graduate student?,Educational",how should i deal with becoming discouraged as a graduate student educational,1340929002,1,12,3
"Why use version control systems for writing a paper?,Educational",why use version control systems for writing a paper educational,1352955028,1,10,3
sherr,sherr,2026-04-20 22:32:00,0,1,0
write a javascript function to create a markdown editor,write a javascript function to create a markdown editor,2026-02-02 12:53:29,0,9,1
what is the purpose of headers,what is the purpose of headers,2024-10-27 23:29:52,1,6,4
write a c++ main() to test reads a file and counts words,write a c main to test reads a file and counts words,2026-01-30 17:37:17,0,12,1
"Create a simple screen TechChatScreen.dart with the following widgets: 1. TextField: For the user to type their question (use a TextEditingController). 2. ElevatedButton: Label it ""Ask Tech Expert"". 3. CircularProgressIndicator: Show this only while waiting for the API response. 4. Text Widget: To display the AI's answer (wrap this in a SingleChildScrollView",create a simple screen techchatscreendart with the following widgets 1 textfield for the user to type their question use a texteditingcontroller 2 elevatedbutton label it ask tech expert 3 circularprogressindicator show this only while waiting for the api response 4 text widget to display the ais answer wrap this in a singlechildscrollview,2025-11-19 09:23:21,0,52,1
What would be the decomposition of this relation based on the above MVD? Evaluate each resulting relation for the highest normal form it possesses.,what would be the decomposition of this relation based on the above mvd evaluate each resulting relation for the highest normal form it possesses,2026-04-01 00:41:33,1,24,4
write a complete python script,write a complete python script,2026-04-18 13:24:20,0,5,1
create a vue.js app that create a progressive web app,create a vuejs app that create a progressive web app,2025-04-07 05:02:39,0,10,1
"Create a loss function and optimizer using nn.L1Loss() and torch.optim.SGD(params, lr) respectively. Set the learning rate of the optimizer to be 0.01 and the parameters to optimize should be the model parameters from the model you created in 2. Write a training loop to perform the appropriate training steps for 300 epochs. The training loop should test the model on the test dataset every 20 epochs.",create a loss function and optimizer using nnl1loss and torchoptimsgdparams lr respectively set the learning rate of the optimizer to be 001 and the parameters to optimize should be the model parameters from the model you created in 2 write a training loop to perform the appropriate training steps for 300 epochs the training loop should test the model on the test dataset every 20 epochs,2026-04-21 21:19:33,0,66,1
what are the important concepts of curl and divergence,what are the important concepts of curl and divergence,2025-05-30 23:13:57,1,9,4
"SELECT * FROM AccessLog WHERE                                  user_id is IN(SELECT user_id From User Where client_id=?)  message: ""You have an error in your SQL syntax; check the manual that corresponds to your MySQL server version for the right syntax to use near 'IN(SELECT user_id From User Where client_id=2)' at line 2",select from accesslog where user id is in select user id from user where client id message you have an error in your sql syntax check the manual that corresponds to your mysql server version for the right syntax to use near in select user id from user where client id 2 at line 2,2026-03-12 01:11:42,1,55,2
"what if I use NATNetwork, does it will assign static IP everytime at same network",what if i use natnetwork does it will assign static ip everytime at same network,2025-11-22 13:16:55,1,15,4
"How to be efficient as a graduate student juggling classes, TA and research?,Educational",how to be efficient as a graduate student juggling classes ta and research educational,1445920669,1,14,3
is there any built in function that converts decimal to hexa in c++?,is there any built in function that converts decimal to hexa in c,2025-05-17 11:14:49,1,13,4
Why is null an object and what&#39;s the difference between null and undefined?,why is null an object and what 39 s the difference between null and undefined,2009-04-29 11:47:08,1,15,2
"Why do American colleges and universities have sports teams?,Educational",why do american colleges and universities have sports teams educational,1391109504,1,10,3
Kal le lena yad se*,kal le lena yad se,2025-09-16 21:32:00,0,5,0
"[Query] Operation: SELECT, Tables: [ { name: 'Customer', alias: null } ] Error modifying WHERE clause: TypeError: Cannot read properties of undefined (reading 'parse')     at injectTenantConditions (/home/hanan/Projects/c++/SaaS-on-SaaS/backend/sqlEditor.js:174:46)     at enforceTenantIsolation (/home/hanan/Projects/c++/SaaS-on-SaaS/backend/sqlEditor.js:214:29)",query operation select tables name customer alias null error modifying where clause typeerror cannot read properties of undefined reading parse at injecttenantconditions home hanan projects c saas on saas backend sqleditor js 174 46 at enforcetenantisolation home hanan projects c saas on saas backend sqleditor js 214 29,2026-03-12 00:58:18,0,48,2
write sql query toRetrieve all departments where location_id is not NULL.,write sql query toretrieve all departments where locationid is not null,2025-02-06 09:04:37,0,11,1
"i have implemented try catch and run server when i run experiment.sh first time it runs perfectly but when i run it second time the server crashed saying:   what():  [json.exception.parse_error.101] parse error at line 1, column 2: syntax error while parsing object key - unexpected end of input; expected string literal Handling request Aborted (core dumped)",i have implemented try catch and run server when i run experiment sh first time it runs perfectly but when i run it second time the server crashed saying what json exception parse error 101 parse error at line 1 column 2 syntax error while parsing object key unexpected end of input expected string literal handling request aborted core dumped,2025-09-07 15:16:43,0,60,2
"it is working correctly but there are a few issues, when I login again I dost not get actual file content because of the writeToDisk() and readToDisk(), I want implementation of them in such a way that a block is written just after OMNIHeader, user_table and FileEntries_table, and every block in file should have offset to next block that will help me maintain the file content correctly in file. Also the inode inside FileEntry tells us the offset of its data",it is working correctly but there are a few issues when i login again i dost not get actual file content because of the writetodisk and readtodisk i want implementation of them in such a way that a block is written just after omniheader usertable and fileentriestable and every block in file should have offset to next block that will help me maintain the file content correctly in file also the inode inside fileentry tells us the offset of its data,2025-11-12 00:54:18,0,81,1
"Why is it that adjunct faculty positions pay so little?,Educational",why is it that adjunct faculty positions pay so little educational,1386888727,1,11,3
what is divergence theoram and where is it used?,what is divergence theoram and where is it used,2025-05-30 23:19:42,1,9,4
is it an index?,is it an index,2025-05-22 16:25:43,1,4,4
what are the advantages and disadvantages of absolute loss,what are the advantages and disadvantages of absolute loss,2026-03-29 13:07:24,1,9,4
Chudhryyyy,chudhryyyy,2025-06-25 18:29:00,0,1,0
implement a sql query that update a record in users table,implement a sql query that update a record in users table,2026-02-08 15:40:26,0,11,1
Inshallah,inshallah,2025-03-26 18:53:00,0,1,0
"How to deal with a very weak student?,Educational",how to deal with a very weak student educational,1475122415,1,9,3
Hmm,hmm,2025-08-14 16:58:00,0,1,0
why this isnt working,why this isnt working,2025-03-19 20:50:40,1,4,2
Done scene,done scene,2025-04-13 19:08:00,1,2,0
G janemen,g janemen,2025-07-25 10:04:00,0,2,0
thk ha,thk ha,2025-03-25 23:17:00,0,2,0
now write a function that will properly test bound blocking queue according to my assignment requiremnets?,now write a function that will properly test bound blocking queue according to my assignment requiremnets,2025-09-06 17:56:47,1,16,1
when I stop mysql the server.js failed to connect to db,when i stop mysql the server js failed to connect to db,2025-11-25 14:23:41,1,12,4
write a python class for trains a linear regression model,write a python class for trains a linear regression model,2025-08-15 03:28:39,0,10,1
"How to argue against questionable research practices such as P-hacking and Harking?,Educational",how to argue against questionable research practices such as p hacking and harking educational,1450623914,1,14,3
Find no of flip flops to design the following mod 5 counter?,find no of flip flops to design the following mod 5 counter,2025-06-02 16:57:34,1,12,4
how to create a counter app in javascript,how to create a counter app in javascript,2024-12-22 14:39:39,1,8,1
what is difference between ryu attck and chun.attack(),what is difference between ryu attck and chun attack,2025-05-21 16:13:45,1,9,4
"Why does editor reject when reviewers recommend acceptance?,Educational",why does editor reject when reviewers recommend acceptance educational,1374669339,1,9,3
shortcut for restart,shortcut for restart,2025-07-14 10:48:33,0,3,4
when we use bins it uses the average of every group to label at y?,when we use bins it uses the average of every group to label at y,2026-02-12 14:02:10,1,15,4
"&quot;Academic time&quot;: why is 110 minutes called two hours?,Educational",academic time why is 110 minutes called two hours educational,1523134183,1,10,3
Aik serious matter ha,aik serious matter ha,2025-09-09 18:57:00,0,4,0
"How do academics reconcile simultaneously collaborating and competing with colleagues?,Educational",how do academics reconcile simultaneously collaborating and competing with colleagues educational,1359998404,1,11,3
naya,naya,2025-08-20 21:48:00,0,1,0
"Without accessing the code how can a reviewer confirm if the simulation results are correct?,Educational",without accessing the code how can a reviewer confirm if the simulation results are correct educational,1547050720,1,16,3
connect 3E:69:34:8C:F1:8B Attempting to connect to 3E:69:34:8C:F1:8B [CHG] Device 3E:69:34:8C:F1:8B Connected: yes [NST Power-3]# Failed to connect: org.bluez.Error.Failed br-connection-create-socket [CHG] Device 3E:69:34:8C:F1:8B Connected: no,connect 3e 69 34 8c f1 8b attempting to connect to 3e 69 34 8c f1 8b chg device 3e 69 34 8c f1 8b connected yes nst power 3 failed to connect org bluez error failed br connection create socket chg device 3e 69 34 8c f1 8b connected no,2025-09-14 22:23:26,0,51,2
./test_server.sh === Testing Server using AI assistant === Testing with queue type: static ./server: invalid option -- '-' ./server: invalid option -- '-' terminate called after throwing an instance of 'std::invalid_argument'   what():  stoul ./test_server.sh: line 6:  9257 Aborted                 (core dumped) ./server --queue=$queue_type --capacity=10 --workers=4 --port=8080 Connection Failed: Connection refused Connection Failed: Connection refused Connection Failed: Connection refused ./test_server.sh: line 20: kill: (9257) - No such process,test server sh testing server using ai assistant testing with queue type static server invalid option server invalid option terminate called after throwing an instance of std invalid argument what stoul test server sh line 6 9257 aborted core dumped server queue queue type capacity 10 workers 4 port 8080 connection failed connection refused connection failed connection refused connection failed connection refused test server sh line 20 kill 9257 no such process,2025-09-06 23:52:14,0,72,2
if eigen value of A is 2 what would be the eigen value of A^-1?,if eigen value of a is 2 what would be the eigen value of a 1,2025-05-16 11:28:34,1,16,4
find errors,find errors,2025-05-22 13:50:02,0,2,2
its giving error on File,its giving error on file,2025-11-05 09:44:52,0,5,2
Heiiiinnnnnnnm,heiiiinnnnnnnm,2025-12-07 14:17:00,0,1,0
write sql query to Show the employee_id and the concatenated first_name and last_name as &quot;Full Name&quot;. along with example table,write sql query to show the employeeid and the concatenated firstname and lastname as quotfull namequot along with example table,2025-02-06 12:35:20,0,20,1
what is regularization and when did it needed?,what is regularization and when did it needed,2026-03-30 14:03:59,1,8,4
|J2|=?,j2,2025-05-30 09:14:17,1,1,4
What is the correct way to check for string equality in JavaScript?,what is the correct way to check for string equality in javascript,2010-08-27 22:37:55,1,12,2
"Class: Cart o Contains a list to store products. o A method addProduct() to add a product into the cart. o A method applyDiscount() ▪ Takes a higher-order function to apply a discount (e.g., percentage or fixed amount). ▪ Includes an optional named parameter couponCode that adjusts the discount if provided.",class cart o contains a list to store products o a method addproduct to add a product into the cart o a method applydiscount takes a higherorder function to apply a discount eg percentage or fixed amount includes an optional named parameter couponcode that adjusts the discount if provided,2025-09-10 09:51:37,0,49,1
"How common is it for a paper to be wrong?,Educational",how common is it for a paper to be wrong educational,1435853890,1,11,3
"How is sexism unknowingly perpetrated in academia?,Educational",how is sexism unknowingly perpetrated in academia educational,1371125019,1,8,3
what is meant by A is diagonalizeable only if A has enough eigen vectors?,what is meant by a is diagonalizeable only if a has enough eigen vectors,2025-05-29 17:06:48,1,14,4
rewrite the whole class,rewrite the whole class,2025-12-08 13:13:10,0,4,1
"Student gives two different answers to one exam question, one right and one wrong. How should I mark/grade this?,Educational",student gives two different answers to one exam question one right and one wrong how should i mark grade this educational,1647409127,1,21,3
what is the difference between view and snapshot,what is the difference between view and snapshot,2025-05-24 13:06:22,1,8,4
Error in enforceTenantIsolation: TypeError: tableNames.map is not a function     const conditions = tableNames.map(tableName => {,error in enforcetenantisolation typeerror tablenames map is not a function const conditions tablenames map tablename,2026-03-12 02:55:20,0,15,2
"How can we promote better writing skills in academic education?,Educational",how can we promote better writing skills in academic education educational,1398345360,1,11,3
"How to handle an advisor who communicates badly and puts me in a bad position as a result?,Educational",how to handle an advisor who communicates badly and puts me in a bad position as a result educational,1401831065,1,19,3
"How does the college course 101 numbering system work?,Educational",how does the college course 101 numbering system work educational,1524822152,1,10,3
can i share .mkv file in whatsapp,can i share mkv file in whatsapp,2025-07-15 16:49:37,1,7,4
what if pip command is not working in vs code terminal after installing python,what if pip command is not working in vs code terminal after installing python,2024-11-11 12:30:54,1,14,2
git push -u origin main error: src refspec main does not match any error: failed to push some refs to 'https://github.com/Hananchudhary/SaaS-on-SaaS.git',git push u origin main error src refspec main does not match any error failed to push some refs to https github com hananchudhary saas on saas git,2026-03-12 03:29:29,0,28,2
"As a Head of Department, how can I make my faculty happier?,Educational",as a head of department how can i make my faculty happier educational,1538253544,1,13,3
Good morning SIR,good morning sir,2026-03-14 04:16:00,0,3,0
I.A kal koshish kru ga,ia kal koshish kru ga,2025-11-08 12:51:00,0,5,0
"3) GET /api/v1/tables Input: session_id. this will return all the tables in database except UserSession and Client tables, it will also show the datatype of a column along with its name. But it should only show results from Plan where client_id matches, Customer where client_id matches, User where client_id matches, Subscription where client_id matches, Invoice where subscription_id is in that client_id, Payment where invoice_id is in that subscription_id's, OverduePenalty where invoice_id is in that subscription_id's, AccessLog where user_id is in client_id's users.  now implement this functionality and make sure the following things: - i am using mysql - concurrency control - data protection",3 get apiv1tables input sessionid this will return all the tables in database except usersession and client tables it will also show the datatype of a column along with its name but it should only show results from plan where clientid matches customer where clientid matches user where clientid matches subscription where clientid matches invoice where subscriptionid is in that clientid payment where invoiceid is in that subscriptionids overduepenalty where invoiceid is in that subscriptionids accesslog where userid is in clientids users now implement this functionality and make sure the following things i am using mysql concurrency control data protection,2026-03-11 01:46:17,0,100,1
write an if i paste inside catch to convert this error into SESSION_ALREADY_ACTIVE error,write an if i paste inside catch to convert this error into sessionalreadyactive error,2026-03-10 21:05:40,0,14,1
what is OSPF link state advertisements?,what is ospf link state advertisements,2025-12-16 00:11:02,1,6,4
How do I get PHP errors to display?,how do i get php errors to display,2009-06-28 01:09:59,1,8,2
ERROR 1419 (HY000): You do not have the SUPER privilege and binary logging is enabled (you *might* want to use the less safe log_bin_trust_function_creators variable),error 1419 hy000 you do not have the super privilege and binary logging is enabled you might want to use the less safe log bin trust function creators variable,2026-03-12 00:23:43,0,29,2
phir,phir,2025-08-22 22:04:00,0,1,0
"Dismissed from PhD due to disability-related misconduct: how to answer question about dismissal?,Educational",dismissed from phd due to disability related misconduct how to answer question about dismissal educational,1507565900,1,15,3
Bhai,bhai,2024-07-20 23:09:00,0,1,0
what does parent[a:b] do?,what does parent a b do,2025-11-20 17:16:32,1,6,4
Samee,samee,2025-11-08 12:51:00,0,1,0
this has compiler error saying that Uncaught SyntaxError: Cant use import statement outside a module,this has compiler error saying that uncaught syntaxerror cant use import statement outside a module,2025-10-24 05:49:06,0,15,2
eulerian graphs,eulerian graphs,2024-12-24 11:37:02,0,2,4
Kych krne ko nhi he,kych krne ko nhi he,2025-12-21 04:11:00,0,5,0
what does module.exports do?,what does module exports do,2026-03-10 19:45:44,1,5,4
what wireshark do?,what wireshark do,2025-06-27 19:34:55,1,3,4
How do I check for an empty/undefined/null string in JavaScript?,how do i check for an empty undefined null string in javascript,2008-09-30 23:17:45,1,12,2
"Why do people say you shouldn&#39;t do a PhD unless you want a career in research?,Educational",why do people say you shouldn 39 t do a phd unless you want a career in research educational,1441295924,1,19,3
how to write attributes of a class in binary file. suppose the given class is: i have to change the serialize function in such a way that it stores the actual objects of class but not the pointer,how to write attributes of a class in binary file suppose the given class is i have to change the serialize function in such a way that it stores the actual objects of class but not the pointer,2025-05-17 09:58:58,1,38,1
"How to respond to a perplexing review?,Educational",how to respond to a perplexing review educational,1384724890,1,8,3
How can I determine if a variable is &#39;undefined&#39; or &#39;null&#39;?,how can i determine if a variable is 39 undefined 39 or 39 null 39,2010-04-15 23:12:16,1,15,2
"&quot;You are paid to answer my questions!&quot; - how to handle silly questions?,Educational",you are paid to answer my questions how to handle silly questions educational,1390928033,1,13,3
write a pytorch script to train a svm classifier,write a pytorch script to train a svm classifier,2025-05-14 02:27:00,0,9,1
Right,right,2025-08-21 19:23:00,0,1,0
"node server.js 🔧 Database Configuration: { host: 'localhost', user: 'root', database: 'student_db', port: 3306 } 🚀 Starting server initialization... cbcbc Environment: {   DB_HOST: 'localhost',   DB_USER: 'root',   DB_NAME: 'hanan',   DB_PORT: 'student_db' } ⏳ Database connection attempt 1/40 to localhost:3306 ❌ Database connection failed (attempt 1/40): ER_ACCESS_DENIED_NO_PASSWORD_ERROR - Access denied for user 'root'@'localhost'",node server js database configuration host localhost user root database student db port 3306 starting server initialization cbcbc environment db host localhost db user root db name hanan db port student db database connection attempt 1 40 to localhost 3306 database connection failed attempt 1 40 er access denied no password error access denied for user root localhost,2025-11-22 18:50:22,0,58,2
Han,han,2025-03-08 15:45:00,0,1,0
"How to resolve grading dispute between TA and Lecturer?,Educational",how to resolve grading dispute between ta and lecturer educational,1518830231,1,10,3
G bhai,g bhai,2024-12-02 20:40:00,0,2,0
what about converting a number of base 13 into decimal,what about converting a number of base 13 into decimal,2024-12-06 20:39:24,1,10,4
Nai,nai,2025-07-03 19:01:00,0,1,0
"Why are academics not paid royalties on published research papers in IEEE, ACM etc.?,Educational",why are academics not paid royalties on published research papers in ieee acm etc educational,1525208494,1,15,3
Butt bhai also done,butt bhai also done,2025-04-12 19:42:00,0,4,0
use flutter to takes picture using camera plugin,use flutter to takes picture using camera plugin,2025-07-01 19:20:44,0,8,1
List of lists changes reflected across sublists unexpectedly,list of lists changes reflected across sublists unexpectedly,2008-10-27 20:57:22,0,8,2
whats the problem with the flutter widget,whats the problem with the flutter widget,2025-10-06 17:51:17,1,7,2
"A: Implement find_best_split(X, y, weights=None,max_features=None) that: Iterates over all features For each feature, tries every unique value as a threshold Computes weighted Gini of the resulting left/right split Returns (best_feature_index, best_threshold) with minimum weighted Gini  where: • nleft = number of samples in left child • nright = number of samples in right child • ntotal = total samples before split • G(y) = Gini impurity of node",a implement findbestsplitx y weightsnonemaxfeaturesnone that iterates over all features for each feature tries every unique value as a threshold computes weighted gini of the resulting leftright split returns bestfeatureindex bestthreshold with minimum weighted gini where nleft number of samples in left child nright number of samples in right child ntotal total samples before split gy gini impurity of node,2026-03-05 19:53:25,0,60,1
"How should I respond to a terrible copyediting job?,Educational",how should i respond to a terrible copyediting job educational,1374942438,1,10,3
why its giving error on build() method,why its giving error on build method,2024-11-24 22:34:33,1,7,2
example of right outer join,example of right outer join,2025-02-16 21:34:01,0,5,4
where does that salf comes from?,where does that salf comes from,2026-03-10 22:07:02,1,6,4
Correct way to add external jars (lib/*.jar) to an IntelliJ IDEA project,correct way to add external jars lib jar to an intellij idea project,2009-06-27 04:58:35,0,13,2
whats the error in this code,whats the error in this code,2024-12-14 02:59:19,1,6,2
Define Move Constructor? What must be the prototype of this constructor where do we use this give example,define move constructor what must be the prototype of this constructor where do we use this give example,2025-05-22 12:51:16,1,18,4
Sher kya scene,sher kya scene,2025-09-13 09:01:00,0,3,0
how to write this,how to write this,2024-11-06 00:03:51,1,4,1
Gg,gg,2025-06-25 20:08:00,0,1,0
create a c++ struct that checks if a number is prime,create a c struct that checks if a number is prime,2026-02-27 15:21:13,0,11,1
give me some replacement of strcpy,give me some replacement of strcpy,2025-05-22 12:59:30,0,6,1
Geo,geo,2025-03-08 15:47:00,0,1,0
this isnt working,this isnt working,2026-03-07 00:29:11,0,3,2
https://192.168.56.7/api/health  this is giving me OK but when I try to register a student it says network error failed to fetch,https 192 168 56 7 api health this is giving me ok but when i try to register a student it says network error failed to fetch,2025-11-25 21:14:55,0,27,2
"How can a full professor from a developing country get a job in the United States?,Educational",how can a full professor from a developing country get a job in the united states educational,1429633580,1,17,3
yup,yup,2025-07-29 15:01:00,0,1,0
Chudhryyyyy,chudhryyyyy,2025-05-23 13:57:00,0,1,0
column_mode2 = df['Region'].mode()[0],column mode2 df region mode 0,2024-12-05 10:16:16,0,6,4
why this isnt working,why this isnt working,2025-02-04 01:38:48,1,4,2
"my visual studio is giving error ""system cannot find file specified""",my visual studio is giving error system cannot find file specified,2024-10-30 09:06:53,0,11,2
whats wrong with this code,whats wrong with this code,2025-10-18 04:29:11,1,5,2
excuse me,excuse me,2025-04-28 15:06:00,0,2,0
whats the error in this code,whats the error in this code,2025-06-11 23:45:48,1,6,2
how to binary search using greedy algorithm,how to binary search using greedy algorithm,2026-02-15 13:04:48,1,7,1
cursor property in css,cursor property in css,2024-12-04 11:58:56,0,4,4
"How to deal with unnecessary stress introduced by the supervisor?,Educational",how to deal with unnecessary stress introduced by the supervisor educational,1530192390,1,11,3
Nope,nope,2025-07-29 14:18:00,0,1,0
usage of srand function,usage of srand function,2025-06-11 14:47:51,0,4,4
in adjacency matrix what does sum of entries in a column represent,in adjacency matrix what does sum of entries in a column represent,2024-12-24 12:37:48,0,12,4
"Implement class BaggingClassifier with: __init__(n_estimators=10) — store the number of estimators fit(X, y) — repeat n_estimators times: call bootstrap_sample(), train a fresh DecisionStump on the bootstrap data, store the stump and the OOB indices predict(X) — for each sample, collect one prediction from every stump, return the majority class across all stumps oob_score() — for each training sample, identify which stumps did NOT train on it (OOB stumps for that sample), collect their votes only, take majority, compare to true label. Return overall OOB accuracy as a percentage. This requires no test set and gives an honest estimate of generalization.",implement class baggingclassifier with initnestimators10 store the number of estimators fitx y repeat nestimators times call bootstrapsample train a fresh decisionstump on the bootstrap data store the stump and the oob indices predictx for each sample collect one prediction from every stump return the majority class across all stumps oobscore for each training sample identify which stumps did not train on it oob stumps for that sample collect their votes only take majority compare to true label return overall oob accuracy as a percentage this requires no test set and gives an honest estimate of generalization,2026-03-06 05:37:41,0,96,1
example of a graph which is sparse and dense,example of a graph which is sparse and dense,2024-12-24 11:54:15,0,9,4
Mere khayal se,mere khayal se,2025-10-13 15:23:00,0,3,0
"Why is peer review so random?,Educational",why is peer review so random educational,1534142586,1,7,3
What is the value of: 1/∞,what is the value of 1,2024-10-18 15:32:10,1,6,4
"How do teachers learn to grade?,Educational",how do teachers learn to grade educational,1488482993,1,7,3
what is network session?,what is network session,2024-10-27 23:02:13,1,4,4
How to loop over files in directory and change path and add suffix to filename,how to loop over files in directory and change path and add suffix to filename,2013-12-27 11:49:34,1,15,2
"in a 32-bit address space what would be the size of int*, char* and bool*",in a 32 bit address space what would be the size of int char and bool,2024-12-26 10:00:41,0,16,4
create a flutter app with uses bottom navigation with 4 tabs,create a flutter app with uses bottom navigation with 4 tabs,2024-11-06 09:17:46,0,11,1
this has compiler error saying that i cannot make an object of abstract class,this has compiler error saying that i cannot make an object of abstract class,2025-05-10 23:16:15,0,14,2
"/home/hanan/Projects/c++/sem-project/users_db.h:26:21:   required from here /usr/include/c++/13/bits/stl_uninitialized.h:90:56: error: static assertion failed: result type must be constructible from input type    90 |       static_assert(is_constructible<_ValueType, _Tp>::value,       |                                                        ^~~~~ /usr/include/c++/13/bits/stl_uninitialized.h:90:56: note: ‘std::integral_constant<bool, false>::value’ evaluates to false",home hanan projects c sem project users db h 26 21 required from here usr include c 13 bits stl uninitialized h 90 56 error static assertion failed result type must be constructible from input type 90 static assert is constructible valuetype tp value usr include c 13 bits stl uninitialized h 90 56 note std integral constant bool false value evaluates to false,2025-12-26 16:31:11,0,64,2
what is meant by quarter in 4,what is meant by quarter in 4,2024-10-18 14:50:02,1,7,4
"Why are low pass rates (below 50%) for exams considered acceptable in Germany?,Educational",why are low pass rates below 50 for exams considered acceptable in germany educational,1648552240,1,14,3
Design a server (pseudo code) that supports: ● File transfer over TCP ● Notifications over UDP ● Both on the same IP/port combination Discuss how you would multiplex the sockets and what are the tricky cases you’d face?,design a server pseudo code that supports file transfer over tcp notifications over udp both on the same ipport combination discuss how you would multiplex the sockets and what are the tricky cases youd face,2025-09-30 17:32:31,1,35,1
New rule 🫡,new rule,2025-03-19 20:25:00,0,2,0
what is a subnet,what is a subnet,2025-12-10 18:15:57,1,4,4
"How old is too old for a PhD?,Educational",how old is too old for a phd educational,1348632819,1,9,3
Pata nhi,pata nhi,2025-06-21 12:45:00,0,2,0
Failed to load the JNI shared Library (JDK),failed to load the jni shared library jdk,2011-09-08 23:02:15,0,8,2
this has compiler error saying that fatal: Not a git repository (or any of the parent directories): .git,this has compiler error saying that fatal not a git repository or any of the parent directories git,2026-01-08 17:29:51,0,18,2
"How can I counter a student response saying &quot;Why are we bothered to reinvent the wheel when proving mathematical identities?&quot;,Educational",how can i counter a student response saying why are we bothered to reinvent the wheel when proving mathematical identities educational,1600342104,1,21,3
now can you implement logout functionality but make sure every transaction in database should be done by locking,now can you implement logout functionality but make sure every transaction in database should be done by locking,2026-03-10 23:50:38,0,18,1
find a vector that is prependicular to x-y-2z=0,find a vector that is prependicular to x y 2z 0,2025-05-28 17:52:20,0,11,4
"Why do undergraduate admissions in the U.S take into account nonacademic criteria?,Educational",why do undergraduate admissions in the u s take into account nonacademic criteria educational,1429837255,1,14,3
create a vue.js app that create a counter app,create a vuejs app that create a counter app,2025-06-07 07:56:21,0,9,1
mein himmat chor chuka,mein himmat chor chuka,2025-08-22 22:40:00,0,4,0
what is meant by tuning a model?,what is meant by tuning a model,2026-03-29 13:11:58,1,7,4
"Why can&#39;t universities work around the proposed reclassification of tuition remission as taxable income, by not charging tuition?,Educational",why can 39 t universities work around the proposed reclassification of tuition remission as taxable income by not charging tuition educational,1510889370,1,21,3
"openssl req -x509 -nodes -days 365 \  -newkey rsa:2048 \  -keyout /etc/ssl/private/nginx-selfsigned.key \  -out /etc/ssl/certs/nginx-selfsigned.crt ....+........+..........+...+.........+++++++++++++++++++++++++++++++++++++++*.+...+........+...+++++++++++++++++++++++++++++++++++++++*..+.....++++++ ....+..............+++++++++++++++++++++++++++++++++++++++*.+++++++++++++++++++++++++++++++++++++++*..+....+..+..........+.....+......+...+.......+..+...+.........+....+.....+.+..............+.+..............+.+.....+......+.......+.....+...+.............+.........+......+..+.......+.....+.+..+.......+......+...............+......+.....+...+...+.........+...+...+...+.+.........+..+.......+..+.+..+.+......+.....+...+.............+.........+......+..+.......+..............+.......+..+..........+......+.........+..+..................+.+..+.......+........+............+.......+.....+.+..+.+.........+.....+...+...+.....................+.+...+......+...+..+.............+...+...............+........+.+......+.....+...+.+......+..+..................+...+....+..+...+.......+...........+...+.+...+...............+...+...+......+.....+....+....................+.+......+...+.........+...+.........+.....+....+.....+.+......+...+..+....+......+..+.+.....+.+...........+....+.....+.+..+...+......................+......+......+.....+....+.........+...+...+.....+....+..+...+.+.....+......+...++++++ req: Can't open ""/etc/ssl/private/nginx-selfsigned.key"" for writing, Permission denied 40474307D1700000:error:80000002:system library:process_include:No such file or directory:../crypto/conf/conf_def.c:813:calling stat(/var/lib/crypto-config/profiles/current/openssl.conf.d) 40474307D1700000:error:80000002:system library:process_include:No such file or directory:../crypto/conf/conf_def.c:813:calling stat(/etc/ssl/openssl.conf.d)",openssl req x509 nodes days 365 newkey rsa 2048 keyout etc ssl private nginx selfsigned key out etc ssl certs nginx selfsigned crt req can t open etc ssl private nginx selfsigned key for writing permission denied 40474307d1700000 error 80000002 system library process include no such file or directory crypto conf conf def c 813 calling stat var lib crypto config profiles current openssl conf d 40474307d1700000 error 80000002 system library process include no such file or directory crypto conf conf def c 813 calling stat etc ssl openssl conf d,2025-11-25 20:50:57,0,91,2
whats the difference between extensibility and scalability,whats the difference between extensibility and scalability,2026-04-03 14:56:41,1,7,4
Task - 1: Objective: Build a two-screen Flutter application that uses Cloud Firestore to handle user login/signup and stores profile pictures as Base64 strings. Prerequisites: ● Existing Firebase Project linked to your App. ● Dependencies in pubspec.yaml: ○ firebase_core ○ cloud_firestore ○ image_picker (for selecting photos),task 1 objective build a twoscreen flutter application that uses cloud firestore to handle user loginsignup and stores profile pictures as base64 strings prerequisites existing firebase project linked to your app dependencies in pubspecyaml firebasecore cloudfirestore imagepicker for selecting photos,2025-11-26 19:21:20,0,40,1
critical points?,critical points,2024-12-17 14:34:00,1,2,4
"How do you balance producing results with learning new skills?,Educational",how do you balance producing results with learning new skills educational,1417984482,1,11,3
solve the heap sort problem,solve the heap sort problem,2025-05-04 07:09:41,0,5,1
ok,ok,2025-05-02 22:59:00,0,1,0
i am showing the index.html but it is saying connection error: failed to fetch,i am showing the index html but it is saying connection error failed to fetch,2025-11-25 17:06:57,0,15,2
use css to implement routing in react,use css to implement routing in react,2025-10-16 08:15:57,0,7,1
Tahir bhai booriyat ho rhi,tahir bhai booriyat ho rhi,2025-06-21 15:40:00,0,5,0
Han,han,2026-01-07 13:15:00,0,1,0
wmctrl -c :ACTIVE: is this correct name of commaddn,wmctrl c active is this correct name of commaddn,2025-05-06 12:53:22,0,9,2
sdkmanager --version  ERROR: JAVA_HOME is set to an invalid directory: /usr/lib/jvm/java-17-openjdk-amd64  Please set the JAVA_HOME variable in your environment to match the location of your Java installation.,sdkmanager version error java home is set to an invalid directory usr lib jvm java 17 openjdk amd64 please set the java home variable in your environment to match the location of your java installation,2025-11-26 18:44:50,0,35,2
can u explain and code bubble sort using divide and conquer,can u explain and code bubble sort using divide and conquer,2024-12-30 04:23:43,1,11,1
how to use uses lambda functions in c++,how to use uses lambda functions in c,2026-03-17 10:15:17,1,8,1
Hn samajh gya,hn samajh gya,2024-06-26 21:06:00,0,3,0
write a javascript function to validate a form input,write a javascript function to validate a form input,2025-01-24 10:09:21,0,9,1
"Received an ultimatum from PhD advisor to leave that broke me completely. How to cope emotionally?,Educational",received an ultimatum from phd advisor to leave that broke me completely how to cope emotionally educational,1684792065,1,17,3
can you write a main() for extraction\,can you write a main for extraction,2026-04-11 18:40:19,1,7,1
ho gye hain dono,ho gye hain dono,2024-11-03 19:53:00,0,4,0
implement a rest api with implement routing in react in node.js,implement a rest api with implement routing in react in nodejs,2026-01-07 22:41:26,0,11,1
what does strcmp do?,what does strcmp do,2025-12-26 19:47:09,1,4,4
"How to work efficiently under loose supervision during graduate studies?,Educational",how to work efficiently under loose supervision during graduate studies educational,1389176805,1,11,3
A monad is just a monoid in the category of endofunctors. What&#39;s the problem?,a monad is just a monoid in the category of endofunctors what 39 s the problem,2010-10-06 11:55:24,1,16,2
implement a python function to converts csv to json,implement a python function to converts csv to json,2026-01-10 07:14:50,0,9,1
"what are product, organizational and external requirements",what are product organizational and external requirements,2026-04-02 20:13:46,1,7,4
"How important are poster sessions in conferences?,Educational",how important are poster sessions in conferences educational,1343288712,1,8,3
Oye,oye,2024-07-24 15:28:00,0,1,0
"How to deal with premature student questions during a lecture which will be covered in a subsequent slide?,Educational",how to deal with premature student questions during a lecture which will be covered in a subsequent slide educational,1383573838,1,19,3
what is fourier series,what is fourier series,2025-05-30 23:22:49,1,4,4
"Advisor walked in while I was complaining about her; How can I minimize the damage to our relationship?,Educational",advisor walked in while i was complaining about her how can i minimize the damage to our relationship educational,1392852829,1,19,3
its giving error on build() method,its giving error on build method,2025-05-11 18:36:16,0,6,2
"Giving a career talk in my old university, how prominently should I tell students my salary?,Educational",giving a career talk in my old university how prominently should i tell students my salary educational,1551784175,1,17,3
"My PhD research has a negative outcome -- how can I still graduate with it?,Educational",my phd research has a negative outcome how can i still graduate with it educational,1474669051,1,15,3
"How does the admissions process work for Ph.D. programs in Country X?,Educational",how does the admissions process work for ph d programs in country x educational,1634496625,1,14,3
can u create a flutter screen that displays a grid of images,can u create a flutter screen that displays a grid of images,2025-09-10 16:59:45,1,12,1
write a program to compress file using zlib using fork,write a program to compress file using zlib using fork,2025-02-06 09:34:15,0,10,1
what is json input,what is json input,2024-10-27 23:22:06,1,4,4
is this error?,is this error,2025-02-03 03:45:05,1,3,2
"How to become well-known in the research community while being a PhD student,Educational",how to become well known in the research community while being a phd student educational,1331740928,1,15,3
Zubaan ha tahir bhai,zubaan ha tahir bhai,2025-05-15 20:36:00,0,4,0
how to write two paths in terminal for copying files sfrom two diferent directories,how to write two paths in terminal for copying files sfrom two diferent directories,2024-10-24 16:20:03,1,14,1
what is the formula of inverse of a 2x2 matrix,what is the formula of inverse of a 2x2 matrix,2025-02-07 14:23:28,1,10,4
"Implement a function that isolates a color range (e.g., detect sky blue with all blue shades) and counts how many pixels belong to that range.",implement a function that isolates a color range eg detect sky blue with all blue shades and counts how many pixels belong to that range,2025-10-10 16:06:47,0,25,1
"How is it possible that [insert known crackpot] has articles published in Peer-Reviewed Journals?,Educational",how is it possible that insert known crackpot has articles published in peer reviewed journals educational,1625603562,1,16,3
Why are these constructs using pre and post-increment undefined behavior?,why are these constructs using pre and post increment undefined behavior,2009-06-04 15:17:52,1,11,2
What service do we identify on port 23/tcp during our scans?,what service do we identify on port 23 tcp during our scans,2026-04-09 22:37:19,1,12,4
what are the important things that should be known about stoke theoram,what are the important things that should be known about stoke theoram,2025-05-30 23:17:16,1,12,4
is there any way i can see the changes without rebooting,is there any way i can see the changes without rebooting,2025-07-14 11:23:55,1,11,4
plzzzz,plzzzz,2025-08-22 21:34:00,0,1,0
Jiyoooo,jiyoooo,2025-11-08 12:55:00,0,1,0
Oy,oy,2024-11-19 20:22:00,0,1,0
"How can I get the most out of conferences?,Educational",how can i get the most out of conferences educational,1329481689,1,10,3
Jo bt ha,jo bt ha,2025-12-09 22:52:00,0,3,0
use numpy to detects faces using opencv,use numpy to detects faces using opencv,2025-06-08 17:56:37,0,7,1
write a recursive print function for decision tree,write a recursive print function for decision tree,2026-02-26 19:44:40,0,8,1
how to predict values of test data on scikit implementation,how to predict values of test data on scikit implementation,2026-04-06 22:15:18,1,10,1
"Mistook new faculty member to be a student, how big a faux pas is it?,Educational",mistook new faculty member to be a student how big a faux pas is it educational,1487304151,1,16,3
"/usr/bin/ld: /tmp/ccCzUmmM.o: in function `in_to_pre(std::__cxx11::basic_string<char, std::char_traits<char>, std::allocator<char> >)': /home/hanan/Projects/c++/lab4/ExpressionEval.cpp:36:(.text+0x2e5): undefined reference to `Stack<std::__cxx11::basic_string<char, std::char_traits<char>, std::allocator<char> > >::Stack(int)' /usr/bin/ld: /home/hanan/Projects/c++/lab4/ExpressionEval.cpp:46:(.text+0x45c): undefined reference to `Stack<std::__cxx11::basic_string<char, std::char_traits<char>, std::allocator<char> > >::push(std::__cxx11::basic_string<char, std::char_traits<char>, std::allocator<char> >)' /usr/bin/ld: /home/hanan/Projects/c++/lab4/ExpressionEval.cpp:53:(.text+0x5f0): undefined reference to `Stack<std::__cxx11::basic_string<char, std::char_traits<char>, std::allocator<char> > >::top()'",usr bin ld tmp ccczummm o in function in to pre std cxx11 basic string char std char traits char std allocator char home hanan projects c lab4 expressioneval cpp 36 text 0x2e5 undefined reference to stack std cxx11 basic string char std char traits char std allocator char stack int usr bin ld home hanan projects c lab4 expressioneval cpp 46 text 0x45c undefined reference to stack std cxx11 basic string char std char traits char std allocator char push std cxx11 basic string char std char traits char std allocator char usr bin ld home hanan projects c lab4 expressioneval cpp 53 text 0x5f0 undefined reference to stack std cxx11 basic string char std char traits char std allocator char top,2025-09-12 22:44:30,0,123,2
how can I implement blockchain??,how can i implement blockchain,2025-12-01 20:30:06,1,5,1
write a c++ program to implement tower of hanoi,write a c program to implement tower of hanoi,2025-09-07 23:22:42,0,9,1
Ganda phasa huwa,ganda phasa huwa,2025-10-17 13:29:00,0,3,0
how to use checks if a string is palindrome in c++,how to use checks if a string is palindrome in c,2025-12-31 02:47:46,1,11,1
What action is performed by a class's default copy constructor?,what action is performed by a class s default copy constructor,2025-03-17 23:22:16,1,11,4
what is cutting off search?,what is cutting off search,2025-12-14 19:23:09,1,5,4
Mcleod road ja rha mein,mcleod road ja rha mein,2025-08-22 11:04:00,0,5,0
can u modify this code such that it tells percentage strongness of password and than suggest changes to make it strong,can u modify this code such that it tells percentage strongness of password and than suggest changes to make it strong,2024-10-22 19:52:20,1,21,1
"In a yes/no question, a student gives the right answer and an unnecessary but wrong explanation. How to grade?,Educational",in a yes no question a student gives the right answer and an unnecessary but wrong explanation how to grade educational,1548205382,1,21,3
Yes,yes,2025-07-03 19:14:00,0,1,0
ok,ok,2024-07-01 11:47:00,0,1,0
"here if ryu is in attack mode i set the box of whole png that is determined by the get that has the attack sprite  that remains until the attck_status of that player is true and when it becomes false it come back to its normal motion in which i have set the sit box and jump box and further sprites in the whole png, but there is a small problem in",here if ryu is in attack mode i set the box of whole png that is determined by the get that has the attack sprite that remains until the attck status of that player is true and when it becomes false it come back to its normal motion in which i have set the sit box and jump box and further sprites in the whole png but there is a small problem in,2025-05-19 23:35:51,0,73,2
Aho kaaaaafi he,aho kaaaaafi he,2025-12-23 19:39:00,0,3,0
Hn done kr,hn done kr,2024-04-09 21:47:00,0,3,0
what is complexity level of RAFT consensus ?,what is complexity level of raft consensus,2026-04-18 15:23:53,1,7,4
other name for VARCHAR(50),other name for varchar 50,2024-10-30 10:25:31,0,5,4
what is the name of one click button in logic works,what is the name of one click button in logic works,2025-05-07 14:02:04,1,11,4
Khair mubarakk,khair mubarakk,2024-04-09 21:45:00,0,2,0
implement a c++ class for uses std::map to store key-value pairs,implement a c class for uses stdmap to store keyvalue pairs,2024-11-24 19:18:17,0,11,1
fatal error: TypeError: undefined isnt a function,fatal error typeerror undefined isnt a function,2025-10-06 17:51:17,0,7,2
is there any error in x = 5;,is there any error in x 5,2025-06-19 18:28:58,1,7,2
"Xcode - How to fix &#39;NSUnknownKeyException&#39;, Reason: &quot;… this class is not key value coding-compliant for the key X&quot; error?",xcode how to fix 39 nsunknownkeyexception 39 reason quot this class is not key value coding compliant for the key x quot error,2010-06-22 00:57:32,1,23,2
can you write a query which will validate if the data accessed in a given query does belongs to the client or not,can you write a query which will validate if the data accessed in a given query does belongs to the client or not,2026-03-11 01:51:30,1,23,1
"Exception has occurred: _ArrayMemoryError Unable to allocate 45.1 GiB for an array with shape (77760, 77760) and data type float64   File ""/home/hanan/Projects/python/bscs24001-mini-proj-2.py"", line 27, in pca     cov = np.cov(X_centered)           ^^^^^^^^^^^^^^^^^^   File ""/home/hanan/Projects/python/bscs24001-mini-proj-2.py"", line 96, in person_identification     eigvecs, mean = pca(X_std)                     ^^^^^^^^^^   File ""/home/hanan/Projects/python/bscs24001-mini-proj-2.py"", line 178, in <module>     person_identification(data) numpy._core._exceptions._ArrayMemoryError: Unable to allocate 45.1 GiB for an array with shape (77760, 77760) and data type float64",exception has occurred arraymemoryerror unable to allocate 45 1 gib for an array with shape 77760 77760 and data type float64 file home hanan projects python bscs24001 mini proj 2 py line 27 in pca cov np cov x centered file home hanan projects python bscs24001 mini proj 2 py line 96 in person identification eigvecs mean pca x std file home hanan projects python bscs24001 mini proj 2 py line 178 in module person identification data numpy core exceptions arraymemoryerror unable to allocate 45 1 gib for an array with shape 77760 77760 and data type float64,2025-12-28 19:21:05,0,98,2
write a bash script to parse command line arguments using getopt,write a bash script to parse command line arguments using getopt,2026-03-08 02:50:34,0,11,1
haal thory se khrb hain bs,haal thory se khrb hain bs,2026-03-07 05:45:00,0,6,0
how to creates a chat interface in flutter,how to creates a chat interface in flutter,2025-03-07 16:10:33,1,8,1
"The IT department bottlenecks progress. How should I handle this?,Educational",the it department bottlenecks progress how should i handle this educational,1553157659,1,11,3
"How can I do a literature review efficiently?,Educational",how can i do a literature review efficiently educational,1348588620,1,9,3
np.max,np max,2024-11-12 13:24:30,0,2,4
what is configuration driven development?,what is configuration driven development,2026-04-02 21:44:58,1,5,4
Obviously,obviously,2025-06-29 12:55:00,0,1,0
"Journal allows me to choose whether to transfer copyright –&#160;why would I do so?,Educational",journal allows me to choose whether to transfer copyright 160 why would i do so educational,1598437057,1,16,3
implement a c++ class for implements a priority queue,implement a c class for implements a priority queue,2025-01-23 05:15:11,0,9,1
what is precision ?,what is precision,2026-04-10 15:42:25,1,3,4
split in python,split in python,2024-11-14 08:48:04,0,3,4
what to add in pubspec for firebase_auth.dart,what to add in pubspec for firebase auth dart,2025-11-27 00:49:37,1,9,4
what will be the volume of peramid?,what will be the volume of peramid,2025-05-29 14:36:44,1,7,4
"i have provided you project document and the helping, now according to my project requirement I just have to complete Phase 1 which does not require socket implementation. I just need user management for future when I implement socket part you can just hard code 1 user for now, starting from making omni header as mentioned in directory system in document i have to make  a parser for default.uconf you have to manage users, file operations, directory operations, fileSystem operations, fragmentation manage, try to avoid O(n) search and also dont use hashmap, you can use vector and if you want to use other data structure like AVL or BST you should implement themself first",i have provided you project document and the helping now according to my project requirement i just have to complete phase 1 which does not require socket implementation i just need user management for future when i implement socket part you can just hard code 1 user for now starting from making omni header as mentioned in directory system in document i have to make a parser for defaultuconf you have to manage users file operations directory operations filesystem operations fragmentation manage try to avoid on search and also dont use hashmap you can use vector and if you want to use other data structure like avl or bst you should implement themself first,2025-11-11 08:01:56,0,114,1
GitHub Error Message - Permission denied (publickey),github error message permission denied publickey,2012-10-17 23:11:56,0,6,2
chal thek ha,chal thek ha,2025-03-08 15:48:00,0,3,0
"After my PhD how much salary should I expect as a professor of computer science?,Educational",after my phd how much salary should i expect as a professor of computer science educational,1341797187,1,16,3
Uncaught ReferenceError: $ is not defined?,uncaught referenceerror is not defined,2010-01-16 04:04:36,1,5,2
"KiB/s, done. Total 13 (delta 5), reused 0 (delta 0), pack-reused 0 remote: Resolving deltas: 100% (5/5), completed with 5 local objects. remote: error: Trace: 875b9beb4c8aae4e5c88b6a09ab6190182408b1b2f381479d14461b6d76344d2 remote: error: See https://gh.io/lfs for more information. remote: error: File compiled/test.omni is 100.29 MB; this exceeds GitHub's file size limit of 100.00 MB remote: error: GH001: Large files detected. You may want to try Git Large File Storage - https://git-lfs.github.com. To https://github.com/Hananchudhary/file-verse.git  ! [remote rejected] main -> main (pre-receive hook declined) error: failed to push some refs to 'https://github.com/Hananchudhary/file-verse.git'",kib s done total 13 delta 5 reused 0 delta 0 pack reused 0 remote resolving deltas 100 5 5 completed with 5 local objects remote error trace 875b9beb4c8aae4e5c88b6a09ab6190182408b1b2f381479d14461b6d76344d2 remote error see https gh io lfs for more information remote error file compiled test omni is 100 29 mb this exceeds github s file size limit of 100 00 mb remote error gh001 large files detected you may want to try git large file storage https git lfs github com to https github com hananchudhary file verse git remote rejected main main pre receive hook declined error failed to push some refs to https github com hananchudhary file verse git,2025-11-14 02:06:57,0,110,2
this error is coming at second request due to running this in first request: await connection.query('SET TRANSACTION ISOLATION LEVEL READ COMMITTED');,this error is coming at second request due to running this in first request await connection query set transaction isolation level read committed,2026-03-12 00:50:31,0,23,2
how to create table in database,how to create table in database,2025-11-22 19:00:26,1,6,1
can you create a DockerFile for this:,can you create a dockerfile for this,2025-11-24 16:55:50,1,7,1
G bhai hukam,g bhai hukam,2025-06-21 15:39:00,0,3,0
what if in docker-compose and server.js I change user as root will that solve the problem,what if in docker compose and server js i change user as root will that solve the problem,2025-11-25 14:51:19,1,18,4
module cv2 has no waitkey attribute,module cv2 has no waitkey attribute,2024-11-11 12:51:46,0,6,4
"How important are my grades to the rest of my PhD career?,Educational",how important are my grades to the rest of my phd career educational,1329406169,1,13,3
what is regularization?,what is regularization,2026-03-29 16:40:53,1,3,4
what is the error in json::parse(str),what is the error in json parse str,2026-03-02 06:55:38,1,8,2
can u give me the most simplest code for testing,can u give me the most simplest code for testing,2024-10-30 09:05:11,1,10,1
can you explain this error: Permission denied,can you explain this error permission denied,2025-07-19 06:53:16,1,7,2
what is the error in socket.write(data),what is the error in socket write data,2025-07-18 12:31:09,1,8,2
whats the error in this code,whats the error in this code,2025-05-05 10:52:31,1,6,2
"Why doesn&#39;t the academic year start on January first?,Educational",why doesn 39 t the academic year start on january first educational,1451718812,1,12,3
how to use use pthreads for multithreading for socket programming,how to use use pthreads for multithreading for socket programming,2025-02-23 17:18:40,1,10,1
what is the difference between asynchronous and synchronous sequential circuits?,what is the difference between asynchronous and synchronous sequential circuits,2025-06-02 15:25:00,1,10,4
e^x functions?,e x functions,2024-11-05 20:49:09,1,3,4
"A manuscript I refereed gave me an idea for a paper, not sure how to proceed,Educational",a manuscript i refereed gave me an idea for a paper not sure how to proceed educational,1402663744,0,17,3
"💥 Unexpected error during test execution: AxiosError: Request failed with status code 400     at settle (file:///home/hanan/Projects/c++/SaaS-on-SaaS/node_modules/axios/lib/core/settle.js:20:7)     at IncomingMessage.handleStreamEnd (file:///home/hanan/Projects/c++/SaaS-on-SaaS/node_modules/axios/lib/adapters/http.js:844:13)     at IncomingMessage.emit (node:events:529:35)     at endReadableNT (node:internal/streams/readable:1400:12)     at async file:///home/hanan/Projects/c++/SaaS-on-SaaS/backend/test.mjs:71:27 {   isAxiosError: true,   code: 'ERR_BAD_REQUEST',   config: {     transitional: {       silentJSONParsing: true,       forcedJSONParsing: true,       clarifyTimeoutError: false,       legacyInterceptorReqResOrdering: true     },     adapter: [ 'xhr', 'http', 'fetch' ],     transformRequest: [ [Function: transformRequest] ],     transformResponse: [ [Function: transformResponse] ],     timeout: 0,     env: { FormData: [Function], Blob: [class Blob] },     validateStatus: [Function: validateStatus],     headers: Object [AxiosHeaders] {       Accept:",unexpected error during test execution axioserror request failed with status code 400 at settle file home hanan projects c saas on saas node modules axios lib core settle js 20 7 at incomingmessage handlestreamend file home hanan projects c saas on saas node modules axios lib adapters http js 844 13 at incomingmessage emit node events 529 35 at endreadablent node internal streams readable 1400 12 at async file home hanan projects c saas on saas backend test mjs 71 27 isaxioserror true code err bad request config transitional silentjsonparsing true forcedjsonparsing true clarifytimeouterror false legacyinterceptorreqresordering true adapter xhr http fetch transformrequest function transformrequest transformresponse function transformresponse timeout 0 env formdata function blob class blob validatestatus function validatestatus headers object axiosheaders accept,2026-03-12 01:20:52,0,122,2
if (mounted) {               setState(() {                 _acceptedFixtures = fixtures;                 _isLoading = false;               });             },if mounted setstate acceptedfixtures fixtures isloading false,2025-11-30 14:45:34,0,7,2
write a c program to convert csv to json,write a c program to convert csv to json,2025-09-24 12:39:00,0,9,1
Arrived,arrived,2025-12-27 21:55:00,0,1,0
can you provide me a sample streamlit code to check if I can run that or not,can you provide me a sample streamlit code to check if i can run that or not,2025-11-17 18:16:51,1,17,1
write a sql statement to update a record in users table,write a sql statement to update a record in users table,2025-03-18 12:50:32,0,11,1
"Is there a convention on how to write pseudocode in scientific papers?,Educational",is there a convention on how to write pseudocode in scientific papers educational,1535142540,1,13,3
"How to handle not having my PhD advisor as a reference?,Educational",how to handle not having my phd advisor as a reference educational,1331137282,1,12,3
what this will do? sudo cat /etc/NetworkManager/system-connections/<your-network>,what this will do sudo cat etc networkmanager system connections your network,2025-07-01 20:34:33,1,12,4
"How do professors advise PhD students that are smarter than them?,Educational",how do professors advise phd students that are smarter than them educational,1696853490,1,12,3
what kind of NLP model from huggingface I should use for this?,what kind of nlp model from huggingface i should use for this,2026-03-05 16:20:20,1,12,4
"How to handle requests for a race-based exam structure?,Educational",how to handle requests for a race based exam structure educational,1592859563,1,11,3
"How should a teaching-assistant deal with an angry student?,Educational",how should a teaching assistant deal with an angry student educational,1414584271,1,11,3
"What is done in a workshop? How does it differ from an academic conference?,Educational",what is done in a workshop how does it differ from an academic conference educational,1430102410,1,15,3
Abaan bhai,abaan bhai,2025-04-20 15:31:00,0,2,0
write a c program to parse json file,write a c program to parse json file,2024-11-23 16:50:57,0,8,1
implement a udp client that implement a simple shell,implement a udp client that implement a simple shell,2025-10-10 12:34:07,0,9,1
sudo apt update Hit:1 http://archive.ubuntu.com/ubuntu questing InRelease Error: Release file for http://archive.ubuntu.com/ubuntu/dists/questing-updates/InRelease is not valid yet (invalid for another 12h 3min 16s). Updates for this repository will not be applied. Error: Release file for http://archive.ubuntu.com/ubuntu/dists/questing-backports/InRelease is not valid yet (invalid for another 9h 36min 54s). Updates for this repository will not be applied. Error: Release file for http://security.ubuntu.com/ubuntu/dists/questing-security/InRelease is not valid yet (invalid for another 15h 22min 47s). Updates for this repository will not be applied.,sudo apt update hit 1 http archive ubuntu com ubuntu questing inrelease error release file for http archive ubuntu com ubuntu dists questing updates inrelease is not valid yet invalid for another 12h 3min 16s updates for this repository will not be applied error release file for http archive ubuntu com ubuntu dists questing backports inrelease is not valid yet invalid for another 9h 36min 54s updates for this repository will not be applied error release file for http security ubuntu com ubuntu dists questing security inrelease is not valid yet invalid for another 15h 22min 47s updates for this repository will not be applied,2025-11-25 15:31:32,0,105,2
Ni ambarsar se rishty daari nikaal laingy,ni ambarsar se rishty daari nikaal laingy,2025-07-31 16:13:00,0,7,0
write sql query to Find all employees whose first_name starts with the letter &#39;J&#39;.,write sql query to find all employees whose firstname starts with the letter 39j39,2025-02-06 12:38:04,0,14,1
"Create a Flutter app that displays a list of items (e.g., “Post #1”, “Post #2”, ...). When the user scrolls to the bottom, more items automatically load. 1. Shows a list of items (like “Post #1”, “Post #2”, etc.) 2. Initially it shows 10 items. 3. When the user presses “Load More”, it loads 10 more. 4. Disables the button when all items are loaded.  do it in simplest and beginner friendly way",create a flutter app that displays a list of items eg post 1 post 2 when the user scrolls to the bottom more items automatically load 1 shows a list of items like post 1 post 2 etc 2 initially it shows 10 items 3 when the user presses load more it loads 10 more 4 disables the button when all items are loaded do it in simplest and beginner friendly way,2025-10-08 05:50:45,0,72,1
"How to avoid a hostile takeover of first authorship during medical leave?,Educational",how to avoid a hostile takeover of first authorship during medical leave educational,1534027302,1,13,3
Present,present,2025-11-06 06:30:00,0,1,0
"How to get work done on the weekends,Educational",how to get work done on the weekends educational,1447892064,1,9,3
Aik serious baat,aik serious baat,2025-06-18 21:17:00,0,3,0
"How many times can you present the same material at different conferences before it becomes stale?,Educational",how many times can you present the same material at different conferences before it becomes stale educational,1401226155,1,17,3
inshallah,inshallah,2025-05-22 15:03:00,0,1,0
"Why is plagiarising words such a big deal?,Educational",why is plagiarising words such a big deal educational,1549570128,1,9,3
"GPA rounding 2.498 to 2.5. How ethical is this?,Educational",gpa rounding 2 498 to 2 5 how ethical is this educational,1526942929,1,12,3
How do I declare custom exceptions in modern Python?,how do i declare custom exceptions in modern python,2009-08-24 03:29:29,1,9,2
How do I check whether a file exists without exceptions?,how do i check whether a file exists without exceptions,2008-09-17 18:55:00,1,10,2
"How much percentage royalty do I get from Springer (as the paper&#39;s author) and how I can apply for royalty payment?,Educational",how much percentage royalty do i get from springer as the paper 39 s author and how i can apply for royalty payment educational,1614063282,1,24,3
use torch to use dropout to prevent overfitting,use torch to use dropout to prevent overfitting,2024-12-11 07:04:38,0,8,1
Bhai,bhai,2026-04-21 00:07:00,0,1,0
create a 2d array in python of 8 by 8,create a 2d array in python of 8 by 8,2025-10-02 12:29:13,0,10,1
write a bash script to implement a pipe for ipc,write a bash script to implement a pipe for ipc,2025-11-02 10:00:11,0,10,1
Sorry,sorry,2025-08-23 21:53:00,0,1,0
implement a queue using linked list in python,implement a queue using linked list in python,2024-12-31 18:14:29,0,8,1
Boss,boss,2025-03-22 10:49:00,0,1,0
write a python class for uses regex to validate phone number,write a python class for uses regex to validate phone number,2025-06-01 19:20:18,0,11,1
sudo systemctl start mysql [sudo] password for hanan:  Failed to start mysql.service: Unit mysql.service not found.,sudo systemctl start mysql sudo password for hanan failed to start mysql service unit mysql service not found,2025-11-22 11:22:54,0,18,2
😂😂geo,geo,2025-05-12 05:31:00,0,1,0
"Lecturer with anxiety. How to survive in academia?,Educational",lecturer with anxiety how to survive in academia educational,1486425876,1,9,3
chudhrryyyyyy,chudhrryyyyyy,2025-05-18 16:46:00,0,1,0
[::-1] Used to reverse strings in python,1 used to reverse strings in python,2024-12-04 22:21:23,0,7,4
how to find files modified in last 7 days in linux terminal,how to find files modified in last 7 days in linux terminal,2026-03-17 10:19:00,1,12,1
what are assemblers?,what are assemblers,2026-02-02 11:50:59,1,3,4
koi pta ni,koi pta ni,2025-08-20 21:49:00,0,3,0
Ga,ga,2025-09-26 22:30:00,0,1,0
"As a TA, how to react if I come across a Facebook group in which students insult me?,Educational",as a ta how to react if i come across a facebook group in which students insult me educational,1444750669,1,19,3
Create a data frame having 1 row and find outliers using mean,create a data frame having 1 row and find outliers using mean,2024-11-28 09:37:13,0,12,1
write a javascript function to implement oauth2 login,write a javascript function to implement oauth2 login,2025-08-25 03:00:48,0,8,1
whats the difference between forward checking and arc consistency?,whats the difference between forward checking and arc consistency,2025-12-14 20:15:52,1,9,4
what if along side with releasing connection I do reset session will it solve my problem?,what if along side with releasing connection i do reset session will it solve my problem,2026-03-12 00:40:00,1,16,4
its giving error on server.js,its giving error on server js,2025-03-17 08:45:35,0,6,2
"error saying: identifier ""ifstream "" is undefined",error saying identifier ifstream is undefined,2025-03-12 13:37:21,0,6,2
"How can I obfuscate my writing style when I review papers?,Educational",how can i obfuscate my writing style when i review papers educational,1462501595,1,12,3
write a c++ main() to test checks if a number is prime,write a c main to test checks if a number is prime,2025-10-27 11:39:13,0,12,1
Poochni ha,poochni ha,2025-06-18 21:17:00,0,2,0
what is 253 in hex,what is 253 in hex,2025-11-28 22:16:05,1,5,4
what about audio ?,what about audio,2026-04-11 15:47:09,1,3,4
when I stop the server and run again it says bind address already in use?,when i stop the server and run again it says bind address already in use,2025-12-27 17:08:46,1,15,4
Nhi dil kr rhaaaaa,nhi dil kr rhaaaaa,2025-05-15 20:35:00,0,4,0
can you generate the password from this bcrypt hash: $2a$10$SYSTEMHASHDONOTUSEINPRODUCTION,can you generate the password from this bcrypt hash 2a10systemhashdonotuseinproduction,2026-03-24 21:48:33,1,10,1
can u implement a implement attention mechanism model in pytorch,can u implement a implement attention mechanism model in pytorch,2024-11-30 21:22:53,1,10,1
implement a flutter widget to uses http package to fetch api data,implement a flutter widget to uses http package to fetch api data,2025-11-22 19:04:11,0,12,1
"Write a command that counts the number of directories and files under home (including all subdirectories), and outputs the count with a message indicating the total number of items found.",write a command that counts the number of directories and files under home including all subdirectories and outputs the count with a message indicating the total number of items found,2024-10-24 17:22:20,0,30,1
chalo thanks,chalo thanks,2025-12-22 22:39:00,0,2,0
class MyHomePage extends StatelessWidget {   const MyHomePage({super.key});   @override   Widget build(BuildContext context){    } } what's the problem with build()?,class myhomepage extends statelesswidget const myhomepage super key override widget build buildcontext context what s the problem with build,2025-09-24 08:39:17,1,19,2
its giving error on line 45 main.dart:15:7: Error: Expected ';' after this.     MyWidget({super.key});           ^^ main.dart:16:5: Error: Non-nullable variable must be assigned.,its giving error on line 45 main dart 15 7 error expected after this mywidget super key main dart 16 5 error non nullable variable must be assigned,2025-04-03 13:20:53,0,28,2
can you write a DockerFile for this docker-compose.yaml,can you write a dockerfile for this dockercomposeyaml,2025-11-24 21:58:06,1,8,1
if i download only nordic theme will it change the dock?,if i download only nordic theme will it change the dock,2025-07-13 12:06:54,1,11,4
how to uses http package to fetch api data in flutter,how to uses http package to fetch api data in flutter,2025-05-16 07:34:09,1,11,1
code the given 2 tasks,code the given 2 tasks,2025-11-27 12:41:47,0,5,1
write a c++ program to implement hash table,write a c program to implement hash table,2025-01-15 11:30:53,0,8,1
write a c++ main() to test writes data to a binary file,write a c main to test writes data to a binary file,2026-01-07 17:59:24,0,12,1
DEBUG:gdms.themes: Failed to parse '/usr/share/themes/Yaru-magenta-dark/index.theme'!,debug gdms themes failed to parse usr share themes yaru magenta dark index theme,2025-07-14 10:04:46,0,14,2
"How to correct plagiarism in my own Master&#39;s thesis, years later?,Educational",how to correct plagiarism in my own master 39 s thesis years later educational,1403415075,1,14,3
"How to deal with an inappropriate greeting in an email?,Educational",how to deal with an inappropriate greeting in an email educational,1489290255,1,11,3
why this isnt working,why this isnt working,2025-06-12 04:48:49,1,4,2
implement a heap sort data structure,implement a heap sort data structure,2026-01-02 08:06:26,0,6,1
write sql query to use subquery to find top performers,write sql query to use subquery to find top performers,2024-12-22 00:24:17,0,10,1
"How honest should I be in disclosing not-so-exciting results?,Educational",how honest should i be in disclosing not so exciting results educational,1544462068,1,12,3
Error: Can&#39;t set headers after they are sent to the client,error can 39 t set headers after they are sent to the client,2011-08-12 20:21:00,0,13,2
i applied this condition and shutdown() also but still not working,i applied this condition and shutdown also but still not working,2025-09-07 00:25:32,0,11,2
"How should one turn down academic job applicants?,Educational",how should one turn down academic job applicants educational,1335663527,1,9,3
"How to deal with a student who harasses the (inexperienced) teacher during class?,Educational",how to deal with a student who harasses the inexperienced teacher during class educational,1407317568,1,14,3
can u create a html page that deploy to heroku,can u create a html page that deploy to heroku,2026-04-04 16:42:14,1,10,1
it was pleasure working with uh,it was pleasure working with uh,2026-04-20 22:32:00,0,6,0
"i'm getting this error in c++ what could it mean ? ""Run-Time Check Failure #2 - Stack around the variable 'board' was corrupted.""",i m getting this error in c what could it mean run time check failure 2 stack around the variable board was corrupted,2024-11-29 09:06:27,1,23,2
💥 Unexpected error during test execution: AxiosError: Request failed with status code 400     at settle (file:///home/hanan/Projects/c++/SaaS-on-SaaS/node_modules/axios/lib/core/settle.js:20:7)     at IncomingMessage.handleStreamEnd (file:///home/hanan/Projects/c++/SaaS-on-SaaS/node_modules/axios/lib/adapters/http.js:844:13),unexpected error during test execution axioserror request failed with status code 400 at settle file home hanan projects c saas on saas node modules axios lib core settle js 20 7 at incomingmessage handlestreamend file home hanan projects c saas on saas node modules axios lib adapters http js 844 13,2026-03-12 00:19:11,0,51,2
base=?,base,2024-10-25 21:17:41,1,1,4
Hukam,hukam,2025-05-22 20:53:00,0,1,0
Achaa,achaa,2024-05-21 10:23:00,0,1,0
"As a new PhD supervisor, how should I deal with taking a student to a wrong direction?,Educational",as a new phd supervisor how should i deal with taking a student to a wrong direction educational,1528938247,1,18,3
"How to deal with arrogant e-mail of a student,Educational",how to deal with arrogant e mail of a student educational,1506331840,1,11,3
write a pytorch script to use tensorboard to visualize metrics,write a pytorch script to use tensorboard to visualize metrics,2025-09-16 15:38:23,0,10,1
now its giving error at      std::string p(path);,now its giving error at std string p path,2025-11-13 23:47:14,0,9,2
"How were scientific plots made in the 1960s?,Educational",how were scientific plots made in the 1960s educational,1611222151,1,9,3
Shukriya tahir bhai,shukriya tahir bhai,2025-06-18 21:19:00,0,3,0
can you do plotting with matplotlib c++,can you do plotting with matplotlib c,2024-12-27 19:34:35,1,7,4
"How to write an academic paper for the first time?,Educational",how to write an academic paper for the first time educational,1376983753,1,11,3
"How to respond to the trivialisation of one’s work and unjustified demands for a considerable extension of the research?,Educational",how to respond to the trivialisation of one s work and unjustified demands for a considerable extension of the research educational,1412737123,1,21,3
can it make my output incorrect,can it make my output incorrect,2024-12-03 17:32:01,1,6,2
what is a periodic function,what is a periodic function,2025-05-30 22:16:59,1,5,4
is this error?,is this error,2025-07-11 01:32:58,1,3,2
write a node.js express server that use redux for state management,write a nodejs express server that use redux for state management,2026-03-13 09:23:19,0,11,1
give me a c++ code for uses smart pointers for memory management using stl,give me a c code for uses smart pointers for memory management using stl,2026-03-04 11:57:55,0,14,1
Database connection failed (attempt 3/40): EAI_AGAIN - getaddrinfo EAI_AGAIN db,database connection failed attempt 3 40 eai again getaddrinfo eai again db,2025-11-26 12:54:55,0,12,2
use numpy to connects to sqlite database,use numpy to connects to sqlite database,2025-04-10 11:13:17,0,7,1
how to reads a csv into a dataframe in python using matplotlib,how to reads a csv into a dataframe in python using matplotlib,2025-03-22 15:02:12,1,12,1
what about rigorous?,what about rigorous,2026-04-01 02:10:04,1,3,4
G hanan chaudry,g hanan chaudry,2025-10-02 17:00:00,0,3,0
"what is the problem with this code, the sprite disappers while going from attack mode to normal behaviour",what is the problem with this code the sprite disappers while going from attack mode to normal behaviour,2025-05-20 12:22:12,1,18,2
Mubarakkk,mubarakkk,2025-07-21 16:49:00,0,1,0
"Why are most cranks old men?,Educational",why are most cranks old men educational,1583806761,1,7,3
"How to deal with the frustration of doing PhD at a low-ranked university,Educational",how to deal with the frustration of doing phd at a low ranked university educational,1364784841,1,15,3
"How to deal with an author who worked on an analysis that never made it into the paper?,Educational",how to deal with an author who worked on an analysis that never made it into the paper educational,1454940394,1,19,3
"How to judge a Ph.D. applicant that arrives &quot;out of thin air&quot;,Educational",how to judge a ph d applicant that arrives out of thin air educational,1564125861,1,14,3
"How to deal with a nosy fellow graduate student?,Educational",how to deal with a nosy fellow graduate student educational,1455076532,1,10,3
sudo mysql [sudo] password for hanan:  ERROR 2002 (HY000): Can't connect to local MySQL server through socket '/var/run/mysqld/mysqld.sock' (2),sudo mysql sudo password for hanan error 2002 hy000 can t connect to local mysql server through socket var run mysqld mysqld sock 2,2025-11-26 12:40:20,0,24,2
"How to write abstract for conference when you have no results yet?,Educational",how to write abstract for conference when you have no results yet educational,1359022586,1,13,3
han,han,2025-05-09 20:51:00,0,1,0
G g hukam,g g hukam,2025-06-05 15:55:00,0,3,0
"How to publish a paper that does not seem to be within the scope of any journal?,Educational",how to publish a paper that does not seem to be within the scope of any journal educational,1452858947,1,18,3
"node ./test.mjs file:///home/hanan/Projects/c++/SaaS-on-SaaS/backend/test.mjs:2 const axios = require('axios');               ^  ReferenceError: require is not defined in ES module scope, you can use import instead     at file:///home/hanan/Projects/c++/SaaS-on-SaaS/backend/test.mjs:2:15     at ModuleJob.run (node:internal/modules/esm/module_job:195:25)     at async ModuleLoader.import (node:internal/modules/esm/loader:336:24)     at async loadESM (node:internal/process/esm_loader:34:7)     at async handleMainPromise (node:internal/modules/run_main:106:12)  Node.js v18.19.1",node test mjs file home hanan projects c saas on saas backend test mjs 2 const axios require axios referenceerror require is not defined in es module scope you can use import instead at file home hanan projects c saas on saas backend test mjs 2 15 at modulejob run node internal modules esm module job 195 25 at async moduleloader import node internal modules esm loader 336 24 at async loadesm node internal process esm loader 34 7 at async handlemainpromise node internal modules run main 106 12 node js v18 19 1,2026-03-11 23:11:11,0,94,2
write a sql statement to use window function to rank employees,write a sql statement to use window function to rank employees,2026-01-21 19:02:36,0,11,1
can u modify this c++ code to overloads + operator for a complex class,can u modify this c code to overloads operator for a complex class,2025-06-04 15:19:00,1,13,1
Ni,ni,2025-05-22 21:09:00,0,1,0
is there any other example of this kind of issue,is there any other example of this kind of issue,2025-03-26 13:23:31,1,10,2
it is not working,it is not working,2024-11-21 10:02:59,0,4,2
A pakka😌🫂🥹,a pakka,2025-07-31 15:19:00,0,2,0
write a sql query to join employees and departments on dept_id using join,write a sql query to join employees and departments on deptid using join,2026-03-25 18:58:08,0,13,1
what is link state routing algorithm?,what is link state routing algorithm,2025-12-10 20:15:41,1,6,4
Exception has occurred: fatal: Not a git repository (or any of the parent directories): .git,exception has occurred fatal not a git repository or any of the parent directories git,2026-02-17 11:21:21,0,15,2
G,g,2025-07-29 14:10:00,0,1,0
fulllllllllllllllll,fulllllllllllllllll,2025-08-20 21:54:00,0,1,0
Jeo,jeo,2025-11-04 19:04:00,0,1,0
Aho,aho,2025-09-07 19:19:00,0,1,0
python exception message capturing,python exception message capturing,2011-01-14 16:33:50,0,4,2
give me a python code example for renames all files in a directory,give me a python code example for renames all files in a directory,2024-12-25 06:03:22,0,13,1
G,g,2025-09-09 19:03:00,0,1,0
"How to educate bachelor and master exchange students from Asia?,Educational",how to educate bachelor and master exchange students from asia educational,1575286467,1,11,3
WHAT HAPPENS IF ALL TREES ARE IDENTICAL?,what happens if all trees are identical,2026-03-29 15:40:59,1,7,4
what is centred difference matrix,what is centred difference matrix,2025-02-25 15:51:13,1,5,4
"How do I know how well I am progressing in my PhD?,Educational",how do i know how well i am progressing in my phd educational,1488922949,1,13,3
terminate called after throwing an instance of 'The method 'prin' isn't defined for the type 'MyHomePage'',terminate called after throwing an instance of the method prin isn t defined for the type myhomepage,2025-04-13 13:19:53,0,17,2
What is the first address in the block if one of the addresses is 167.199.170.82/27?,what is the first address in the block if one of the addresses is 167 199 170 82 27,2025-12-15 19:15:22,1,19,4
create a bash script that compress file using zlib,create a bash script that compress file using zlib,2025-10-27 21:21:27,0,9,1
i have used bound blocking queue of capacity 500 and send 1000 clients in a loop. can you tell me why i got  only 400 responses at client side and no runtime error is thrown at server side?,i have used bound blocking queue of capacity 500 and send 1000 clients in a loop can you tell me why i got only 400 responses at client side and no runtime error is thrown at server side,2025-09-06 23:35:46,1,38,2
Write a function to reverse the elements of an array in place  using pointers.,write a function to reverse the elements of an array in place using pointers,2024-11-25 09:41:31,0,14,1
"device_name = tf.test.gpu_device_name()  print(""Device:"", device_name) RuntimeError                              Traceback (most recent call last) /tmp/ipykernel_13050/3150579207.py in <cell line: 0>()       8 MAT_2 = torch.rand(2, 3)       9  ---> 10 MAT_1 =MAT_1.to(device_name)      11 MAT_2 =MAT_2.to(device_name)      12   RuntimeError: Device string must not be empty",device name tf test gpu device name print device device name runtimeerror traceback most recent call last tmp ipykernel 13050 3150579207 py in cell line 0 8 mat 2 torch rand 2 3 9 10 mat 1 mat 1 to device name 11 mat 2 mat 2 to device name 12 runtimeerror device string must not be empty,2026-04-09 21:45:25,0,58,2
Hello,hello,2025-10-27 12:08:00,0,1,0
how to use redux for state management in javascript,how to use redux for state management in javascript,2026-04-01 18:38:40,1,9,1
what is meant by laplace transformtion,what is meant by laplace transformtion,2025-05-30 23:42:50,1,6,4
is there any error if i return from pre-increment operator by value rather than by reference,is there any error if i return from pre increment operator by value rather than by reference,2025-03-26 13:19:28,1,17,2
cant i get its css file?,cant i get its css file,2025-07-13 12:18:16,1,6,4
Undefined name 'DefaultFirebaseOptions',undefined name defaultfirebaseoptions,2025-11-26 17:19:40,0,3,2
"what does this mean: Error: argument ""via"" is wrong: use nexthop syntax to specify multiple via",what does this mean error argument via is wrong use nexthop syntax to specify multiple via,2025-09-23 19:49:59,1,16,2
FAILURE: Build failed with an exception.  * Where: Build file '/home/hanan/StudioProjects/lab10/android/build.gradle.kts' line: 19  * What went wrong: A problem occurred configuring project ':app'. > [CXX1101] NDK at /home/hanan/Android/Sdk/ndk/27.0.12077973 did not have a source.properties file  * Try: > Run with --stacktrace option to get the stack trace. > Run with --info or --debug option to get more log output. > Run with --scan to get full insights. > Get more help at https://help.gradle.org.  Error: Gradle task assembleDebug failed with exit code 1,failure build failed with an exception where build file home hanan studioprojects lab10 android build gradle kts line 19 what went wrong a problem occurred configuring project app cxx1101 ndk at home hanan android sdk ndk 27 0 12077973 did not have a source properties file try run with stacktrace option to get the stack trace run with info or debug option to get more log output run with scan to get full insights get more help at https help gradle org error gradle task assembledebug failed with exit code 1,2025-11-26 18:11:44,0,91,2
"What to tell students who want to know how to succeed in your class,Educational",what to tell students who want to know how to succeed in your class educational,1539095197,1,15,3
"Why don&#39;t I see publications criticising other publications?,Educational",why don 39 t i see publications criticising other publications educational,1542971762,1,11,3
"what is the column number for join, equi join and natural join",what is the column number for join equi join and natural join,2026-04-01 03:45:33,1,12,4
Sai ha,sai ha,2025-03-29 14:41:00,0,2,0
"How to handle one&#39;s own academic misconduct, long after it occurred?,Educational",how to handle one 39 s own academic misconduct long after it occurred educational,1625558814,1,14,3
"Why are (galley) proof requests given such a short deadline?,Educational",why are galley proof requests given such a short deadline educational,1407766319,1,11,3
Aagy apki mrzi,aagy apki mrzi,2025-05-15 20:36:00,0,3,0
"If t(A)=-A, than what we can say about |A|?",if t a a than what we can say about a,2025-05-29 12:50:39,1,11,4
can u explain and code tower of hanoi using divide and conquer,can u explain and code tower of hanoi using divide and conquer,2025-06-18 21:13:19,1,12,1
"How can I detect a toxic environment while on the interview circuit?,Educational",how can i detect a toxic environment while on the interview circuit educational,1393609201,1,13,3
when we choose least constraining value and when we choose minimum remaining value?,when we choose least constraining value and when we choose minimum remaining value,2025-12-14 20:17:46,1,13,4
give me a python code example for generates a random password,give me a python code example for generates a random password,2025-06-12 06:55:43,0,11,1
"How to by-pass bioethics for a trivial bio-experiment?,Educational",how to by pass bioethics for a trivial bio experiment educational,1549724337,1,11,3
write a python class for implements a logging decorator,write a python class for implements a logging decorator,2025-09-25 08:59:05,0,9,1
"How do I &#39;read the room&#39; and adjust my pace while lecturing?,Educational",how do i 39 read the room 39 and adjust my pace while lecturing educational,1392354067,1,15,3
Ch,ch,2025-07-25 15:42:00,0,1,0
"How to avoid procrastination during the research phase of my PhD?,Educational",how to avoid procrastination during the research phase of my phd educational,1355630478,1,12,3
point of inflection,point of inflection,2024-12-17 23:02:26,0,3,4
"What exactly do &quot;u&quot; and &quot;r&quot; string prefixes do, and what are raw string literals?",what exactly do quot u quot and quot r quot string prefixes do and what are raw string literals,2010-01-17 21:22:57,1,19,2
what will be single point cross over after second bit in 1010 0011?,what will be single point cross over after second bit in 1010 0011,2025-12-14 18:59:03,1,13,4
can you create a docker-compose.yaml to connect database and backend,can you create a dockercomposeyaml to connect database and backend,2025-11-24 19:41:24,1,10,1
Jo baat ha,jo baat ha,2025-05-22 21:00:00,0,3,0
write a sql statement to update a record in users table,write a sql statement to update a record in users table,2025-07-19 11:54:24,0,11,1
Aho,aho,2025-11-22 23:52:00,0,1,0
"How do you earn opportunites to review journals or conference papers?,Educational",how do you earn opportunites to review journals or conference papers educational,1336548946,1,12,3
"How can I determine whether a conference is reputable?,Educational",how can i determine whether a conference is reputable educational,1366033418,1,10,3
Khair mubarak,khair mubarak,2025-03-31 07:27:00,0,2,0
Chudhhhhrrryyyyy,chudhhhhrrryyyyy,2025-05-15 21:57:00,0,1,0
Setup a binary classification compatible loss function and optimizer to use when training the model.,setup a binary classification compatible loss function and optimizer to use when training the model,2026-04-22 16:57:55,0,15,1
why it is not catching signal ?,why it is not catching signal,2025-09-06 18:50:50,1,6,2
create a flutter app with uses http package to fetch api data,create a flutter app with uses http package to fetch api data,2025-02-01 17:59:42,0,12,1
"Should I explain that I cannot finish my current master due to religious discrimination when applying for another graduate program?,Educational",should i explain that i cannot finish my current master due to religious discrimination when applying for another graduate program educational,1525302489,1,21,3
"How should a faculty deal with the problem of Artificial Intelligence (AI) generated texts?,Educational",how should a faculty deal with the problem of artificial intelligence ai generated texts educational,1671101447,1,15,3
static_cast?,static cast,2024-11-20 10:27:03,1,2,4
Kya scene,kya scene,2025-05-15 14:45:00,0,2,0
"How to refer to a source with typos in the title?,Educational",how to refer to a source with typos in the title educational,1444064903,1,12,3
Why not,why not,2025-04-12 19:47:00,1,2,0
Sherr,sherr,2025-06-29 12:53:00,0,1,0
"How to read papers without falling into a rabbit hole?,Educational",how to read papers without falling into a rabbit hole educational,1463085125,1,11,3
"Why don&#39;t high-ranking journals go solo?,Educational",why don 39 t high ranking journals go solo educational,1466504930,1,10,3
how to write a stored procedure to calculate bonus in sql,how to write a stored procedure to calculate bonus in sql,2025-01-22 21:23:49,1,11,1
VBoxManage dhcpserver add --netname NatNetwork --ip 10.0.2.50 --mac 080027A26B6F Oracle VM VirtualBox Command Line Management Interface Version 7.0.26 Copyright (C) 2005-2025 Oracle and/or its affiliates  VBoxManage: error: Unknown option: --mac Usage:    VBoxManage dhcpserver add <--network=netname | --interface=ifname>       <--server-ip=address> <--netmask=mask> <--lower-ip=address>       <--upper-ip=address> <--enable | --disable>        [--global | --set-opt=dhcp-opt-no value... | --set-opt-hex=dhcp-opt-no            hexstring... | --force-opt=dhcp-opt-no... |            --default-lease-time=seconds | --max-lease-time=seconds |            --fixed-address=address...]        [--mac-address=address | --set-opt=dhcp-opt-no value... |            --set-opt-hex=dhcp-opt-no hexstring... | --force-opt=dhcp-opt-no...            | --supress-opt=dhcp-opt-no... | --min-lease-time=seconds |            --default-lease-time=seconds | --max-lease-time=seconds |            --fixed-address=address...]  VBoxManage: error: Unknown option: --mac,vboxmanage dhcpserver add netname natnetwork ip 10 0 2 50 mac 080027a26b6f oracle vm virtualbox command line management interface version 7 0 26 copyright c 2005 2025 oracle and or its affiliates vboxmanage error unknown option mac usage vboxmanage dhcpserver add network netname interface ifname server ip address netmask mask lower ip address upper ip address enable disable global set opt dhcp opt no value set opt hex dhcp opt no hexstring force opt dhcp opt no default lease time seconds max lease time seconds fixed address address mac address address set opt dhcp opt no value set opt hex dhcp opt no hexstring force opt dhcp opt no supress opt dhcp opt no min lease time seconds default lease time seconds max lease time seconds fixed address address vboxmanage error unknown option mac,2025-11-22 13:26:41,0,134,2
/home/hanan/Projects/c++/assig2/server.cpp:2:9: fatal error: vector.h: No such file or directory     2 | #include<vector.h>       |         ^~~~~~~~~~ compilation terminated.,home hanan projects c assig2 server cpp 2 9 fatal error vector h no such file or directory 2 include vector h compilation terminated,2025-09-06 17:58:54,0,24,2
"While showing my work to my supervisor, an adult website appeared. Am I in trouble?,Educational",while showing my work to my supervisor an adult website appeared am i in trouble educational,1531323477,1,16,3
"/usr/bin/ld: /tmp/ccMjS6je.o: in function `Library::insertBook(int, std::__cxx11::basic_string<char, std::char_traits<char>, std::allocator<char> > const&, std::__cxx11::basic_string<char, std::char_traits<char>, std::allocator<char> > const&)': /home/hanan/Projects/c++/lab6/library.cpp:33:(.text+0x2fb): undefined reference to `Node::Node(int, std::__cxx11::basic_string<char, std::char_traits<char>, std::allocator<char> > const&, std::__cxx11::basic_string<char, std::char_traits<char>, std::allocator<char> > const&)'  *  The terminal process ""/usr/bin/bash '-c', 'g++ -g -std=c++17 /home/hanan/Projects/c++/lab6/*.cpp -o /home/hanan/Projects/c++/lab6/main'"" terminated with exit code: 1.   *  Terminal will be reused by tasks, press any key to close it.    *  Executing task: g++ -g -std=c++17 /home/hanan/Projects/c++/lab6/*.cpp -o /home/hanan/Projects/c++/lab6/main   /home/hanan/Projects/c++/lab6/library.cpp: In member function ‘Node* Library::insert(Node*, int, const std::string&, const std::string&)’: /home/hanan/Projects/c++/lab6/library.cpp:28:1: warning: control reaches end of non-void function [-Wreturn-type]    28 | } /usr/bin/ld: /tmp/ccJ0k7pQ.o: in function `Library::insertBook(int, std::__cxx11::basic_string<char, std::char_traits<char>, std::allocator<char> > const&, std::__cxx11::basic_string<char, std::char_traits<char>, std::allocator<char> > const&)': /home/hanan/Projects/c++/lab6/library.cpp:33:(.text+0x2fb): undefined reference to `Node::Node(int, std::__cxx11::basic_string<char, std::char_traits<char>, std::allocator<char> > const&, std::__cxx11::basic_string<char, std::char_traits<char>, std::allocator<char> > const&)' collect2: error: ld returned 1 exit status",usr bin ld tmp ccmjs6je o in function library insertbook int std cxx11 basic string char std char traits char std allocator char const std cxx11 basic string char std char traits char std allocator char const home hanan projects c lab6 library cpp 33 text 0x2fb undefined reference to node node int std cxx11 basic string char std char traits char std allocator char const std cxx11 basic string char std char traits char std allocator char const the terminal process usr bin bash c g g std c 17 home hanan projects c lab6 cpp o home hanan projects c lab6 main terminated with exit code 1 terminal will be reused by tasks press any key to close it executing task g g std c 17 home hanan projects c lab6 cpp o home hanan projects c lab6 main home hanan projects c lab6 library cpp in member function node library insert node int const std string const std string home hanan projects c lab6 library cpp 28 1 warning control reaches end of non void function wreturn type 28 usr bin ld tmp ccj0k7pq o in function library insertbook int std cxx11 basic string char std char traits char std allocator char const std cxx11 basic string char std char traits char std allocator char const home hanan projects c lab6 library cpp 33 text 0x2fb undefined reference to node node int std cxx11 basic string char std char traits char std allocator char const std cxx11 basic string char std char traits char std allocator char const collect2 error ld returned 1 exit status,2025-09-26 20:27:06,0,268,2
"i have provided you my server.cpp now I want you to write a python based UI using streamlit library  that will connect with my server socket that will send request, receive success message and error response which it should show as a snackbar in the according json format as the frontend should ask for login than all the available files of that user should load there should be a search bar at the top of home which uses get_file_names to get file names of that users also there will be an option to share file and read shared files using a key. the home page should be like Google docs where the first file block is empty with '+' symbol template and at bottom wriiten create new file that will create a file and the remaining files will have their name at the bottom and template will have cpp logo while reading and editing there will be 2 separated columns of equal 1 for code preview and 1 has a button naming generate documentation that will show the generated document",i have provided you my servercpp now i want you to write a python based ui using streamlit library that will connect with my server socket that will send request receive success message and error response which it should show as a snackbar in the according json format as the frontend should ask for login than all the available files of that user should load there should be a search bar at the top of home which uses getfilenames to get file names of that users also there will be an option to share file and read shared files using a key the home page should be like google docs where the first file block is empty with symbol template and at bottom wriiten create new file that will create a file and the remaining files will have their name at the bottom and template will have cpp logo while reading and editing there will be 2 separated columns of equal 1 for code preview and 1 has a button naming generate documentation that will show the generated document,2025-12-31 07:38:05,0,179,1
"Why can&#39;t we just use platforms such as arXiv for proper peer-reviewed publishing?,Educational",why can 39 t we just use platforms such as arxiv for proper peer reviewed publishing educational,1630316674,1,17,3
curl -vk https://192.168.56.7/api/register  *   Trying 192.168.56.7:443... * Connected to 192.168.56.7 (192.168.56.7) port 443 * Connection #0 to host 192.168.56.7 left intact,curl vk https 192 168 56 7 api register trying 192 168 56 7 443 connected to 192 168 56 7 192 168 56 7 port 443 connection 0 to host 192 168 56 7 left intact,2025-11-25 21:07:34,0,37,2
Sabar kr le,sabar kr le,2025-05-16 08:09:00,0,3,0
can u write a c++ program that implements a stack using templates,can u write a c program that implements a stack using templates,2025-10-09 08:37:17,1,12,1
moiz,moiz,2025-05-22 15:03:00,0,1,0
"I&#39;m afraid of chemicals. How do I handle my required uni biology class?,Educational",i 39 m afraid of chemicals how do i handle my required uni biology class educational,1546840794,1,16,3
"Why do researchers sometimes use extremely complicated English sentences to convey their meaning?,Educational",why do researchers sometimes use extremely complicated english sentences to convey their meaning educational,1487487835,1,14,3
best ho gya,best ho gya,2025-08-20 21:53:00,0,3,0
"Why do academic journals usually have continuous page numbering?,Educational",why do academic journals usually have continuous page numbering educational,1453142653,1,10,3
does curlcode data type is similar to bool,does curlcode data type is similar to bool,2024-10-27 22:54:12,1,8,4
"How to hold back from interfering with students&#39; inefficient-but-not-wrong work?,Educational",how to hold back from interfering with students 39 inefficient but not wrong work educational,1496335318,1,15,3
inshallah,inshallah,2025-07-03 19:00:00,0,1,0
asslamualikum,asslamualikum,2024-07-17 12:02:00,0,1,0
"How not to come off as boasting or arrogant, if you are one of the few active students in a class?,Educational",how not to come off as boasting or arrogant if you are one of the few active students in a class educational,1414516074,1,22,3
How do I resolve &quot;Cannot find module&quot; error using Node.js?,how do i resolve quot cannot find module quot error using node js,2012-01-26 23:57:42,1,13,2
in my game i have implemented play again function at first the game runs all correct but when i wanna play again the background of ring is not scalled completely,in my game i have implemented play again function at first the game runs all correct but when i wanna play again the background of ring is not scalled completely,2025-06-14 00:16:38,0,30,2
what will be single point cross over after second bit in 1010 and 0011?,what will be single point cross over after second bit in 1010 and 0011,2025-12-14 18:59:20,1,14,4
What are your opininon on loki kirin 1000?,what are your opininon on loki kirin 1000,2026-01-31 20:12:55,1,8,4
I ran into a merge conflict. How do I abort the merge?,i ran into a merge conflict how do i abort the merge,2008-09-19 19:21:00,1,12,2
What does the use of a dummy parameter in a unary operator function indicate to the compiler?,what does the use of a dummy parameter in a unary operator function indicate to the compiler,2025-03-17 23:38:48,1,17,4
write sql query to Display the total price of all products using an arithmetic operation (price * 1.1).,write sql query to display the total price of all products using an arithmetic operation price 11,2025-02-06 09:06:53,0,17,1
Ho jaye gi,ho jaye gi,2024-11-03 19:56:00,0,3,0
"How to deal with my PhD supervisors rudely critiquing all my draft papers?,Educational",how to deal with my phd supervisors rudely critiquing all my draft papers educational,1555124854,1,14,3
terminate called recursively terminate called after throwing an instance of 'std::runtime_error' Aborted (core dumped),terminate called recursively terminate called after throwing an instance of std runtime error aborted core dumped,2025-09-06 20:46:38,0,16,2
how to implement all 5 of the missing requiremnts,how to implement all 5 of the missing requiremnts,2025-09-06 03:12:42,1,9,1
evaluate the model accuracy using train a rnn for text generation,evaluate the model accuracy using train a rnn for text generation,2025-10-14 06:56:38,0,11,1
"How do I reference the Python programming language in a thesis or a paper?,Educational",how do i reference the python programming language in a thesis or a paper educational,1354010759,1,15,3
"Create a Flutter app that detects a diagonal swipe gesture using the GestureDetector widget.  • When the user performs a diagonal swipe (top-left to bottom-right or top-right to bottom- left), trigger following actions:  o Toggling between light and dark theme o Display a text message on the screen that updates to indicate which diagonal swipe was detected.",create a flutter app that detects a diagonal swipe gesture using the gesturedetector widget when the user performs a diagonal swipe topleft to bottomright or topright to bottom left trigger following actions o toggling between light and dark theme o display a text message on the screen that updates to indicate which diagonal swipe was detected,2025-10-15 13:50:34,0,56,1
give me a python code of graph of usage of password strength checker in recent years,give me a python code of graph of usage of password strength checker in recent years,2024-10-30 18:48:30,0,16,4
"How can I address a student systematically boosting their grades by filing frivolous complaints?,Educational",how can i address a student systematically boosting their grades by filing frivolous complaints educational,1588902419,1,15,3
"Is it unethical to supply a marked solution to a student who has shown intent to cheat, with the intent of identifying them for punishment?,Educational",is it unethical to supply a marked solution to a student who has shown intent to cheat with the intent of identifying them for punishment educational,1548861540,1,26,3
this has compiler error saying that RuntimeError: dictionary changed size during iteration,this has compiler error saying that runtimeerror dictionary changed size during iteration,2025-12-30 05:33:19,0,12,2
"Build a two-screen app to Create, Read, Update, and Delete (CRUD) posts using a real",build a twoscreen app to create read update and delete crud posts using a real,2025-11-19 08:34:58,0,15,1
Geo,geo,2025-07-28 20:02:00,0,1,0
"How to ask dumb questions,Educational",how to ask dumb questions educational,1439790730,1,6,3
"How can I avoid overuse of words like &quot;however&quot; and &quot;therefore&quot; in academic writing?,Educational",how can i avoid overuse of words like however and therefore in academic writing educational,1606858079,1,15,3
create a bash script that backup files to remote server,create a bash script that backup files to remote server,2025-08-05 14:21:22,0,10,1
"19. Write a query to:    Display the employee_id, first_name, salary, and department_name for all employees.    Include employees who are not assigned to a department.    Include departments that do not have any employees assigned to them.    Include the manager_name for each employee (if they have a manager).    Include employees whose salary is **greater than the average salary** of their department.    Include employees whose salary falls within the range of min_salary and max_salary in the jobs table.    Display the result as:      &quot;Employee: [first_name], Department: [department_name], Manager: [manager_name], Salary: [salary], Above Average: [Yes/No], Job Range: [Within/Outside]&quot;.",19 write a query to display the employeeid firstname salary and departmentname for all employees include employees who are not assigned to a department include departments that do not have any employees assigned to them include the managername for each employee if they have a manager include employees whose salary is greater than the average salary of their department include employees whose salary falls within the range of minsalary and maxsalary in the jobs table display the result as quotemployee firstname department departmentname manager managername salary salary above average yesno job range withinoutsidequot,2025-02-20 10:19:33,0,93,1
chudhryyyyyy,chudhryyyyyy,2025-05-22 15:00:00,0,1,0
"Why does my JavaScript code receive a &quot;No &#39;Access-Control-Allow-Origin&#39; header is present on the requested resource&quot; error, while Postman does not?",why does my javascript code receive a quot no 39 access control allow origin 39 header is present on the requested resource quot error while postman does not,2013-11-18 00:29:06,1,28,2
what kind of model i should use from hugging face to identify requirements from a given srs text?,what kind of model i should use from hugging face to identify requirements from a given srs text,2026-03-07 21:56:16,1,18,4
"Router#show ip ospf interface brief Interface     PID   Area                     IP Address/Mask          Cost  State  Nbrs F/C Gig0/0          1   0                     192.168.30.1/255.255.255.0   1       DR  0/0 Gig0/1          1   0                    172.16.10.1/255.255.255.252   1       DR  0/0  Router#172.16.10.2 Trying 172.16.10.2 ... % Connection timed out; remote host not responding Router#ping 172.16.10.2  Type escape sequence to abort. Sending 5, 100-byte ICMP Echos to 172.16.10.2, timeout is 2 seconds: ..... Success rate is 0 percent (0/5)",router show ip ospf interface brief interface pid area ip address mask cost state nbrs f c gig0 0 1 0 192 168 30 1 255 255 255 0 1 dr 0 0 gig0 1 1 0 172 16 10 1 255 255 255 252 1 dr 0 0 router 172 16 10 2 trying 172 16 10 2 connection timed out remote host not responding router ping 172 16 10 2 type escape sequence to abort sending 5 100 byte icmp echos to 172 16 10 2 timeout is 2 seconds success rate is 0 percent 0 5,2025-09-17 15:28:45,0,99,2
Chal thk ha,chal thk ha,2025-07-25 11:58:00,0,3,0
"I was pushed to submit a mediocre paper to a conference. To my surprise it was accepted. How to save face?,Educational",i was pushed to submit a mediocre paper to a conference to my surprise it was accepted how to save face educational,1492769160,1,22,3
how to implement a pipe for ipc in linux terminal,how to implement a pipe for ipc in linux terminal,2025-11-06 22:24:03,1,10,1
"""for i in range(len(arr)): "" error in this line",for i in range len arr error in this line,2024-11-14 09:40:51,0,10,2
"sudo apt install docker-ce docker-ce-cli containerd.io docker-buildx-plugin docker-compose-plugin -y Package docker-ce is not available, but is referred to by another package.  Error: Package 'docker-ce' has no installation candidate Error: Package 'docker-ce-cli' has no installation candidate Error: Unable to locate package containerd.io Error: Couldn't find any package by glob 'containerd.io' Error: Unable to locate package docker-buildx-plugin Error: Unable to locate package docker-compose-plugin",sudo apt install docker ce docker ce cli containerd io docker buildx plugin docker compose plugin y package docker ce is not available but is referred to by another package error package docker ce has no installation candidate error package docker ce cli has no installation candidate error unable to locate package containerd io error couldn t find any package by glob containerd io error unable to locate package docker buildx plugin error unable to locate package docker compose plugin,2025-11-24 19:49:13,0,80,2
"How to get rid of unwanted and annoying co-author?,Educational",how to get rid of unwanted and annoying co author educational,1400542957,1,11,3
"Task 02 — Coding Implementation: Naive Bayes (50 points) In this task, you will implement a Naive Bayes classifier in Python using the given CSV dataset, leveraging pure Python and NumPy. The goal is to classify messages as spam or ham based on word frequency.",task 02 coding implementation naive bayes 50 points in this task you will implement a naive bayes classifier in python using the given csv dataset leveraging pure python and numpy the goal is to classify messages as spam or ham based on word frequency,2025-12-03 22:18:47,0,44,1
What is the command we need to run in order to display the 'ftp' client help menu?,what is the command we need to run in order to display the ftp client help menu,2026-04-09 23:28:24,1,17,4
Bas kafi ha,bas kafi ha,2025-12-23 19:37:00,0,3,0
now can you write a function to test dynamic queue ?,now can you write a function to test dynamic queue,2025-09-06 20:16:29,1,10,1
can u modify this sql query to grant privileges to user,can u modify this sql query to grant privileges to user,2025-11-27 05:51:01,1,11,1
when we need to use FutureBuilder?,when we need to use futurebuilder,2025-12-17 11:23:00,1,6,4
"node ./test.js (node:51072) Warning: To load an ES module, set ""type"": ""module"" in the package.json or use the .mjs extension. (Use `node --trace-warnings ...` to show where the warning was created) /home/hanan/Projects/c++/SaaS-on-SaaS/backend/test.js:3 import chalk from 'chalk'; ^^^^^^  SyntaxError: Cannot use import statement outside a module     at internalCompileFunction (node:internal/vm:73:18)     at wrapSafe (node:internal/modules/cjs/loader:1274:20)     at Module._compile (node:internal/modules/cjs/loader:1320:27)     at Module._extensions..js (node:internal/modules/cjs/loader:1414:10)     at Module.load (node:internal/modules/cjs/loader:1197:32)     at Module._load (node:internal/modules/cjs/loader:1013:12)     at Function.executeUserEntryPoint [as runMain] (node:internal/modules/run_main:128:12)     at node:internal/main/run_main_module:28:49  Node.js v18.19.1",node test js node 51072 warning to load an es module set type module in the package json or use the mjs extension use node trace warnings to show where the warning was created home hanan projects c saas on saas backend test js 3 import chalk from chalk syntaxerror cannot use import statement outside a module at internalcompilefunction node internal vm 73 18 at wrapsafe node internal modules cjs loader 1274 20 at module compile node internal modules cjs loader 1320 27 at module extensions js node internal modules cjs loader 1414 10 at module load node internal modules cjs loader 1197 32 at module load node internal modules cjs loader 1013 12 at function executeuserentrypoint as runmain node internal modules run main 128 12 at node internal main run main module 28 49 node js v18 19 1,2026-03-11 23:08:11,0,140,2
what is meant by line integral and where is it used,what is meant by line integral and where is it used,2025-05-30 23:04:11,1,11,4
Aik srs matter ha,aik srs matter ha,2025-09-09 19:03:00,0,4,0
what is trap mode,what is trap mode,2025-12-11 19:58:38,1,4,4
"node server.js node:internal/modules/cjs/loader:1137   throw err;   ^  Error: Cannot find module 'cors' Require stack: - /home/hanan/two-tier-app/backend/server.js     at Module._resolveFilename (node:internal/modules/cjs/loader:1134:15)     at Module._load (node:internal/modules/cjs/loader:975:27)     at Module.require (node:internal/modules/cjs/loader:1225:19)     at require (node:internal/modules/helpers:177:18)     at Module.load (node:internal/modules/cjs/loader:1197:32)     at Module._load (node:internal/modules/cjs/loader:1013:12)     at Function.executeUserEntryPoint [as runMain] (node:internal/modules/run_main:128:12) {   code: 'MODULE_NOT_FOUND',   requireStack: [ '/home/hanan/two-tier-app/backend/server.js' ] }  Node.js v18.19.1",node server js node internal modules cjs loader 1137 throw err error cannot find module cors require stack home hanan two tier app backend server js at module resolvefilename node internal modules cjs loader 1134 15 at module load node internal modules cjs loader 975 27 at module require node internal modules cjs loader 1225 19 at require node internal modules helpers 177 18 at module load node internal modules cjs loader 1197 32 at module load node internal modules cjs loader 1013 12 at function executeuserentrypoint as runmain node internal modules run main 128 12 code module not found requirestack home hanan two tier app backend server js node js v18 19 1,2025-11-22 18:48:19,0,114,2
&quot;PKIX path building failed&quot; and &quot;unable to find valid certification path to requested target&quot;,quot pkix path building failed quot and quot unable to find valid certification path to requested target quot,2014-01-12 20:04:45,0,18,2
what is PageController and ScrollController,what is pagecontroller and scrollcontroller,2025-11-30 14:27:29,1,5,4
write a flutter code for creates a chat interface,write a flutter code for creates a chat interface,2025-02-18 14:54:04,0,9,1
Xcode 10 Error: Multiple commands produce,xcode 10 error multiple commands produce,2018-06-06 15:22:16,0,6,2
"Why are most scientific articles locked behind a paywall?,Educational",why are most scientific articles locked behind a paywall educational,1480129562,1,10,3
write a function to prime number generation,write a function to prime number generation,2025-02-19 03:01:21,0,7,1
"How to improve graduate student recruitment at a small, good, but non-elite department?,Educational",how to improve graduate student recruitment at a small good but non elite department educational,1439521366,1,15,3
"How to manage very weak students presenting problem solutions?,Educational",how to manage very weak students presenting problem solutions educational,1455977246,1,10,3
ustad,ustad,2025-11-19 20:44:00,0,1,0
"How long typically are paper reviews? Is there such a thing as “too long”?,Educational",how long typically are paper reviews is there such a thing as too long educational,1383123463,1,15,3
what is the error in socket.write(data),what is the error in socket write data,2025-07-28 13:58:28,1,8,2
evaluate the model accuracy using implement gradient descent from scratch,evaluate the model accuracy using implement gradient descent from scratch,2026-02-09 06:21:11,0,10,1
"How to approach a student with bad hygiene?,Educational",how to approach a student with bad hygiene educational,1513524932,1,9,3
convert 88in char into int in c++,convert 88in char into int in c,2024-11-17 16:23:23,0,7,4
fatal error: Python.h: No such file or directory,fatal error python h no such file or directory,2014-02-03 20:00:16,0,9,2
whats the difference between NETCONF and YAML?,whats the difference between netconf and yaml,2025-12-11 20:05:31,1,7,4
what is tooltip in floatingActionButton,what is tooltip in floatingactionbutton,2025-12-17 13:32:08,1,5,4
What&#39;s the problem with &quot;using namespace std;&quot;?,what 39 s the problem with quot using namespace std quot,2009-09-21 09:08:23,1,11,2
Gg,gg,2025-06-21 15:25:00,0,1,0
how to create list,how to create list,2024-11-14 09:43:35,1,4,1
"How can I tell my advisor that I&#39;m not going to work for free?,Educational",how can i tell my advisor that i 39 m not going to work for free educational,1456738404,1,17,3
so not needed,so not needed,2025-07-29 21:22:00,0,3,0
"How should I ask my new chair not to hire someone?,Educational",how should i ask my new chair not to hire someone educational,1687991732,1,12,3
PostgreSQL error: Fatal: role &quot;username&quot; does not exist,postgresql error fatal role quot username quot does not exist,2012-08-12 08:00:44,0,10,2
use css to implement oauth2 login,use css to implement oauth2 login,2026-03-05 06:33:24,0,6,1
use flutter to uses bottom navigation with 4 tabs,use flutter to uses bottom navigation with 4 tabs,2024-12-24 21:34:34,0,9,1
what is NETCONF/YANG,what is netconf yang,2025-11-19 14:11:37,1,4,4
Habibi,habibi,2026-03-07 05:10:00,0,1,0
"How to react professionally when you receive a complaint from a student,Educational",how to react professionally when you receive a complaint from a student educational,1456191513,1,13,3
what is arctan?,what is arctan,2024-10-28 11:22:00,1,3,4
Jeo😂,jeo,2025-06-25 20:08:00,0,1,0
what is meant by notches,what is meant by notches,2025-11-30 15:45:48,1,5,4
is this error?,is this error,2026-02-20 03:26:34,1,3,2
generate random location in data frame,generate random location in data frame,2024-11-21 10:27:26,0,6,1
Nhi,nhi,2025-05-29 12:10:00,0,1,0
"The method '_buildImageBox' isn't defined for the type 'MyHomePage'. Try correcting the name to the name of an existing method, or defining a method named '_buildImageBox'",the method buildimagebox isn t defined for the type myhomepage try correcting the name to the name of an existing method or defining a method named buildimagebox,2025-09-29 18:54:16,0,27,2
difference between base LLM and Instruction-tuned LLM,difference between base llm and instruction tuned llm,2024-12-15 16:08:59,0,8,4
what does bins do,what does bins do,2026-02-12 13:59:37,1,4,4
"terminate called after throwing an instance of 'IndexError: list index out of range' Traceback (most recent call last):   File ""test.py"", line 5, in <module>     json::parse(str) IndexError: list index out of range",terminate called after throwing an instance of indexerror list index out of range traceback most recent call last file test py line 5 in module json parse str indexerror list index out of range,2025-06-29 22:49:59,0,34,2
How to fix the Hibernate &quot;object references an unsaved transient instance - save the transient instance before flushing&quot; error,how to fix the hibernate quot object references an unsaved transient instance save the transient instance before flushing quot error,2010-02-20 21:17:45,1,20,2
"How can I avoid inadvertently offending my female peers and getting into trouble for it?,Educational",how can i avoid inadvertently offending my female peers and getting into trouble for it educational,1526575431,1,16,3
ahan,ahan,2025-08-22 22:07:00,0,1,0
what is super key and candidate key,what is super key and candidate key,2026-03-31 23:41:11,1,7,4
what does 0.0.0.0 and 255.255.255.255 represents?,what does 0 0 0 0 and 255 255 255 255 represents,2025-12-10 18:31:15,1,12,4
&quot;UNPROTECTED PRIVATE KEY FILE!&quot; Error using SSH into Amazon EC2 Instance (AWS),quot unprotected private key file quot error using ssh into amazon ec2 instance aws,2011-11-19 16:35:08,0,14,2
whats the problem with this logic,whats the problem with this logic,2025-10-09 19:44:29,1,6,2
"(venv) hanan@hanan-ThinkBook:~/Projects/python$ python3 ./llama.py Traceback (most recent call last):   File ""/home/hanan/Projects/python/./llama.py"", line 3, in <module>     response = ollama.chat(                ^^^^^^^^^^^^   File ""/home/hanan/Projects/python/venv/lib/python3.12/site-packages/ollama/_client.py"", line 342, in chat     return self._request(                  ^^^^^^^^^^^^^^^^^^^^^^^^^^^^^^^^^^   File ""/home/hanan/Projects/python/venv/lib/python3.12/site-packages/ollama/_client.py"", line 124, in _request_raw     raise ResponseError(e.response.text, e.response.status_code) from None ollama._types.ResponseError: model requires more system memory (5.6 GiB) than is available (5.2 GiB) (status code: 500)",venv hanan hanan thinkbook projects python python3 llama py traceback most recent call last file home hanan projects python llama py line 3 in module response ollama chat file home hanan projects python venv lib python3 12 site packages ollama client py line 342 in chat return self request file home hanan projects python venv lib python3 12 site packages ollama client py line 124 in request raw raise responseerror e response text e response status code from none ollama types responseerror model requires more system memory 5 6 gib than is available 5 2 gib status code 500,2025-07-15 13:11:40,0,99,2
write a flutter app that uses google maps to show location,write a flutter app that uses google maps to show location,2024-10-19 00:44:18,0,11,1
"Why do some professors not recommend any text books for a course?,Educational",why do some professors not recommend any text books for a course educational,1537101170,1,13,3
Hukm,hukm,2025-05-22 21:18:00,0,1,0
Wese hi,wese hi,2025-06-21 15:40:00,0,2,0
Mai rehta hon raeea of bhalwaal k satg,mai rehta hon raeea of bhalwaal k satg,2025-12-29 23:26:00,0,8,0
"A paper I received to review has (independently) duplicated work that we are writing up. How to proceed in light of peer-review confidentiality?,Educational",a paper i received to review has independently duplicated work that we are writing up how to proceed in light of peer review confidentiality educational,1480349579,1,25,3
"How can I timestamp my paper without violating double-blind review?,Educational",how can i timestamp my paper without violating double blind review educational,1414913523,1,12,3
"Why are journals telling me that my article is plagiarized even though I wrote it by myself?,Educational",why are journals telling me that my article is plagiarized even though i wrote it by myself educational,1538431290,1,18,3
chudhryyyyy,chudhryyyyy,2025-05-22 21:08:00,0,1,0
Chudhryyyyy,chudhryyyyy,2025-05-16 17:07:00,0,1,0
Reference - What does this error mean in PHP?,reference what does this error mean in php,2012-10-07 20:11:00,1,8,2
areeeee,areeeee,2025-05-22 21:11:00,1,1,0
"Published papers with incorrect solutions of famous problems: how to raise concerns with editors?,Educational",published papers with incorrect solutions of famous problems how to raise concerns with editors educational,1473616977,1,15,3
"How to find a good topic for a PhD research proposal?,Educational",how to find a good topic for a phd research proposal educational,1329332406,1,12,3
can u create a python program that uses flask to create a rest api,can u create a python program that uses flask to create a rest api,2024-11-12 22:45:42,1,14,1
"#dashtodockContainer.bottom.fixed #dash .dash-item-container .app-well-app, #dashtodockContainer.bottom.fixed #dash .dash-item-container .show-apps {   padding-top: 24px; }",dashtodockcontainer bottom fixed dash dash item container app well app dashtodockcontainer bottom fixed dash dash item container show apps padding top 24px,2025-07-13 12:31:52,0,22,2
how to convert csv to json in linux terminal,how to convert csv to json in linux terminal,2025-01-01 16:00:47,1,9,1
give me an expression to learn if I have learned conversion as a test,give me an expression to learn if i have learned conversion as a test,2025-09-10 22:20:49,0,14,1
input in pythn,input in pythn,2024-11-14 08:45:30,0,3,4
How to solve Permission denied (publickey) error when using Git?,how to solve permission denied publickey error when using git,2010-04-15 12:46:34,1,10,2
Geo,geo,2025-10-04 22:31:00,0,1,0
How to fix missing dependency warning when using useEffect React Hook,how to fix missing dependency warning when using useeffect react hook,2019-04-25 05:35:14,1,11,2
"[json.exception.parse_error.101] parse error at line 1, column 2: syntax error while parsing object key - unexpected end of input; expected string literalHandling request what this error is actually telling me the string can't be parsed to json?",json exception parse error 101 parse error at line 1 column 2 syntax error while parsing object key unexpected end of input expected string literalhandling request what this error is actually telling me the string can t be parsed to json,2025-09-07 15:34:54,1,41,2
That makes 2 of hs,that makes 2 of hs,2025-12-04 22:10:00,0,5,0
example of a graph which is neither sparse nor dense,example of a graph which is neither sparse nor dense,2024-12-24 11:58:19,0,10,4
Han kyu,han kyu,2025-08-12 20:39:00,0,2,0
"How not to lose confidence in front of supervisor?,Educational",how not to lose confidence in front of supervisor educational,1479158411,1,10,3
"How do I deal with a supervisor who wants to replace bioinformatics expertise with ChatGPT, especially when it comes to publishing?,Educational",how do i deal with a supervisor who wants to replace bioinformatics expertise with chatgpt especially when it comes to publishing educational,1750363283,1,22,3
write a flutter code for creates a chat interface,write a flutter code for creates a chat interface,2026-04-17 20:01:59,0,9,1
what does a delete and update query looks like,what does a delete and update query looks like,2026-03-11 01:54:06,1,9,4
evaluate the model accuracy using use dropout to prevent overfitting,evaluate the model accuracy using use dropout to prevent overfitting,2025-02-12 23:58:50,0,10,1
Na apki na meri,na apki na meri,2025-07-29 21:23:00,0,4,0
can you do it without for loop,can you do it without for loop,2024-11-21 09:56:44,1,7,4
what is template<> doing?,what is template doing,2025-05-22 14:02:04,1,4,4
"B: Implement class DecisionStump with: fit(X, y, weights=None) — call find_best_split(), store the best feature and threshold, then determine the majority class label for the left group and the right group separately predict(X) — for each row, if row[feature] <= threshold return the left label, otherwise return the right label. Return a NumPy array.  explain this",b implement class decisionstump with fitx y weightsnone call findbestsplit store the best feature and threshold then determine the majority class label for the left group and the right group separately predictx for each row if rowfeature threshold return the left label otherwise return the right label return a numpy array explain this,2026-03-05 20:05:20,0,53,1
"sudo snap install android-studio --classic error: snap ""android-studio"" has ""install-snap"" change in progress",sudo snap install android studio classic error snap android studio has install snap change in progress,2025-08-25 17:01:07,0,16,2
Shooper mai,shooper mai,2026-04-21 11:02:00,0,2,0
what does late do in dart,what does late do in dart,2025-11-30 14:25:37,1,6,4
Morning 😔,morning,2025-08-23 23:35:00,0,1,0
"10. Make a random tensor with shape (1, 1, 1, 10) and then create a new tensor with all the 1 dimensions removed to be left with a tensor of shape (10). Set the seed to 7 when you create it and print out the first tensor and it's shape as well as the second tensor and it's shape.",10 make a random tensor with shape 1 1 1 10 and then create a new tensor with all the 1 dimensions removed to be left with a tensor of shape 10 set the seed to 7 when you create it and print out the first tensor and its shape as well as the second tensor and its shape,2026-04-09 21:39:35,0,59,1
Je,je,2025-05-23 13:57:00,0,1,0
koi tension hi nhi,koi tension hi nhi,2025-08-20 21:54:00,0,4,0
"How to deal with unavoidable failure in my first year of tenure-track applications?,Educational",how to deal with unavoidable failure in my first year of tenure track applications educational,1524416033,1,15,3
Hey folks,hey folks,2025-10-09 09:27:00,0,2,0
"How to deal with people judging your &#39;overproductiveness&#39;?,Educational",how to deal with people judging your 39 overproductiveness 39 educational,1435001451,1,11,3
is shoe size interval attribute or ratio attribute?,is shoe size interval attribute or ratio attribute,2024-12-15 15:41:07,1,8,4
Yas,yas,2025-04-11 22:15:00,0,1,0
"How do I gain back my faith in my PhD degree?,Educational",how do i gain back my faith in my phd degree educational,1554274199,1,12,3
where does this cap came from?,where does this cap came from,2026-02-12 14:06:27,1,6,4
sfml example code,sfml example code,2025-05-19 22:44:16,0,3,1
give me a python code of graph of usage of password strength checker in recent years,give me a python code of graph of usage of password strength checker in recent years,2024-10-30 18:48:30,0,16,1
Ok krta,ok krta,2025-03-23 17:19:00,0,2,0
now can you write a function to check static queue?,now can you write a function to check static queue,2025-09-06 20:21:12,1,10,1
implement a quick sort data structure,implement a quick sort data structure,2025-06-01 19:20:18,0,6,1
find c and n0,find c and n0,2024-11-08 12:29:34,0,4,4
what happens when we choose k small and k large,what happens when we choose k small and k large,2025-12-14 20:44:44,1,10,4
what will be the serial order in strict 2PL?,what will be the serial order in strict 2pl,2026-04-01 02:13:01,1,9,4
"can you write a main.js to check authentication.js that has login, logout and signup",can you write a mainjs to check authenticationjs that has login logout and signup,2026-03-11 22:50:40,1,14,1
"I&#39;ve been admitted to multiple PhD programs, how should I choose between them?,Educational",i 39 ve been admitted to multiple phd programs how should i choose between them educational,1460610650,1,16,3
"ERROR 1064 (42000): You have an error in your SQL syntax; check the manual that corresponds to your MySQL server version for the right syntax to use near 'CURRENT_DATE,     end_date DATE NULL,     status ENUM('Active', 'Expired', 'Canc' at line 6",error 1064 42000 you have an error in your sql syntax check the manual that corresponds to your mysql server version for the right syntax to use near current date end date date null status enum active expired canc at line 6,2026-03-11 23:35:53,0,42,2
write a flutter code for detects swipe gestures,write a flutter code for detects swipe gestures,2025-09-25 04:44:57,0,8,1
yeah this is still not working,yeah this is still not working,2025-11-08 12:08:45,0,6,2
"How can I convince graduate students in China to not copy/paste from the Internet into their research papers?,Educational",how can i convince graduate students in china to not copy paste from the internet into their research papers educational,1533098499,1,20,3
why this isnt working,why this isnt working,2025-11-22 05:49:39,1,4,2
write a beginner friendly flutter code that: Allow users to enter a task using a TextField. • Add the task to a ListView when the user presses a button. • Each task should have a Checkbox to mark it as completed.,write a beginner friendly flutter code that allow users to enter a task using a textfield add the task to a listview when the user presses a button each task should have a checkbox to mark it as completed,2025-09-24 09:24:58,0,39,1
example code to check sfml,example code to check sfml,2025-06-12 22:10:56,0,5,1
Shollyy,shollyy,2026-03-24 19:26:00,0,1,0
"How to deal with an academic &#39;stalker&#39;?,Educational",how to deal with an academic 39 stalker 39 educational,1411740899,1,10,3
use pandas to performs k-means clustering,use pandas to performs kmeans clustering,2026-02-02 08:32:23,0,6,1
Exception has occurred: ReferenceError: require isnt defined,exception has occurred referenceerror require isnt defined,2025-02-06 23:09:54,0,7,2
can u find c and n0,can u find c and n0,2024-11-07 19:05:25,1,6,4
write a node.js express server that implement server-side rendering,write a nodejs express server that implement serverside rendering,2025-07-20 19:13:26,0,9,1
"As a referee, how can I avoid being force-opted into marketing?,Educational",as a referee how can i avoid being force opted into marketing educational,1691576965,1,13,3
important conditions?,important conditions,2025-05-30 23:46:19,1,2,4
i want to change the copy shortcut inside the terminal,i want to change the copy shortcut inside the terminal,2025-07-13 13:35:41,0,10,4
Tahir bhai,tahir bhai,2025-04-15 16:14:00,0,2,0
Ohh,ohh,2024-09-08 00:03:00,0,1,0
"What is the first address in the block if one of the addresses is 140.120.84.24/20? Number of addresses, first and last useable IPs in block? Broadcast address?",what is the first address in the block if one of the addresses is 140 120 84 24 20 number of addresses first and last useable ips in block broadcast address,2025-12-15 19:23:24,1,31,4
Why is conditional processing of a sorted array faster than of an unsorted array?,why is conditional processing of a sorted array faster than of an unsorted array,2012-06-27 18:51:36,1,14,2
Naaaa,naaaa,2025-07-31 16:08:00,0,1,0
Manually raising (throwing) an exception in Python,manually raising throwing an exception in python,2010-01-13 02:07:40,0,7,2
what is x86 architecture?,what is x86 architecture,2026-02-02 11:57:19,1,4,4
What is the command used to download the file we found on the FTP server?,what is the command used to download the file we found on the ftp server,2026-04-09 23:30:44,1,15,4
Mein to kambal mein lipta huwa,mein to kambal mein lipta huwa,2025-11-06 07:00:00,0,6,0
"How do some PhD students get 10+ papers? Is that what I need for landing good faculty position?,Educational",how do some phd students get 10 papers is that what i need for landing good faculty position educational,1565558616,1,19,3
"Why do journals have limits on the number of references?,Educational",why do journals have limits on the number of references educational,1435145772,1,11,3
What is the name of the most common tool for finding open ports on a target?,what is the name of the most common tool for finding open ports on a target,2026-04-09 22:30:48,1,16,4
what are the parameters of http.delete,what are the parameters of http delete,2025-11-24 18:51:29,1,7,4
can u tell me that piece of code,can u tell me that piece of code,2024-10-28 14:20:38,1,8,1
write a c++ main() to test checks if a number is prime,write a c main to test checks if a number is prime,2025-08-17 09:27:47,0,12,1
Good morning,good morning,2025-11-23 08:18:00,0,2,0
How do I properly assert that an exception gets raised in pytest?,how do i properly assert that an exception gets raised in pytest,2014-04-28 14:33:45,1,12,2
Bhau,bhau,2025-12-21 04:10:00,0,1,0
"How to deal with inactive students in undergraduate projects?,Educational",how to deal with inactive students in undergraduate projects educational,1513358179,1,10,3
"U.S. grading system: Why discrete grades?,Educational",u s grading system why discrete grades educational,1537376527,1,8,3
Laptop mere pass already ha,laptop mere pass already ha,2025-07-29 19:40:00,0,5,0
"Why does academia.edu reserve the right to sell, modify, and &quot;exploit&quot; my papers if I post them there?,Educational",why does academia edu reserve the right to sell modify and exploit my papers if i post them there educational,1390396832,1,20,3
Compare serial vs. parallel data transfer.,compare serial vs parallel data transfer,2025-06-04 11:52:06,0,6,4
write a c++ program to reverses a linked list in place using pointers,write a c program to reverses a linked list in place using pointers,2026-02-03 02:49:36,0,13,1
Byg Byrd,byg byrd,2025-07-31 15:46:00,0,2,0
Paish na krwa,paish na krwa,2025-11-01 14:23:00,0,3,0
Exception has occurred: Error: Cant find module 'ollama',exception has occurred error cant find module ollama,2025-05-28 17:33:19,0,8,2
(/usr/libexec/xdg-desktop-portal:5791): xdg-desktop-portal-WARNING **: 10:07:33.615: Backend call failed: No such interface “org.freedesktop.impl.portal.FileChooser” on object at path /org/freedesktop/portal/desktop,usr libexec xdg desktop portal 5791 xdg desktop portal warning 10 07 33 615 backend call failed no such interface org freedesktop impl portal filechooser on object at path org freedesktop portal desktop,2025-07-14 10:08:13,0,33,2
Jeoo,jeoo,2025-12-04 22:43:00,0,1,0
"How to tell an over-confident student they still have a lot to learn?,Educational",how to tell an over confident student they still have a lot to learn educational,1394113527,1,15,3
agr A aata,agr a aata,2025-08-20 21:56:00,0,3,0
./server -q circular -c 8 -w 3 -p 8080 Server listening on port 8080 ... terminate called after throwing an instance of 'std::runtime_error' terminate called recursively   what():  Cannot deque. Queue is empty Aborted (core dumped),server q circular c 8 w 3 p 8080 server listening on port 8080 terminate called after throwing an instance of std runtime error terminate called recursively what cannot deque queue is empty aborted core dumped,2025-09-06 22:57:11,0,36,2
Oy,oy,2026-01-07 12:49:00,0,1,0
Bhai always ready,bhai always ready,2025-11-02 22:00:00,0,3,0
what is curse of dimensionality,what is curse of dimensionality,2026-03-29 14:09:40,1,5,4
&quot;The certificate chain was issued by an authority that is not trusted&quot; when connecting DB in VM Role from Azure website,quot the certificate chain was issued by an authority that is not trusted quot when connecting db in vm role from azure website,2013-07-12 17:46:32,0,23,2
"How should instructors react when students bring (noisy) babies to class?,Educational",how should instructors react when students bring noisy babies to class educational,1504977214,1,12,3
What do you think Rxton 158-005 is better or BO-729?,what do you think rxton 158 005 is better or bo 729,2026-02-01 17:49:29,1,12,4
write a c program to find files modified in last 7 days,write a c program to find files modified in last 7 days,2025-03-31 05:51:14,0,12,1
Hlo,hlo,2025-03-22 10:49:00,0,1,0
"As a PhD student, how do I benefit from reviewing a book my adviser is writing?,Educational",as a phd student how do i benefit from reviewing a book my adviser is writing educational,1495305791,1,17,3
"How can I improve the effectiveness of my literature searches?,Educational",how can i improve the effectiveness of my literature searches educational,1382458620,1,11,3
Good morning,good morning,2025-12-29 19:30:00,0,2,0
Write a function that generates a 2 MB data file.,write a function that generates a 2 mb data file,2025-08-21 22:26:30,0,10,1
"Why have some publishers stopped printing Indian edition books?,Educational",why have some publishers stopped printing indian edition books educational,1747815384,1,10,3
what if i want to generate between 0 to 255,what if i want to generate between 0 to 255,2024-11-14 10:28:27,1,10,4
is there any way i can find the forgotten password of my internet connection if i only know its name using my pc?,is there any way i can find the forgotten password of my internet connection if i only know its name using my pc,2025-06-29 20:31:13,1,23,4
where does obs stores the video in system,where does obs stores the video in system,2025-07-15 16:45:57,1,8,4
"sudo docker-compose logs -f backend Attaching to two-tier-app_backend_1 backend_1   | > student-backend@1.0.0 start backend_1   | > node server.js backend_1   | Database initialization error: Error: connect ECONNREFUSED 172.18.0.2:3306 backend_1   |     at Module._compile (node:internal/modules/cjs/loader:1364:14) backend_1   |     at Module._extensions..js (node:internal/modules/cjs/loader:1422:10) backend_1   |     at Module.load (node:internal/modules/cjs/loader:1203:32) backend_1   |     at Module._load (node:internal/modules/cjs/loader:1019:12) backend_1   |     at Function.executeUserEntryPoint [as runMain] (node:internal/modules/run_main:128:12) backend_1   |     at node:internal/main/run_main_module:28:49 { backend_1   |   code: 'ECONNREFUSED', backend_1   |   errno: -111, backend_1   |   sqlState: undefined backend_1   | } two-tier-app_backend_1 exited with code 1",sudo docker compose logs f backend attaching to two tier app backend 1 backend 1 student backend 1 0 0 start backend 1 node server js backend 1 database initialization error error connect econnrefused 172 18 0 2 3306 backend 1 at module compile node internal modules cjs loader 1364 14 backend 1 at module extensions js node internal modules cjs loader 1422 10 backend 1 at module load node internal modules cjs loader 1203 32 backend 1 at module load node internal modules cjs loader 1019 12 backend 1 at function executeuserentrypoint as runmain node internal modules run main 128 12 backend 1 at node internal main run main module 28 49 backend 1 code econnrefused backend 1 errno 111 backend 1 sqlstate undefined backend 1 two tier app backend 1 exited with code 1,2025-11-08 11:27:35,0,136,2
"======== Exception caught by widgets library ======================================================= The following assertion was thrown building Scaffold(dirty, state: ScaffoldState#0ef9c(tickers: tracking 3 tickers)): No Directionality widget found.  Scaffold widgets require a Directionality widget ancestor.  The relevant error-causing widget was:    Scaffold Scaffold:file:///home/hanan/StudioProjects/lab10/lib/main.dart:360:12 When the exception was thrown, this was the stack:  #0      debugCheckHasDirectionality.<anonymous closure> (package:flutter/src/widgets/debug.dart:375:7) #1      debugCheckHasDirectionality (package:flutter/src/widgets/debug.dart:397:4) #2      ScaffoldState.build (package:flutter/src/material/scaffold.dart:2980:12) #3      StatefulElement.build (package:flutter/src/widgets/framework.dart:5833:27) #4      ComponentElement.performRebuild (package:flutter/src/widgets/framework.dart:5723:15) #5      StatefulElement.performRebuild (package:flutter/src/widgets/framework.dart:5884:11) #6      Element.rebuild (package:flutter/src/widgets/framework.dart:5435:7) #107    WidgetsBinding.scheduleAttachRootWidget.<anonymous closure> (package:flutter/src/widgets/binding.dart:1347:7) #111    _RawReceivePort._handleMessage (dart:isolate-patch/isolate_patch.dart:193:12) (elided 3 frames from class _Timer and dart:async-patch)",exception caught by widgets library the following assertion was thrown building scaffold dirty state scaffoldstate 0ef9c tickers tracking 3 tickers no directionality widget found scaffold widgets require a directionality widget ancestor the relevant error causing widget was scaffold scaffold file home hanan studioprojects lab10 lib main dart 360 12 when the exception was thrown this was the stack 0 debugcheckhasdirectionality anonymous closure package flutter src widgets debug dart 375 7 1 debugcheckhasdirectionality package flutter src widgets debug dart 397 4 2 scaffoldstate build package flutter src material scaffold dart 2980 12 3 statefulelement build package flutter src widgets framework dart 5833 27 4 componentelement performrebuild package flutter src widgets framework dart 5723 15 5 statefulelement performrebuild package flutter src widgets framework dart 5884 11 6 element rebuild package flutter src widgets framework dart 5435 7 107 widgetsbinding scheduleattachrootwidget anonymous closure package flutter src widgets binding dart 1347 7 111 rawreceiveport handlemessage dart isolate patch isolate patch dart 193 12 elided 3 frames from class timer and dart async patch,2025-11-27 02:27:53,0,169,2
this hasnt solve the problem of tokenize(message),this hasnt solve the problem of tokenize message,2025-12-04 12:02:28,0,8,2
"How to write a strong introduction into a research paper?,Educational",how to write a strong introduction into a research paper educational,1388600252,1,11,3
which language is used to wireshark?,which language is used to wireshark,2025-06-27 19:43:51,1,6,4
"Error: A value of type 'Set<Map<dynamic, dynamic>>' can't be assigned to a variable of type 'Map<int, int>'.  - 'Set' is from 'dart:core'.  - 'Map' is from 'dart:core'.    Map <int,int> squares = {                            ^",error a value of type set map dynamic dynamic can t be assigned to a variable of type map int int set is from dart core map is from dart core map int int squares,2025-08-27 09:45:20,0,35,2
how to displays a grid of images in flutter,how to displays a grid of images in flutter,2025-11-20 11:47:20,1,9,1
where does n^n log(logn) and all other increasing function lies,where does n n log logn and all other increasing function lies,2024-11-07 18:55:13,1,12,4
write a program to listens on port 8080 using fork,write a program to listens on port 8080 using fork,2025-08-19 06:53:11,0,10,1
"As an instructor, how to use the first day of class?,Educational",as an instructor how to use the first day of class educational,1421821012,1,12,3
implement jwt authantication in create a responsive nav bar,implement jwt authantication in create a responsive nav bar,2025-10-20 03:05:49,0,9,1
what are the important concepts and conditions for divergence,what are the important concepts and conditions for divergence,2025-05-30 23:22:12,1,9,4
Chudhryyyy,chudhryyyy,2025-09-09 20:22:00,0,1,0
can u create a html page that displays a form to submit data,can u create a html page that displays a form to submit data,2025-02-02 15:42:33,1,13,1
Done,done,2024-12-06 20:55:00,1,1,0
whats the idea of range of gini index,whats the idea of range of gini index,2026-03-29 14:15:39,1,8,4
"[Signup] Error: TypeError [ERR_INVALID_ARG_TYPE]: The first argument must be of type string or an instance of Buffer, ArrayBuffer, or Array or an Array-like Object. Received undefined     at Function.from (node:buffer:322:9)     at verifyOTP (/home/hanan/Projects/c++/SaaS-on-SaaS/backend/controllers/authentication.js:58:16)     at signup (/home/hanan/Projects/c++/SaaS-on-SaaS/backend/controllers/authentication.js:270:28)     at Layer.handleRequest (/home/hanan/Projects/c++/SaaS-on-SaaS/node_modules/router/lib/layer.js:152:17)     at next (/home/hanan/Projects/c++/SaaS-on-SaaS/node_modules/router/lib/route.js:157:13)     at /home/hanan/Projects/c++/SaaS-on-SaaS/node_modules/express-rate-limit/dist/index.cjs:947:7     at process.processTicksAndRejections (node:internal/process/task_queues:95:5)     at async /home/hanan/Projects/c++/SaaS-on-SaaS/node_modules/express-rate-limit/dist/index.cjs:830:5 {   code: 'ERR_INVALID_ARG_TYPE'",signup error typeerror err invalid arg type the first argument must be of type string or an instance of buffer arraybuffer or array or an array like object received undefined at function from node buffer 322 9 at verifyotp home hanan projects c saas on saas backend controllers authentication js 58 16 at signup home hanan projects c saas on saas backend controllers authentication js 270 28 at layer handlerequest home hanan projects c saas on saas node modules router lib layer js 152 17 at next home hanan projects c saas on saas node modules router lib route js 157 13 at home hanan projects c saas on saas node modules express rate limit dist index cjs 947 7 at process processticksandrejections node internal process task queues 95 5 at async home hanan projects c saas on saas node modules express rate limit dist index cjs 830 5 code err invalid arg type,2026-04-05 20:09:19,0,154,2
i have done the same but its giving that error,i have done the same but its giving that error,2025-08-23 00:09:02,0,10,2
write a c++ main() to test uses smart pointers for memory management,write a c main to test uses smart pointers for memory management,2026-03-08 11:38:59,0,12,1
"How to handle a paper by a reviewer who wants to be paid?,Educational",how to handle a paper by a reviewer who wants to be paid educational,1536829357,1,14,3
which browser should I use for this?,which browser should i use for this,2025-07-12 13:27:11,1,7,4
take it or leave it,take it or leave it,2025-07-29 21:18:00,0,5,0
"To avoid legal battle, in bussiness world reference letters are written extremely terse. How do academics get away with this?,Educational",to avoid legal battle in bussiness world reference letters are written extremely terse how do academics get away with this educational,1408587720,1,21,3
"Why do some tests have a (nonzero) minimum score?,Educational",why do some tests have a nonzero minimum score educational,1452111308,1,10,3
if (signupRes.data.success) {             state.clientId = signupRes.data.data.client_id;         }  💥 Unexpected error during test execution: TypeError: Cannot read properties of undefined (reading 'client_id')     at file:///home/hanan/Projects/c++/SaaS-on-SaaS/backend/test.mjs:74:50     at process.processTicksAndRejections (node:internal/process/task_queues:95:5),if signupres data success state clientid signupres data data client id unexpected error during test execution typeerror cannot read properties of undefined reading client id at file home hanan projects c saas on saas backend test mjs 74 50 at process processticksandrejections node internal process task queues 95 5,2026-03-12 00:27:14,0,49,2
"How to handle a student&#39;s public speaking anxiety when teaching a class that requires presentations?,Educational",how to handle a student 39 s public speaking anxiety when teaching a class that requires presentations educational,1422871322,1,18,3
fatal error: TypeError: undefined isnt a function,fatal error typeerror undefined isnt a function,2026-01-18 18:21:23,0,7,2
what is relationship between player and ring?,what is relationship between player and ring,2025-05-21 18:20:14,1,7,4
Classes sahi hain,classes sahi hain,2025-05-22 21:00:00,0,3,0
Geoo,geoo,2026-01-23 16:32:00,0,1,0
write a python function to implement batch normalization for ml,write a python function to implement batch normalization for ml,2025-01-14 20:33:06,0,10,1
"As a PhD student, I want to limit myself to 40 hrs/week. How to maintain this boundary?,Educational",as a phd student i want to limit myself to 40 hrs week how to maintain this boundary educational,1594358087,1,19,3
"When an item is pushed on the decrementing stack, the top is: A. First decremented, then element copied onto the stack than pushing the very first element on stack keeps an empty space?",when an item is pushed on the decrementing stack the top is a first decremented then element copied onto the stack than pushing the very first element on stack keeps an empty space,2026-04-04 09:50:13,1,33,4
Write a query to display the full names of those departments whose average salary is greater than the minimum salary of any departments and whose max salary is less than the max salary of any department. Also display 3 rd to 5 th letter as substring of the departments name with Heading Name Code.,write a query to display the full names of those departments whose average salary is greater than the minimum salary of any departments and whose max salary is less than the max salary of any department also display 3 rd to 5 th letter as substring of the departments name with heading name code,2025-02-27 09:25:19,0,54,1
terminate called after throwing an instance of 'fatal: Not a git repository (or any of the parent directories): .git',terminate called after throwing an instance of fatal not a git repository or any of the parent directories git,2025-07-19 06:53:16,0,19,2
"How to contact professors for PhD vacancies?,Educational",how to contact professors for phd vacancies educational,1332910508,1,8,3
"How to thank someone who proofread my scientific paper?,Educational",how to thank someone who proofread my scientific paper educational,1500947937,1,10,3
solve the bubble sort problem,solve the bubble sort problem,2025-07-09 15:49:27,0,5,1
write a c++ program that gives current row and column of cursor on terminal,write a c program that gives current row and column of cursor on terminal,2025-03-01 17:59:17,0,14,1
Poochta,poochta,2025-09-27 17:39:00,0,1,0
"Why do academics prefer Mac/Linux?,Educational",why do academics prefer mac linux educational,1557893629,1,7,3
Idhr,idhr,2025-10-17 13:29:00,0,1,0
"FAILURE: Build failed with an exception.  * What went wrong: A problem occurred configuring project ':sqflite_android'. > Could not resolve all artifacts for configuration 'classpath'.    > Could not download kotlin-reflect-2.1.20.jar (org.jetbrains.kotlin:kotlin-reflect:2.1.20)       > Could not get resource 'https://repo.maven.apache.org/maven2/org/jetbrains/kotlin/kotlin-reflect/2.1.20/kotlin-reflect-2.1.20.jar'.          > Could not GET 'https://repo.maven.apache.org/maven2/org/jetbrains/kotlin/kotlin-reflect/2.1.20/kotlin-reflect-2.1.20.jar'.             > Read timed out > Failed to notify project evaluation listener.    > java.lang.NullPointerException (no error message)    > java.lang.NullPointerException (no error message)  * Try: > Run with --stacktrace option to get the stack trace. > Run with --info or --debug option to get more log output. > Run with --scan to get full insights. > Get more help at https://help.gradle.org.  BUILD FAILED in 2m 49s [!] Gradle threw an error while downloading artifacts from the network. Retrying Gradle Build: #1, wait time: 100ms Running Gradle task 'assembleDebug'...",failure build failed with an exception what went wrong a problem occurred configuring project sqflite android could not resolve all artifacts for configuration classpath could not download kotlin reflect 2 1 20 jar org jetbrains kotlin kotlin reflect 2 1 20 could not get resource https repo maven apache org maven2 org jetbrains kotlin kotlin reflect 2 1 20 kotlin reflect 2 1 20 jar could not get https repo maven apache org maven2 org jetbrains kotlin kotlin reflect 2 1 20 kotlin reflect 2 1 20 jar read timed out failed to notify project evaluation listener java lang nullpointerexception no error message java lang nullpointerexception no error message try run with stacktrace option to get the stack trace run with info or debug option to get more log output run with scan to get full insights get more help at https help gradle org build failed in 2m 49s gradle threw an error while downloading artifacts from the network retrying gradle build 1 wait time 100ms running gradle task assembledebug,2025-11-27 02:17:53,0,171,2
Je,je,2025-05-15 20:35:00,0,1,0
How do you test that a Python function throws an exception?,how do you test that a python function throws an exception,2008-09-25 02:00:35,1,11,2
what is the formula in weighted fair queuing,what is the formula in weighted fair queuing,2025-12-15 23:16:58,1,8,4
"Why do publishing scams use &quot;lҽttҽr ѕubstitυtҽs&quot;?,Educational",why do publishing scams use l tt r ubstit t s educational,1624958050,1,12,3
what is the error in x = 5;,what is the error in x 5,2025-03-06 12:04:13,1,7,2
what is the error in socket.write(data),what is the error in socket write data,2024-11-22 16:07:17,1,8,2
./server -q circular -c 8 -w 3 -p 8080 terminate called after throwing an instance of 'std::logic_error'   what():  basic_string: construction from null is not valid Aborted (core dumped),server q circular c 8 w 3 p 8080 terminate called after throwing an instance of std logic error what basic string construction from null is not valid aborted core dumped,2025-09-06 19:50:37,0,31,2
"How to identify predatory publishers/journals,Educational",how to identify predatory publishers journals educational,1340631521,1,7,3
what should be size of noise array ?,what should be size of noise array,2026-04-11 16:47:46,1,7,4
"Why are many obviously pointless papers published, or worse studied?,Educational",why are many obviously pointless papers published or worse studied educational,1609068274,1,11,3
"RuntimeError                              Traceback (most recent call last) /tmp/ipykernel_25900/2749896428.py in <cell line: 0>()      16       17     logits = model(X_train)                 # raw outputs ---> 18     loss = loss_fn(logits, y_train)      19       20     # Convert logits → predictions (0 or 1)  3 frames /usr/local/lib/python3.12/dist-packages/torch/nn/functional.py in binary_cross_entropy(input, target, weight, size_average, reduce, reduction)    3572     3573     # pyrefly: ignore [bad-argument-type] -> 3574     return torch._C._nn.binary_cross_entropy(input, target, weight, reduction_enum)    3575     3576   RuntimeError: all elements of input should be between 0 and 1",runtimeerror traceback most recent call last tmp ipykernel 25900 2749896428 py in cell line 0 16 17 logits model x train raw outputs 18 loss loss fn logits y train 19 20 convert logits predictions 0 or 1 3 frames usr local lib python3 12 dist packages torch nn functional py in binary cross entropy input target weight size average reduce reduction 3572 3573 pyrefly ignore bad argument type 3574 return torch c nn binary cross entropy input target weight reduction enum 3575 3576 runtimeerror all elements of input should be between 0 and 1,2026-04-22 17:03:22,0,95,2
what after restart,what after restart,2025-11-25 21:03:28,1,3,4
sudo mysql ERROR 1524 (HY000): Plugin 'mysql_native_password' is not loaded,sudo mysql error 1524 hy000 plugin mysql native password is not loaded,2025-11-24 13:36:35,0,12,2
Phr koi skill issue ha,phr koi skill issue ha,2025-08-23 15:54:00,0,5,0
Generate a list of numbers from 1 to 30.,generate a list of numbers from 1 to 30,2024-11-14 09:31:23,0,9,4
write a code to traverse the 2d array with time complexity of O(log(m*n)),write a code to traverse the 2d array with time complexity of ologmn,2025-08-22 13:49:49,0,13,1
"How soon to fire rude and chaotic PhD student?,Educational",how soon to fire rude and chaotic phd student educational,1724196778,1,10,3
Difference between a decoder and demultiplexer.,difference between a decoder and demultiplexer,2025-06-03 12:44:49,0,6,4
how to write tick in c++,how to write tick in c,2024-11-23 22:58:24,1,6,1
what does widget.email means,what does widget email means,2025-12-06 10:45:50,1,5,4
rab raakha,rab raakha,2025-05-21 13:00:00,0,2,0
"node ./server.js file:///home/hanan/Projects/c++/SaaS-on-SaaS/backend/server.js:2 require('dotenv').config(); ^  ReferenceError: require is not defined in ES module scope, you can use import instead This file is being treated as an ES module because it has a '.js' file extension and '/home/hanan/Projects/c++/SaaS-on-SaaS/package.json' contains ""type"": ""module"". To treat it as a CommonJS script, rename it to use the '.cjs' file extension.     at file:///home/hanan/Projects/c++/SaaS-on-SaaS/backend/server.js:2:1     at ModuleJob.run (node:internal/modules/esm/module_job:195:25)     at async ModuleLoader.import (node:internal/modules/esm/loader:336:24)     at async loadESM (node:internal/process/esm_loader:34:7)     at async handleMainPromise (node:internal/modules/run_main:106:12)  Node.js v18.19.1",node server js file home hanan projects c saas on saas backend server js 2 require dotenv config referenceerror require is not defined in es module scope you can use import instead this file is being treated as an es module because it has a js file extension and home hanan projects c saas on saas package json contains type module to treat it as a commonjs script rename it to use the cjs file extension at file home hanan projects c saas on saas backend server js 2 1 at modulejob run node internal modules esm module job 195 25 at async moduleloader import node internal modules esm loader 336 24 at async loadesm node internal process esm loader 34 7 at async handlemainpromise node internal modules run main 106 12 node js v18 19 1,2026-03-11 23:13:15,0,137,2
write sql query to group by department and sum salaries,write sql query to group by department and sum salaries,2025-12-26 16:30:51,0,10,1
"How to proceed when the baseline (state-of-the-art) published results claim much better performance than I can reproduce?,Educational",how to proceed when the baseline state of the art published results claim much better performance than i can reproduce educational,1571062887,1,21,3
"Why did I receive a negative response from a professor when emailing about course content and prerequisites of a course I am considering taking?,Educational",why did i receive a negative response from a professor when emailing about course content and prerequisites of a course i am considering taking educational,1617772894,1,25,3
"How to handle an interview out of my league,Educational",how to handle an interview out of my league educational,1518961192,1,10,3
bahar haal kal krte kuch,bahar haal kal krte kuch,2025-08-20 21:54:00,0,5,0
Thek ha,thek ha,2025-12-27 18:29:00,0,2,0
Detecting an undefined object property,detecting an undefined object property,2008-08-26 13:25:08,0,5,2
write a node.js express server that create a progressive web app,write a nodejs express server that create a progressive web app,2026-04-03 11:33:27,0,11,1
is this part 3?,is this part 3,2024-11-16 21:29:34,1,4,4
can u create a flutter screen that uses futurebuilder to load async data,can u create a flutter screen that uses futurebuilder to load async data,2025-05-07 19:34:58,1,13,1
Hn,hn,2025-05-31 22:50:00,0,1,0
write a c++ main() to test implements a queue using arrays,write a c main to test implements a queue using arrays,2025-08-03 02:16:40,0,11,1
use css to use websockets for real-time communication,use css to use websockets for realtime communication,2025-10-28 21:01:34,0,8,1
"Should all authors on a paper be comfortable explaining every aspect of the paper?,Educational",should all authors on a paper be comfortable explaining every aspect of the paper educational,1487776255,1,15,3
important conditions for this?,important conditions for this,2025-05-30 23:39:40,1,4,4
"How to help reduce students&#39; anxiety in an oral exam?,Educational",how to help reduce students 39 anxiety in an oral exam educational,1483432553,1,12,3
"How do I help my friend who went down the path of crankery?,Educational",how do i help my friend who went down the path of crankery educational,1635345788,1,14,3
why this isnt working,why this isnt working,2026-03-08 10:04:04,1,4,2
"How to respond to &quot;unfair to write English&quot; comments?,Educational",how to respond to unfair to write english comments educational,1620654331,1,10,3
"Develop a simple two-tier web application with clear separation between frontend and backend.  Frontend: o Create using HTML/CSS/JavaScript, or any framework or any you want like React, Vue.js, or Angular. o Example: a small Student Registration or Feedback Form or just login form.  Backend (Database): o Use MySQL, PostgreSQL, or SQLite. o Store and retrieve data from the frontend form.",develop a simple twotier web application with clear separation between frontend and backend frontend o create using htmlcssjavascript or any framework or any you want like react vuejs or angular o example a small student registration or feedback form or just login form backend database o use mysql postgresql or sqlite o store and retrieve data from the frontend form,2025-11-20 21:37:31,0,60,1
what is race around condition,what is race around condition,2025-06-03 14:50:29,1,5,4
"Exception has occurred: AttributeError 'float' object has no attribute 'lower'   File ""/home/hanan/Projects/python/bscs24001-assig3.py"", line 18, in tokenize     return message.lower().split()            ^^^^^^^^^^^^^   File ""/home/hanan/Projects/python/bscs24001-assig3.py"", line 30, in vectorize     for w in tokenize(message):              ^^^^^^^^^^^^^^^^^   File ""/home/hanan/Projects/python/bscs24001-assig3.py"", line 35, in train     X_train = np.array([vectorize(msg) for msg in train['message']])",exception has occurred attributeerror float object has no attribute lower file home hanan projects python bscs24001 assig3 py line 18 in tokenize return message lower split file home hanan projects python bscs24001 assig3 py line 30 in vectorize for w in tokenize message file home hanan projects python bscs24001 assig3 py line 35 in train x train np array vectorize msg for msg in train message,2025-12-04 16:12:47,0,66,2
Koi kaam he,koi kaam he,2025-06-21 15:40:00,0,3,0
Hn,hn,2025-06-14 22:35:00,0,1,0
"Why not make students reproduce work?,Educational",why not make students reproduce work educational,1474104827,1,7,3
what are performance metrics?,what are performance metrics,2026-04-08 18:28:53,1,4,4
make a hard coded vector,make a hard coded vector,2025-11-17 21:22:18,0,5,1
how to creates a virtual environment in python using matplotlib,how to creates a virtual environment in python using matplotlib,2024-12-02 02:34:48,1,10,1
whats the difference between / ~/ in dart?,whats the difference between in dart,2025-12-16 15:38:19,1,6,4
what is getNextRequest and getBulkRequest,what is getnextrequest and getbulkrequest,2025-12-11 20:00:18,1,5,4
"node ./server.js [dotenv@17.3.1] injecting env (0) from .env -- tip: ⚡️ secrets for agents: https://dotenvx.com/as2 [dotenv@17.3.1] injecting env (0) from .env -- tip: ⚙️  override existing env vars with { override: true } /home/hanan/Projects/c++/SaaS-on-SaaS/node_modules/path-to-regexp/dist/index.js:96             throw new PathError(`Missing parameter name at index ${index}`, str);             ^  PathError [TypeError]: Missing parameter name at index 1: *; visit https://git.new/pathToRegexpError for info     at name (/home/hanan/Projects/c++/SaaS-on-SaaS/node_modules/path-to-regexp/dist/index.js:96:19)     at parse (/home/hanan/Projects/c++/SaaS-on-SaaS/node_modules/path-to-regexp/dist/index.js:113:68)     at pathToRegexp (/home/hanan/Projects/c++/SaaS-on-SaaS/node_modules/path-to-regexp/dist/index.js:267:58)     at Object.match (/home/hanan/Projects/c++/SaaS-on-SaaS/node_modules/path-to-regexp/dist/index.js:237:30)     at matcher (/home/hanan/Projects/c++/SaaS-on-SaaS/node_modules/router/lib/layer.js:86:23)     at new Layer (/home/hanan/Projects/c++/SaaS-on-SaaS/node_modules/router/lib/layer.js:93:62)     at Function.use (/home/hanan/Projects/c++/SaaS-on-SaaS/node_modules/router/index.js:398:19)     at Function.<anonymous> (/home/hanan/Projects/c++/SaaS-on-SaaS/node_modules/express/lib/application.js:222:21)     at Array.forEach (<anonymous>)     at Function.use (/home/hanan/Projects/c++/SaaS-on-SaaS/node_modules/express/lib/application.js:219:7) {   originalPath: '*' }  Node.js v18.19.1",node server js dotenv 17 3 1 injecting env 0 from env tip secrets for agents https dotenvx com as2 dotenv 17 3 1 injecting env 0 from env tip override existing env vars with override true home hanan projects c saas on saas node modules path to regexp dist index js 96 throw new patherror missing parameter name at index index str patherror typeerror missing parameter name at index 1 visit https git new pathtoregexperror for info at name home hanan projects c saas on saas node modules path to regexp dist index js 96 19 at parse home hanan projects c saas on saas node modules path to regexp dist index js 113 68 at pathtoregexp home hanan projects c saas on saas node modules path to regexp dist index js 267 58 at object match home hanan projects c saas on saas node modules path to regexp dist index js 237 30 at matcher home hanan projects c saas on saas node modules router lib layer js 86 23 at new layer home hanan projects c saas on saas node modules router lib layer js 93 62 at function use home hanan projects c saas on saas node modules router index js 398 19 at function anonymous home hanan projects c saas on saas node modules express lib application js 222 21 at array foreach anonymous at function use home hanan projects c saas on saas node modules express lib application js 219 7 originalpath node js v18 19 1,2026-03-11 23:19:16,0,253,2
"console representation as (x,y)",console representation as x y,2024-11-18 22:46:08,0,5,4
Honi to chahiye,honi to chahiye,2025-06-21 12:47:00,0,3,0
can u modify this sql query to update a record in users table,can u modify this sql query to update a record in users table,2026-01-19 01:28:12,1,13,1
"How far should you go in compromising your work to get it published?,Educational",how far should you go in compromising your work to get it published educational,1529563477,1,14,3
"How do people peer-review many papers?,Educational",how do people peer review many papers educational,1511277401,1,8,3
write a program to backup files to remote server using fork,write a program to backup files to remote server using fork,2025-11-24 11:50:17,0,11,1
can i use customize taskbar?,can i use customize taskbar,2025-07-12 22:38:50,1,5,4
how to create a add a column to existing table in sql,how to create a add a column to existing table in sql,2026-03-27 16:59:11,1,12,1
whats the difference between simple list and np array,whats the difference between simple list and np array,2026-01-28 15:56:07,1,9,4
when we use s1 and s2 ?,when we use s1 and s2,2025-12-17 22:02:04,1,6,4
file handling seekg function,file handling seekg function,2024-11-13 18:26:19,0,4,4
Takaza he,takaza he,2025-09-04 17:08:00,0,2,0
i have done this but still not working,i have done this but still not working,2025-02-04 01:38:48,0,8,2
write a function that will convert the pixel values into 0 or 1,write a function that will convert the pixel values into 0 or 1,2026-04-11 18:05:23,0,13,1
"write a function of writing a BTreeNode  void writeToFile(fstream& file, BTreeNode& node){}",write a function of writing a btreenode void writetofilefstream file btreenode node,2025-12-08 23:29:25,0,12,1
Acha acha,acha acha,2024-02-24 19:42:00,0,2,0
whats the error in this code,whats the error in this code,2026-04-15 13:28:18,1,6,2
what is overhead in IP datagram format,what is overhead in ip datagram format,2025-12-10 18:12:56,1,7,4
How to fix npm throwing error without sudo,how to fix npm throwing error without sudo,2013-04-22 20:35:37,1,8,2
write a c program to use epoll for socket multiplexing,write a c program to use epoll for socket multiplexing,2025-10-09 08:37:17,0,10,1
"How do you come to terms with the fact that you might never be among the best in your research community?,Educational",how do you come to terms with the fact that you might never be among the best in your research community educational,1491461773,1,22,3
G,g,2024-03-16 13:31:00,0,1,0
what is rgb image,what is rgb image,2024-11-14 10:23:40,1,4,4
Jeoo,jeoo,2025-07-08 18:13:00,0,1,0
can you explain this error: bash: ifconfig: command not found,can you explain this error bash ifconfig command not found,2025-11-21 05:38:16,1,10,2
what are row exchange matrices,what are row exchange matrices,2025-02-22 14:56:46,1,5,4
if i am opening a app in ubuntu what is the shortcut to close it,if i am opening a app in ubuntu what is the shortcut to close it,2025-07-12 14:10:32,0,15,4
write a flutter main.dart that implements form validation 1. First requirement here 2. Second requirement here 3. Third requirement here,write a flutter maindart that implements form validation 1 first requirement here 2 second requirement here 3 third requirement here,2025-12-18 08:34:49,0,20,1
its still not working,its still not working,2025-02-06 17:02:47,0,4,2
when I inspect on host machine it says this Blocked loading mixed active content “http://192.168.56.6:3000/register”192.168.56.7,when i inspect on host machine it says this blocked loading mixed active content http 192 168 56 6 3000 register 192 168 56 7,2025-11-25 17:33:17,1,25,4
stack around the variable board was corrupted. what is meant by this run time failure in c++,stack around the variable board was corrupted what is meant by this run time failure in c,2024-11-29 10:13:58,0,17,2
"How to politely respond to generic emails requesting a PhD/job in my lab? Without wasting too much time,Educational",how to politely respond to generic emails requesting a phd job in my lab without wasting too much time educational,1555038855,1,20,3
"Why is obtaining research grants so important to universities?,Educational",why is obtaining research grants so important to universities educational,1627947423,1,10,3
How can I catch multiple exceptions in one line? (in the &quot;except&quot; block),how can i catch multiple exceptions in one line in the quot except quot block,2011-06-24 20:55:08,1,15,2
"How to react to a reviewer’s comment when he is completely right, but you do not like the consequences?,Educational",how to react to a reviewer s comment when he is completely right but you do not like the consequences educational,1406488537,1,21,3
try{         q->enqueue(r);         queue_full_count++;     }     catch ( const runtime_error& e){cout << e.what()<<endl;} does this will work if I am throwing runtime_error if the queue is full in my queue implementation?,try q enqueue r queue full count catch const runtime error e cout e what endl does this will work if i am throwing runtime error if the queue is full in my queue implementation,2025-09-07 15:00:49,1,35,2
Inshallah,inshallah,2025-06-25 20:09:00,0,1,0
"Why is plagiarism so harshly punished?,Educational",why is plagiarism so harshly punished educational,1451799655,1,7,3
"How to reward students for learning from mistakes without penalizing those who didn&#39;t make mistakes in the first place?,Educational",how to reward students for learning from mistakes without penalizing those who didn 39 t make mistakes in the first place educational,1523364653,1,22,3
"How do I cut ties with a bad supervisor?,Educational",how do i cut ties with a bad supervisor educational,1495534843,1,10,3
done,done,2024-07-01 11:53:00,1,1,0
this isnt working,this isnt working,2025-08-27 01:07:06,0,3,2
"How do we end the culture of “endless hours at work”?,Educational",how do we end the culture of endless hours at work educational,1351324314,1,12,3
what is the purpose of out-of=bag samples in bagging,what is the purpose of out of bag samples in bagging,2026-03-09 19:02:30,1,11,4
&quot;Debug certificate expired&quot; error in Eclipse Android plugins,quot debug certificate expired quot error in eclipse android plugins,2010-02-04 00:26:15,0,10,2
np.random.randint().,np random randint,2024-11-14 09:23:22,0,3,4
"How to quiet noisy undergrads students during lecture,Educational",how to quiet noisy undergrads students during lecture educational,1445597028,1,9,3
create a flutter app with displays a pdf file,create a flutter app with displays a pdf file,2025-08-16 17:07:35,0,9,1
Sql Server &#39;Saving changes is not permitted&#39; error ► Prevent saving changes that require table re-creation,sql server 39 saving changes is not permitted 39 error prevent saving changes that require table re creation,2011-07-25 04:22:17,0,18,2
hmm,hmm,2024-05-21 10:23:00,0,1,0
"How to ask for feedback from research students on my supervision abilities?,Educational",how to ask for feedback from research students on my supervision abilities educational,1406753945,1,13,3
Je,je,2025-11-06 20:32:00,0,1,0
"Exception has occurred: ModuleNotFoundError No module named 'ollama'   File ""/home/hanan/Projects/python/llama.py"", line 1, in <module>     import ollama ModuleNotFoundError: No module named 'ollama'",exception has occurred modulenotfounderror no module named ollama file home hanan projects python llama py line 1 in module import ollama modulenotfounderror no module named ollama,2025-07-15 13:02:19,0,26,2
"How to build healthy working relationships with my male colleagues as a young-ish, attractive-ish woman?,Educational",how to build healthy working relationships with my male colleagues as a young ish attractive ish woman educational,1539960438,1,18,3
"How can I avoid being &quot;the negative one&quot; when giving feedback on statistics?,Educational",how can i avoid being the negative one when giving feedback on statistics educational,1484589224,1,14,3
what if along with login response session_id I send a boolean flag of that is true i can have the access of sql editor from the frontend otherwise not?,what if along with login response session id i send a boolean flag of that is true i can have the access of sql editor from the frontend otherwise not,2026-03-09 23:05:46,1,30,4
write an update statement,write an update statement,2026-04-14 00:12:06,0,4,1
what is a QR module grid and whats the difference with an image,what is a qr module grid and whats the difference with an image,2026-04-11 19:28:19,1,13,4
can u modify this c++ code to writes data to a binary file,can u modify this c code to writes data to a binary file,2025-01-14 20:33:06,1,13,1
ln functions?,ln functions,2024-11-05 20:39:32,1,2,4
ollama._types.ResponseError: model requires more system memory (5.6 GiB) than is available (5.4 GiB) (status code: 500),ollama types responseerror model requires more system memory 5 6 gib than is available 5 4 gib status code 500,2025-07-16 20:58:29,0,20,2
what happens in Switch: multiple simultaneous transmissions,what happens in switch multiple simultaneous transmissions,2025-12-15 18:14:16,1,7,4
"1️⃣6️⃣ Write an INNER JOIN query to get employee names with their department names. 1️⃣7️⃣ Use a LEFT JOIN to show all employees and their department names (including employees without a department). 1️⃣8️⃣ Use a RIGHT JOIN to show all departments and the employees in them (including departments without employees). 1️⃣9️⃣ Show all employees and all departments, even if they don't match (FULL JOIN). 2️⃣0️⃣ Retrieve employees who don't have a department assigned.",16 write an inner join query to get employee names with their department names 17 use a left join to show all employees and their department names including employees without a department 18 use a right join to show all departments and the employees in them including departments without employees 19 show all employees and all departments even if they dont match full join 20 retrieve employees who dont have a department assigned,2025-02-17 22:56:05,0,73,1
isnt there any specific algorithm used for this like alpha beta pruning is used in chess AI?,isnt there any specific algorithm used for this like alpha beta pruning is used in chess ai,2025-06-09 18:49:15,1,17,4
is there any problem if i wrote a function with same name in two different header files inside the classes,is there any problem if i wrote a function with same name in two different header files inside the classes,2025-04-25 17:24:51,1,20,2
"How can I deal with students that are too sensitive when they are wrong? Particularly when they answer simple questions incorrectly during class?,Educational",how can i deal with students that are too sensitive when they are wrong particularly when they answer simple questions incorrectly during class educational,1652571620,1,24,3
how to use create a shared memory segment for socket programming,how to use create a shared memory segment for socket programming,2025-04-15 23:16:31,1,11,1
how can i display every column separately in this code?,how can i display every column separately in this code,2025-05-08 22:35:17,1,10,1
can i customize dock such that the icons zoom on hover using dconf editor?,can i customize dock such that the icons zoom on hover using dconf editor,2025-07-13 12:57:51,1,14,4
Write a function void inorderTraversal(Node* node) that: Performs an in-order traversal (left → root → right). Prints the bookID and title for each book. Expose this functionality with a public function displayBooks().  This will print all books sorted by their IDs. explain the function with the help of a small example,write a function void inordertraversalnode node that performs an inorder traversal left root right prints the bookid and title for each book expose this functionality with a public function displaybooks this will print all books sorted by their ids explain the function with the help of a small example,2025-09-26 19:49:50,0,49,1
"Create a Flutter app that can: 1. Fetch user information from a server using a GET request. 2. Delete a user from the server using a DELETE request. 3. UI Components a. Two buttons using Elevated Button: i. Fetch User (GET) ii. Delete User (DELETE) b. A Text to display the server response on the screen. 4. HTTP Requests a. Use the http package b. GET request to http://localhost:8000/ (for Android emulator) i. Should display the server’s response on screen. c. DELETE request to http://localhost:8000/ i. Should update the Text () widget on success.  5. Error Handling a. Show all errors in a SnackBar. b. Handle invalid responses, connection issues, and server errors.   dont create a server for this  just create the ui in flutter",create a flutter app that can 1 fetch user information from a server using a get request 2 delete a user from the server using a delete request 3 ui components a two buttons using elevated button i fetch user get ii delete user delete b a text to display the server response on the screen 4 http requests a use the http package b get request to httplocalhost8000 for android emulator i should display the servers response on screen c delete request to httplocalhost8000 i should update the text widget on success 5 error handling a show all errors in a snackbar b handle invalid responses connection issues and server errors dont create a server for this just create the ui in flutter,2025-11-19 18:56:30,0,124,1
"Write a Pollard Rho implementation (faster, more general)",write a pollard rho implementation faster more general,2026-04-18 13:58:44,0,8,1
"char* buffer = ""hanan"";     Encrypt t;     cout << buffer << endl;     t.encrypt(buffer);  than there will be error in this",char buffer hanan encrypt t cout buffer endl t encrypt buffer than there will be error in this,2025-11-17 23:03:05,0,18,2
"How long before PhD graduation should I start applying for post-doc positions?,Educational",how long before phd graduation should i start applying for post doc positions educational,1353077603,1,14,3
Parchy hongy to charchy hongy,parchy hongy to charchy hongy,2025-07-31 16:09:00,0,5,0
How to fix java.lang.UnsupportedClassVersionError: Unsupported major.minor version,how to fix java lang unsupportedclassversionerror unsupported major minor version,2012-04-30 16:28:24,1,10,2
Git error: failed to push some refs to remote,git error failed to push some refs to remote,2014-06-09 11:21:26,0,9,2
How do you assert that a certain exception is thrown in JUnit tests?,how do you assert that a certain exception is thrown in junit tests,2008-10-01 12:56:08,1,13,2
A to aa jayega,a to aa jayega,2025-08-21 19:10:00,0,4,0
Tahir bhai,tahir bhai,2025-05-20 15:05:00,0,2,0
Inshallah,inshallah,2025-06-21 14:14:00,0,1,0
"How to deal with people looking at their mobile phone during my presentation?,Educational",how to deal with people looking at their mobile phone during my presentation educational,1439992505,1,14,3
"How should I interpret a promising preprint that was never published in a peer-reviewed journal?,Educational",how should i interpret a promising preprint that was never published in a peer reviewed journal educational,1563461677,1,17,3
"ast.where = {                 type: 'expr',                 operator: 'AND',                 left: parser.expression.parse(tenantCondition.split(' AND ')[0]),                 right: tenantCondition.split(' AND ').length > 1 ?                      parser.expression.parse(tenantCondition.split(' AND ').slice(1).join(' AND ')) :                      null             }; can you change this code such that it Parse the entire tenantCondition as one expression and combine with existing WHERE using AND",astwhere type expr operator and left parserexpressionparsetenantconditionsplit and 0 right tenantconditionsplit and length 1 parserexpressionparsetenantconditionsplit and slice1join and null can you change this code such that it parse the entire tenantcondition as one expression and combine with existing where using and,2026-03-11 21:58:11,1,41,1
Happy birthdayy 🎂,happy birthdayy,2025-07-18 00:00:00,0,2,0
fatal error: warning: apt-key is deprecated,fatal error warning apt key is deprecated,2025-09-04 04:56:30,0,7,2
"Why do so many pure math PhD students in the USA drop out or leave academia, compared to applied mathematics PhDs in the USA?,Educational",why do so many pure math phd students in the usa drop out or leave academia compared to applied mathematics phds in the usa educational,1563173270,1,25,3
Koi ni tahir bhai,koi ni tahir bhai,2025-06-03 09:35:00,0,4,0
when I read something from files.omni from position 361500 it reads a garbage value and in my files the total file size is 112.5 kb?,when i read something from files omni from position 361500 it reads a garbage value and in my files the total file size is 112 5 kb,2025-12-27 13:53:53,1,27,4
MySQL Error 1093 - Can&#39;t specify target table for update in FROM clause,mysql error 1093 can 39 t specify target table for update in from clause,2008-09-05 16:03:46,0,14,2
Ok,ok,2025-05-03 05:21:00,0,1,0
Poora poora,poora poora,2025-07-29 19:39:00,0,2,0
what is the general structure for writing a non-formal email?,what is the general structure for writing a non formal email,2026-03-31 14:04:00,1,11,4
kal krta hu,kal krta hu,2025-02-10 21:53:00,0,3,0
How can I write a `try`/`except` block that catches all exceptions?,how can i write a try except block that catches all exceptions,2011-02-14 14:46:58,1,12,2
"How to add citation for a whole paragraph?,Educational",how to add citation for a whole paragraph educational,1363959242,1,9,3
Je je,je je,2025-03-15 05:34:00,0,2,0
what kind of model I should use from hugging face to estimate the cost,what kind of model i should use from hugging face to estimate the cost,2026-03-05 16:39:21,1,14,4
jiyooo,jiyooo,2025-10-08 18:17:00,0,1,0
what is meant by carry into MSB and carry out MSB in assembly nasm,what is meant by carry into msb and carry out msb in assembly nasm,2026-04-03 22:07:45,1,14,4
write a c++ main() to test implements a stack using templates,write a c main to test implements a stack using templates,2025-01-04 10:35:59,0,11,1
"How to substantiate the claim that something is not known?,Educational",how to substantiate the claim that something is not known educational,1432200651,1,11,3
evaluate the model accuracy using define a simple neural network,evaluate the model accuracy using define a simple neural network,2025-12-20 00:10:57,0,10,1
"How do professors and lecturers learn to teach?,Educational",how do professors and lecturers learn to teach educational,1575641339,1,9,3
what if the length of noise was 7 ?,what if the length of noise was 7,2026-04-11 17:07:04,1,8,4
write a react component that use d3.js to plot a chart,write a react component that use d3js to plot a chart,2024-12-09 02:05:32,0,11,1
ok,ok,2025-03-25 22:35:00,0,1,0
chudhry,chudhry,2025-08-20 21:44:00,0,1,0
Sunne mai aa rha uni khul gyi hui aj se,sunne mai aa rha uni khul gyi hui aj se,2025-12-29 23:10:00,0,10,0
"Modify the server to: 1. Wait for a client request. 2. The client will send a filename it wants to download. 3. Open the file in &quot;rb&quot; mode. 4. Read the file in chunks and send it to the client. 5. When done, send a message &quot;File transfer complete&quot;.",modify the server to 1 wait for a client request 2 the client will send a filename it wants to download 3 open the file in quotrbquot mode 4 read the file in chunks and send it to the client 5 when done send a message quotfile transfer completequot,2025-10-08 12:56:38,0,49,1
"How can our department solicit more (good) PhD applications?,Educational",how can our department solicit more good phd applications educational,1473013004,1,10,3
chudhryyyyy,chudhryyyyy,2025-05-22 21:18:00,0,1,0
the ubuntu dock is saying error occured thissignalHandler is null,the ubuntu dock is saying error occured thissignalhandler is null,2025-07-21 19:58:12,0,10,2
can u create a python program that uses multiprocessing to parallelize tasks,can u create a python program that uses multiprocessing to parallelize tasks,2025-11-14 15:50:51,1,12,1
what are the advantages and disadvantages of squared loss,what are the advantages and disadvantages of squared loss,2026-03-29 13:04:22,1,9,4
fittt,fittt,2025-11-13 00:47:00,0,1,0
"How should I control my nervousness, so as not to disturb my presentation on the day of a conference?,Educational",how should i control my nervousness so as not to disturb my presentation on the day of a conference educational,1422371533,1,20,3
its still not working,its still not working,2024-12-25 17:46:53,0,4,2
what is xr and xn?,what is xr and xn,2025-05-30 08:51:47,1,5,4
whats the problem with this class,whats the problem with this class,2025-04-01 13:42:34,1,6,2
2d array,2d array,2024-12-03 17:04:22,0,2,4
constraints of universal set,constraints of universal set,2025-02-15 17:32:07,0,4,4
tahir bhai ap Chaudhry ho,tahir bhai ap chaudhry ho,2025-07-09 20:44:00,0,5,0
"How should I react to seeing another student cheat on an exam?,Educational",how should i react to seeing another student cheat on an exam educational,1444961543,1,13,3
Okay,okay,2025-08-24 16:23:00,0,1,0
"can you explain this error: error: static assertion failed: std::thread arguments must be invocable after conversion to rvalues   157 |                                       typename decay<_Args>::type...>::value, but i have 126 lines of code in client.cpp",can you explain this error error static assertion failed std thread arguments must be invocable after conversion to rvalues 157 typename decay args type value but i have 126 lines of code in client cpp,2025-09-22 17:59:34,1,35,2
"Asking questions in class: how can I &quot;exit&quot; a Q&amp;A when I haven&#39;t really understood?,Educational",asking questions in class how can i exit a q a when i haven 39 t really understood educational,1485075976,1,19,3
write a javascript function to use d3.js to plot a chart,write a javascript function to use d3js to plot a chart,2024-10-19 00:44:18,0,11,1
implement a sql query that use window function to rank employees,implement a sql query that use window function to rank employees,2025-02-28 15:16:42,0,11,1
use axios to validate a form input,use axios to validate a form input,2025-11-25 06:37:28,0,7,1
"I want the error codes should be inside the same file as where I am implementing the login functionality also for now the error code are just required in first functionality implementation, now again give me the error code and implementation of first functionality (login)",i want the error codes should be inside the same file as where i am implementing the login functionality also for now the error code are just required in first functionality implementation now again give me the error code and implementation of first functionality login,2026-03-10 22:43:19,0,45,1
Bs sai ha,bs sai ha,2025-09-09 19:07:00,0,3,0
what if along side with releasing connection I do reset session will it solve my problem?,what if along side with releasing connection i do reset session will it solve my problem,2026-03-12 00:40:00,1,16,2
implement a udp client that use epoll for socket multiplexing,implement a udp client that use epoll for socket multiplexing,2025-08-05 05:52:01,0,10,1
can u implement a tcp server in c that convert csv to json,can u implement a tcp server in c that convert csv to json,2025-02-15 10:16:29,1,13,1
"How do I continue work if I love my research but hate my peers?,Educational",how do i continue work if i love my research but hate my peers educational,1686145932,1,15,3
"Why aren&#39;t more research papers/textbooks written in a &quot;thought process&quot; style?,Educational",why aren 39 t more research papers textbooks written in a thought process style educational,1627476051,1,15,3
"File ""/mnt/sol.py"", line 2     using namespace std;           ^^^^^^^^^ SyntaxError: invalid syntax in code chef",file mnt sol py line 2 using namespace std syntaxerror invalid syntax in code chef,2025-09-29 16:57:31,0,15,2
"Can I tell my PhD supervisor honestly why I want to leave him,Educational",can i tell my phd supervisor honestly why i want to leave him educational,1522749857,1,14,3
this has error,this has error,2025-05-09 18:19:58,0,3,2
this is not working it shows 1-9 everytime i click load more,this is not working it shows 1 9 everytime i click load more,2025-10-08 10:36:33,0,13,2
Taaper,taaper,2025-07-28 19:55:00,0,1,0
create a flutter app with displays a list of todo items,create a flutter app with displays a list of todo items,2025-08-11 07:28:12,0,11,1
"How do we deal with trainees/students using LLM for higher academic work?,Educational",how do we deal with trainees students using llm for higher academic work educational,1756060272,1,14,3
g++ -o server server.cpp server.cpp:14:10: fatal error: nlohmann/json.hpp: No such file or directory    14 | #include <nlohmann/json.hpp>       |          ^~~~~~~~~~~~~~~~~~~ compilation terminated.,g o server server cpp server cpp 14 10 fatal error nlohmann json hpp no such file or directory 14 include nlohmann json hpp compilation terminated,2026-01-01 21:25:57,0,26,2
What methods of ‘clearfix’ can I use?,what methods of clearfix can i use,2008-10-17 14:15:36,1,7,2
"git push -u origin main Enumerating objects: 47, done. Counting objects: 100% (47/47), done. remote: Resolving deltas: 100% (12/12), completed with 5 local objects. remote: error: Trace: ede1416d4549dccfd90f7fca1030219abb1ceddc3c114b67021b12924117f3e2 remote: error: See https://gh.io/lfs for more information. remote: error: File compiled/test.omni is 100.29 MB; this exceeds GitHub's file size limit of 100.00 MB remote: error: File compiled/test.omni is 100.29 MB; this exceeds GitHub's file size limit of 100.00 MB remote: error: GH001: Large files detected. You may want to try Git Large File Storage - https://git-lfs.github.com. To https://github.com/Hananchudhary/file-verse.git  ! [remote rejected] main -> main (pre-receive hook declined) error: failed to push some refs to 'https://github.com/Hananchudhary/file-verse.git'",git push u origin main enumerating objects 47 done counting objects 100 47 47 done remote resolving deltas 100 12 12 completed with 5 local objects remote error trace ede1416d4549dccfd90f7fca1030219abb1ceddc3c114b67021b12924117f3e2 remote error see https gh io lfs for more information remote error file compiled test omni is 100 29 mb this exceeds github s file size limit of 100 00 mb remote error file compiled test omni is 100 29 mb this exceeds github s file size limit of 100 00 mb remote error gh001 large files detected you may want to try git large file storage https git lfs github com to https github com hananchudhary file verse git remote rejected main main pre receive hook declined error failed to push some refs to https github com hananchudhary file verse git,2025-11-15 22:10:50,0,132,2
"class _TextAppState extends State<TextApp>{   @override   TextEditingController _controller = TextEditingController();      Widget build(BuildContext context){     return MaterialApp(       home: Scaffold(         appBar: AppBar(title: Text('ali')),         body: Column(           children: [             TextField(               controller: _controller,             ),             const SizedBox(height: 20),                          _controller.text == null?             const Text('nothing'):             Text(_controller.text) ,           ]         )       )     );   } }  whats the problem",class textappstate extends state textapp override texteditingcontroller controller texteditingcontroller widget build buildcontext context return materialapp home scaffold appbar appbar title text ali body column children textfield controller controller const sizedbox height 20 controller text null const text nothing text controller text whats the problem,2025-10-20 17:44:46,1,44,2
"How to reconcile desire to succeed in academia/willingness to prioritize research with ethical concerns about fair work practices?,Educational",how to reconcile desire to succeed in academia willingness to prioritize research with ethical concerns about fair work practices educational,1618287914,1,20,3
Abdul Hanan Chaudry Good Morning,abdul hanan chaudry good morning,2025-06-14 00:00:00,0,5,0
"this is the way how i am making an object in main:     Person p('B', 112, ""Mujtaba Asim is still demonstrating a very long string."");  and the serialize function is giving the following output: Bp7Mujtaba Asim is still demonstrating a very long string. is this correct",this is the way how i am making an object in main person p b 112 mujtaba asim is still demonstrating a very long string and the serialize function is giving the following output bp7mujtaba asim is still demonstrating a very long string is this correct,2025-05-17 10:10:05,0,46,2
Kidhr,kidhr,2025-05-29 14:21:00,0,1,0
"How should bathroom breaks be handled during written exams to avoid cheating?,Educational",how should bathroom breaks be handled during written exams to avoid cheating educational,1403451787,1,13,3
"Going back to university after suspension, how do I move past the shame?,Educational",going back to university after suspension how do i move past the shame educational,1400103085,1,14,3
write a bash script to convert csv to json,write a bash script to convert csv to json,2025-06-13 14:13:54,0,9,1
"How to get permission from Google to use Google Scholar Data, if needed?,Educational",how to get permission from google to use google scholar data if needed educational,1419932448,1,14,3
do u know any browser which is helful in scripting and automation tasks and also have buit-in functionalities?,do u know any browser which is helful in scripting and automation tasks and also have buit in functionalities,2025-07-12 13:29:13,1,19,4
Error: A value of type 'num' can't be assigned to a variable of type 'int'.        sum = sum + i.toInt();                  ^,error a value of type num can t be assigned to a variable of type int sum sum i toint,2025-08-27 09:50:48,0,20,2
How to access the correct `this` inside a callback,how to access the correct this inside a callback,2013-11-29 11:13:11,1,9,2
"How do I improve my rewriting and editing skills?,Educational",how do i improve my rewriting and editing skills educational,1359807594,1,10,3
"what if i  also want to implement this functionality also, Task 3: UDP Broadcasting Write a UDP program that: 1. Sends a message to all devices on the network (broadcast). 2. A client receives the broadcast message. keep it simple",what if i also want to implement this functionality also task 3 udp broadcasting write a udp program that 1 sends a message to all devices on the network broadcast 2 a client receives the broadcast message keep it simple,2025-10-01 16:13:45,1,40,1
"Why do academics frequently write very short email replies?,Educational",why do academics frequently write very short email replies educational,1449053153,1,10,3
what does info() do?,what does info do,2026-02-04 14:04:32,1,4,4
i want to remove it,i want to remove it,2024-11-21 11:59:15,0,5,4
inside the definition of every function just write things to implement in that function,inside the definition of every function just write things to implement in that function,2025-12-12 20:13:37,0,14,1
Achaaa,achaaa,2025-09-19 09:51:00,0,1,0
can u create a python program that handles command line arguments,can u create a python program that handles command line arguments,2025-06-13 23:07:58,1,11,1
"How to stop hopping the learning chain and actually begin somewhere?,Educational",how to stop hopping the learning chain and actually begin somewhere educational,1493983685,1,12,3
what are design patterns?,what are design patterns,2026-04-02 23:49:07,1,4,4
"what will be the time complexity of finding a key into a N by N matric whose rows and columns both in are sorted in decreasing order, i start from move to the diagonals starting from bottom left and when the key gets smaller than any diagonal value just find the key in that diagonal's column and row, is it correct?",what will be the time complexity of finding a key into a n by n matric whose rows and columns both in are sorted in decreasing order i start from move to the diagonals starting from bottom left and when the key gets smaller than any diagonal value just find the key in that diagonal s column and row is it correct,2026-03-30 23:22:32,1,62,4
can you give me the batch gradient descent?,can you give me the batch gradient descent,2026-04-06 22:17:40,1,8,1
e(ix)=?,e ix,2025-05-13 12:59:12,1,2,4
chudhry,chudhry,2025-06-02 01:54:00,0,1,0
"Why is it bad to judge a paper by citation count?,Educational",why is it bad to judge a paper by citation count educational,1421591319,1,12,3
give the correctedd code,give the correctedd code,2025-10-01 12:10:00,0,4,1
generate 3 random indeces in data frame with row and column,generate 3 random indeces in data frame with row and column,2024-11-21 10:05:20,0,11,4
write a sql trigger to get the second highest salary,write a sql trigger to get the second highest salary,2024-11-23 13:36:45,0,10,1
implement a python function to plots a bar chart,implement a python function to plots a bar chart,2025-08-17 09:46:55,0,9,1
tell me time in milli second in simplest form,tell me time in milli second in simplest form,2024-11-22 17:30:19,0,9,4
"Exception has occurred: TypeError cannot do positional indexing on RangeIndex with these indexers [113.8] of type float   File ""/home/hanan/Projects/python/bscs24001-project1.py"", line 191, in cross_validation     temp_X = X.iloc[i:X_end, :]             ~~~~~~^^^^^^^^^^^^   File ""/home/hanan/Projects/python/bscs24001-project1.py"", line 242, in <module>     acc, prec, recall, f1, spec = cross_validation(df, target, k, thresholds)                                   ^^^^^^^^^^^^^^^^^^^^^^^^^^^^^^^^^^^^^^^^^^^ TypeError: cannot do positional indexing on RangeIndex with these indexers [113.8] of type float",exception has occurred typeerror cannot do positional indexing on rangeindex with these indexers 113 8 of type float file home hanan projects python bscs24001 project1 py line 191 in cross validation temp x x iloc i x end file home hanan projects python bscs24001 project1 py line 242 in module acc prec recall f1 spec cross validation df target k thresholds typeerror cannot do positional indexing on rangeindex with these indexers 113 8 of type float,2026-04-08 18:58:09,0,76,2
what could be the problem here,what could be the problem here,2025-08-15 00:09:25,1,6,2
Acha,acha,2025-04-15 16:21:00,0,1,0
"How do I effectively solicit a strong letter of recommendation from a professor?,Educational",how do i effectively solicit a strong letter of recommendation from a professor educational,1434550634,1,14,3
"In file included from /usr/include/c++/13/thread:45,                  from /home/hanan/Projects/c++/assig2/server.cpp:5: /usr/include/c++/13/bits/std_thread.h: In instantiation of ‘std::thread::thread(_Callable&&, _Args&& ...) [with _Callable = void (&)(int, IQueue<req>&); _Args = {int&, IQueue<req>**}; <template-parameter-1-3> = void]’: /home/hanan/Projects/c++/assig2/server.cpp:216:43:   required from here /usr/include/c++/13/bits/std_thread.h:157:72: error: static assertion failed: std::thread arguments must be invocable after conversion to rvalues   157 |                                       typename decay<_Args>::type...>::value,",in file included from usr include c 13 thread 45 from home hanan projects c assig2 server cpp 5 usr include c 13 bits std thread h in instantiation of std thread thread callable args with callable void int iqueue req args int iqueue req template parameter 1 3 void home hanan projects c assig2 server cpp 216 43 required from here usr include c 13 bits std thread h 157 72 error static assertion failed std thread arguments must be invocable after conversion to rvalues 157 typename decay args type value,2025-09-06 18:00:50,0,92,2
okok,okok,2025-08-02 22:48:00,0,1,0
"Why do Computer Science degrees contain a high proportion of mathematics?,Educational",why do computer science degrees contain a high proportion of mathematics educational,1570454404,1,12,3
nice,nice,2025-10-09 09:28:00,0,1,0
write a function to find length of c string,write a function to find length of c string,2024-11-03 20:21:10,0,9,1
What port does SMB use to operate at?,what port does smb use to operate at,2026-04-09 23:36:49,1,8,4
"When and why did journal article titles become descriptive, rather than creatively allusive?,Educational",when and why did journal article titles become descriptive rather than creatively allusive educational,1556474212,1,14,3
What is the difference between private members and protected members?,what is the difference between private members and protected members,2025-04-26 10:13:31,1,10,4
is there any setting through which i can change the opacity of all window like that opacity is applied to every app,is there any setting through which i can change the opacity of all window like that opacity is applied to every app,2025-07-14 11:08:57,1,22,4
"Why does this site give different answers about leaving a bad situation compared to Workplace.SE?,Educational",why does this site give different answers about leaving a bad situation compared to workplace se educational,1622252808,1,17,3
"How do I filter out bad students from tutoring?,Educational",how do i filter out bad students from tutoring educational,1509645108,1,10,3
"How do I politely and tactfully tell my advisor that I would like more consistency in meetings?,Educational",how do i politely and tactfully tell my advisor that i would like more consistency in meetings educational,1464337353,1,18,3
can you give a good example where i can use template functions,can you give a good example where i can use template functions,2025-05-10 23:24:40,1,12,1
"How to deal with students who lose their digital work?,Educational",how to deal with students who lose their digital work educational,1413023543,1,11,3
Android Studio Error &quot;Android Gradle plugin requires Java 11 to run. You are currently using Java 1.8&quot;,android studio error quot android gradle plugin requires java 11 to run you are currently using java 1 8 quot,2021-04-07 11:17:01,0,20,2
Wahh,wahh,2024-10-06 15:01:00,0,1,0
function call operator is used to?,function call operator is used to,2025-03-17 19:31:31,1,6,4
what category of model I should use for cost estimation,what category of model i should use for cost estimation,2026-03-05 16:47:33,1,10,4
Same same,same same,2025-10-15 09:02:00,0,2,0
"How hard is it to succeed in research after an adviser&#39;s death midway through PhD?,Educational",how hard is it to succeed in research after an adviser 39 s death midway through phd educational,1421339033,1,18,3
what is kubernetes,what is kubernetes,2025-12-01 17:57:30,1,3,4
when does dependency conflicts occur?,when does dependency conflicts occur,2026-04-02 21:40:44,1,5,4
can you write the complete code for this web based python application by looking at your own written requirements,can you write the complete code for this web based python application by looking at your own written requirements,2025-12-30 19:43:20,1,19,1
is max_takens is builtin?,is max takens is builtin,2024-10-28 11:47:44,1,5,4
"I found an error in my exam that caused me to lose time on other questions, resulting in a lower grade. How can I appeal?,Educational",i found an error in my exam that caused me to lose time on other questions resulting in a lower grade how can i appeal educational,1599676929,1,26,3
"How does a graduate program&#39;s admissions committee operate?,Educational",how does a graduate program 39 s admissions committee operate educational,1342885661,1,11,3
what is indent=4?,what is indent 4,2026-02-26 19:49:25,1,4,4
I mean wohi,i mean wohi,2025-07-31 16:12:00,0,3,0
&quot;code .&quot; is not working in on the command line for Visual Studio Code on OS X/Mac,quot code quot is not working in on the command line for visual studio code on os x mac,2015-04-30 03:13:57,0,19,2
"How to penalize students who copy each other but don&#39;t realize they have plagiarized?,Educational",how to penalize students who copy each other but don 39 t realize they have plagiarized educational,1458428231,1,17,3
"How can a researcher in his early career attract good PhD students?,Educational",how can a researcher in his early career attract good phd students educational,1429896184,1,13,3
"# Question 1  X,y = make_moons(n_samples=1000, noise=0.08, random_state=42) X = torch.from_numpy(X).type(torch.float) y = torch.from_numpy(y).type(torch.float) X_train, X_test, y_train, y_test = train_test_split(X, y, test_size=0.2, random_state=42)  Build a model by subclassing nn.Module that incorporates non-linear activation functions and is capable of fitting the data you created in 1. Feel free to use any combination of PyTorch layers (linear and non-linear) you want.",question 1 xy makemoonsnsamples1000 noise008 randomstate42 x torchfromnumpyxtypetorchfloat y torchfromnumpyytypetorchfloat xtrain xtest ytrain ytest traintestsplitx y testsize02 randomstate42 build a model by subclassing nnmodule that incorporates nonlinear activation functions and is capable of fitting the data you created in 1 feel free to use any combination of pytorch layers linear and nonlinear you want,2026-04-22 16:54:16,0,54,1
I think so,i think so,2025-07-25 10:05:00,0,3,0
can u write a c++ program that creates a thread and joins it,can u write a c program that creates a thread and joins it,2025-07-21 18:08:14,1,13,1
"How to get better at teaching from the board?,Educational",how to get better at teaching from the board educational,1441041006,1,10,3
"[Signup] Error: {   message: 'pool.connect is not a function',   stack: 'TypeError: pool.connect is not a function\n' +     '    at signup (/home/hanan/Projects/c++/SaaS-on-SaaS/backend/authentication.js:342:29)\n' +     '    at Layer.handleRequest (/home/hanan/Projects/c++/SaaS-on-SaaS/node_modules/router/lib/layer.js:152:17)\n' +     '    at next (/home/hanan/Projects/c++/SaaS-on-SaaS/node_modules/router/lib/route.js:157:13)\n' +     '    at /home/hanan/Projects/c++/SaaS-on-SaaS/node_modules/express-rate-limit/dist/index.cjs:947:7',   company_email: 'test@testcorp.com' } Unhandled error: TypeError: Cannot read properties of undefined (reading 'code')     at createErrorResponse (/home/hanan/Projects/c++/SaaS-on-SaaS/backend/error_handling.js:139:29)     at signup (/home/hanan/Projects/c++/SaaS-on-SaaS/backend/authentication.js:508:37)     at processParams (/home/hanan/Projects/c++/SaaS-on-SaaS/node_modules/router/index.js:582:12)     at next (/home/hanan/Projects/c++/SaaS-on-SaaS/node_modules/router/index.js:291:5) TypeError: Cannot read properties of undefined (reading 'code')     at createErrorResponse (/home/hanan/Projects/c++/SaaS-on-SaaS/backend/error_handling.js:139:29)     at /home/hanan/Projects/c++/SaaS-on-SaaS/backend/server.js:81:26     at Layer.handleError (/home/hanan/Projects/c++/SaaS-on-SaaS/node_modules/router/lib/layer.js:116:17)     at trimPrefix (/home/hanan/Projects/c++/SaaS-on-SaaS/node_modules/router/index.js:340:13)     at trimPrefix (/home/hanan/Projects/c++/SaaS-on-SaaS/node_modules/router/index.js:340:13)     at /home/hanan/Projects/c++/SaaS-on-SaaS/node_modules/router/index.js:297:9",signup error message pool connect is not a function stack typeerror pool connect is not a function n at signup home hanan projects c saas on saas backend authentication js 342 29 n at layer handlerequest home hanan projects c saas on saas node modules router lib layer js 152 17 n at next home hanan projects c saas on saas node modules router lib route js 157 13 n at home hanan projects c saas on saas node modules express rate limit dist index cjs 947 7 company email test testcorp com unhandled error typeerror cannot read properties of undefined reading code at createerrorresponse home hanan projects c saas on saas backend error handling js 139 29 at signup home hanan projects c saas on saas backend authentication js 508 37 at processparams home hanan projects c saas on saas node modules router index js 582 12 at next home hanan projects c saas on saas node modules router index js 291 5 typeerror cannot read properties of undefined reading code at createerrorresponse home hanan projects c saas on saas backend error handling js 139 29 at home hanan projects c saas on saas backend server js 81 26 at layer handleerror home hanan projects c saas on saas node modules router lib layer js 116 17 at trimprefix home hanan projects c saas on saas node modules router index js 340 13 at trimprefix home hanan projects c saas on saas node modules router index js 340 13 at home hanan projects c saas on saas node modules router index js 297 9,2026-03-11 23:22:34,0,265,2
whats wrong with this code,whats wrong with this code,2025-06-13 20:09:54,1,5,2
"what are the null hypothesis of chi square test, z test, one sample t test, 2 sample t test and paired sample t test",what are the null hypothesis of chi square test z test one sample t test 2 sample t test and paired sample t test,2025-12-10 15:07:21,1,24,4
can you rewrite these 2 functions,can you rewrite these 2 functions,2025-11-12 03:50:57,1,6,1
np.zeros(),np zeros,2024-11-14 09:50:49,0,2,4
"How to react to a student proselytising during office hours?,Educational",how to react to a student proselytising during office hours educational,1541447792,1,11,3
"Is it okay for a professor to leave the classroom only 5 min past the class start if nobody has shown up?,Educational",is it okay for a professor to leave the classroom only 5 min past the class start if nobody has shown up educational,1496638052,1,23,3
Hey folks!,hey folks,2025-06-21 15:14:00,0,2,0
What is a shift register?,what is a shift register,2025-06-04 11:50:35,1,5,4
"How to comfortably interact with famous professors?,Educational",how to comfortably interact with famous professors educational,1414945341,1,8,3
implement a calculate cross entropy loss algorithm in python,implement a calculate cross entropy loss algorithm in python,2025-07-15 05:53:12,0,9,1
"How to let a PhD student know that their research is not as good as they think it is,Educational",how to let a phd student know that their research is not as good as they think it is educational,1461182366,1,20,3
The method 'prin' isn't defined for the type 'MyHomePage',the method prin isn t defined for the type myhomepage,2025-09-15 19:38:58,0,10,2
error: E: Failed to fetch archive.ubuntu.com,error e failed to fetch archive ubuntu com,2024-12-11 23:07:24,0,8,2
"now implement this functionality: 4) GET /api/v1/statics Input: session_id. I have to return active sessions, users from the same client using UserSession table, storage usage by finding all the records related to that client_id, number of customer or clients (if client_id=1) of all 3 plans, total clients, number of users out of maximum users allowed (from all 3 tiers number allowed from Plan table of that client_id's records), database status (connected or not).  now implement this functionality and make sure the following things: - i am using mysql - concurrency control - data protection",now implement this functionality 4 get apiv1statics input sessionid i have to return active sessions users from the same client using usersession table storage usage by finding all the records related to that clientid number of customer or clients if clientid1 of all 3 plans total clients number of users out of maximum users allowed from all 3 tiers number allowed from plan table of that clientids records database status connected or not now implement this functionality and make sure the following things i am using mysql concurrency control data protection,2026-03-11 02:30:54,0,91,1
what does .value_counts().idxmax() return,what does value counts idxmax return,2026-03-05 20:15:55,1,6,4
what is multi point crossover,what is multi point crossover,2025-12-14 19:00:07,1,5,4
for more than one space ?,for more than one space,2024-10-31 08:43:46,1,5,4
mysql -u root -p Enter password:  ERROR 1698 (28000): Access denied for user 'root'@'localhost',mysql u root p enter password error 1698 28000 access denied for user root localhost,2025-11-24 13:45:49,0,15,2
important conditions to perofrm this,important conditions to perofrm this,2025-05-30 23:37:21,0,5,4
Error occurred: Client error '404 Not Found' for url 'https://router.huggingface.co/hf-inference/models/Qwen/Qwen3-Embedding-0.6B/pipeline/feature-extraction' (Request ID: Root=1-69ac5654-262f7f525b82cea364700485;0529f84d-faa8-4703-9cdb-d1e0e92ad034) For more information check: https://developer.mozilla.org/en-US/docs/Web/HTTP/Status/404,error occurred client error 404 not found for url https router huggingface co hf inference models qwen qwen3 embedding 0 6b pipeline feature extraction request id root 1 69ac5654 262f7f525b82cea364700485 0529f84d faa8 4703 9cdb d1e0e92ad034 for more information check https developer mozilla org en us docs web http status 404,2026-03-07 21:46:26,0,50,2
use axios to implement oauth2 login,use axios to implement oauth2 login,2025-06-18 21:13:19,0,6,1
Error java.lang.OutOfMemoryError: GC overhead limit exceeded,error java lang outofmemoryerror gc overhead limit exceeded,2009-09-08 17:34:28,0,8,2
Mere aehsaan ka,mere aehsaan ka,2025-09-04 17:08:00,0,3,0
"In practice, how secure is a tenured position in the US?,Educational",in practice how secure is a tenured position in the us educational,1329426358,1,12,3
"How to proceed when PhD advisor leaves academia or moves to a new university midway?,Educational",how to proceed when phd advisor leaves academia or moves to a new university midway educational,1334735683,1,16,3
write a node.js express server that connect to mongodb database,write a nodejs express server that connect to mongodb database,2026-02-19 19:34:07,0,10,1
Inshallah,inshallah,2025-07-03 21:05:00,0,1,0
Error: Getter not found: '_buildImageBox',error getter not found buildimagebox,2026-01-13 22:53:59,0,5,2
"Article that shows the complete publication history of acceptances and rejections of a successful academic,Educational",article that shows the complete publication history of acceptances and rejections of a successful academic educational,1394172928,0,16,3
can u create a python program that scrapes data from a website,can u create a python program that scrapes data from a website,2026-03-22 07:49:10,1,12,1
knock knock,knock knock,2026-03-10 22:07:00,0,2,0
use torch to define a simple neural network,use torch to define a simple neural network,2025-09-17 23:18:05,0,8,1
"Why does research on the busy beaver function get funded?,Educational",why does research on the busy beaver function get funded educational,1497468503,1,11,3
what is the advantage of using rigorous 2PL than strict 2PL?,what is the advantage of using rigorous 2pl than strict 2pl,2026-04-01 02:10:57,1,11,4
"can there be the reason there isnt enough space for heap allocation for my exception, if yes tell me how can I make sure of it",can there be the reason there isnt enough space for heap allocation for my exception if yes tell me how can i make sure of it,2025-11-14 00:12:29,1,26,2
can u implement a define a simple neural network model in pytorch,can u implement a define a simple neural network model in pytorch,2025-08-07 00:40:03,1,12,1
is this correct:,is this correct,2025-03-17 19:47:55,1,3,2
"Why do tenured professors still publish in pay-walled venues?,Educational",why do tenured professors still publish in pay walled venues educational,1439917795,1,11,3
write a pytorch script to implement attention mechanism,write a pytorch script to implement attention mechanism,2025-08-09 12:53:38,0,8,1
"Why do people do postdoc(s) when they can already do research as a professor?,Educational",why do people do postdoc s when they can already do research as a professor educational,1486736967,1,16,3
write a c++ code to handle use pthreads for multithreading,write a c code to handle use pthreads for multithreading,2024-12-29 20:15:00,0,10,1
Shukran 😭,shukran,2024-03-22 06:23:00,0,1,0
what happens when a constraint is failed?,what happens when a constraint is failed,2026-03-10 21:04:04,1,7,4
"How do so many people here on Academia.SE, and in general, afford lavish higher education programs?,Educational",how do so many people here on academia se and in general afford lavish higher education programs educational,1533135156,1,18,3
is this composition association or aggregation?,is this composition association or aggregation,2025-05-21 18:10:38,1,6,4
what is atomicity?,what is atomicity,2025-03-15 20:42:32,1,3,4
"Implement bootstrap_sample(X, y) that: Sample N indices randomly with replacement from range(N) where N = len(X) Use np.random.choice(N, size=N, replace=True) Return three things: X_boot, y_boot, and oob_indices (the indices NOT selected) explain this",implement bootstrapsamplex y that sample n indices randomly with replacement from rangen where n lenx use nprandomchoicen sizen replacetrue return three things xboot yboot and oobindices the indices not selected explain this,2026-03-06 05:18:43,0,32,1
why this isnt working,why this isnt working,2025-08-12 18:00:54,1,4,2
implement a detect cycle in linked list in python,implement a detect cycle in linked list in python,2025-06-17 01:56:41,0,9,1
that makes 2 of us,that makes 2 of us,2026-03-11 03:44:00,0,5,0
Easy scene ha,easy scene ha,2025-08-22 21:44:00,0,3,0
"How true is the stereotype that PhD graduates are overqualified?,Educational",how true is the stereotype that phd graduates are overqualified educational,1432533284,1,11,3
"How to make thesis-writing feel less tedious?,Educational",how to make thesis writing feel less tedious educational,1421960447,1,9,3
hogyi to theek nhi te rabbu ayi pher,hogyi to theek nhi te rabbu ayi pher,2025-11-04 19:04:00,0,8,0
can you generate again test cases for complex queries but make sure that after signup you have to login to get user_id and client_id and also when you insert something it does not return anything,can you generate again test cases for complex queries but make sure that after signup you have to login to get userid and clientid and also when you insert something it does not return anything,2026-03-12 06:17:21,1,35,1
write a program to generate a random password using fork,write a program to generate a random password using fork,2025-01-28 23:38:59,0,10,1
"At how many citations should I make my Google Scholar profile public?,Educational",at how many citations should i make my google scholar profile public educational,1451541413,1,13,3
create a table in it named students,create a table in it named students,2025-11-25 13:53:21,0,7,1
Build the Flet client for my server,build the flet client for my server,2025-12-30 22:18:10,0,7,1
oky,oky,2025-03-08 14:16:00,0,1,0
python3 ui.py /home/hanan/Projects/c++/sem-project/ui.py:269: DeprecationWarning: app() is deprecated since version 0.70.0. Use run() instead.   ft.app(target=main) Installing flet-desktop 0.80.0 package...OK /home/hanan/.flet/bin/flet-/flet/flet: error while loading shared libraries: libmpv.so.2: cannot open shared object file: No such file or directory,python3 ui py home hanan projects c sem project ui py 269 deprecationwarning app is deprecated since version 0 70 0 use run instead ft app target main installing flet desktop 0 80 0 package ok home hanan flet bin flet flet flet error while loading shared libraries libmpv so 2 cannot open shared object file no such file or directory,2025-12-30 22:24:42,0,61,2
jeoo,jeoo,2025-12-07 14:17:00,0,1,0
"How do Academic Journals protect against empirical results given by bugs?,Educational",how do academic journals protect against empirical results given by bugs educational,1394748910,1,12,3
write a c++ program to implement longest common substring,write a c program to implement longest common substring,2026-04-12 18:51:42,0,9,1
implement a c++ class for uses std::sort with custom comparator,implement a c class for uses stdsort with custom comparator,2025-02-09 11:23:26,0,10,1
"unordered_map<vector<int>, vector<int>> parent; error",unordered map vector int vector int parent error,2025-09-18 21:07:06,0,8,2
its giving error on server.js,its giving error on server js,2025-04-19 05:37:23,0,6,2
what is meant by forier transformation of a function,what is meant by forier transformation of a function,2025-05-30 23:33:14,1,9,4
Baat sun,baat sun,2024-06-28 15:10:00,0,2,0
How do I ignore an error on &#39;git pull&#39; about my local changes would be overwritten by merge?,how do i ignore an error on 39 git pull 39 about my local changes would be overwritten by merge,2013-01-14 17:14:43,1,20,2
use pandas to implements a linked list from scratch,use pandas to implements a linked list from scratch,2025-06-14 09:53:54,0,9,1
"How to handle a colleague who hasn&#39;t pulled their weight,Educational",how to handle a colleague who hasn 39 t pulled their weight educational,1398726514,1,13,3
this has compiler error saying that Error: Non-nullable variable must be assigned before it can be used,this has compiler error saying that error non nullable variable must be assigned before it can be used,2026-03-14 13:11:03,0,18,2
give me a python code example for implements a linked list from scratch 1. First requirement here 2. Second requirement here 3. Third requirement here,give me a python code example for implements a linked list from scratch 1 first requirement here 2 second requirement here 3 third requirement here,2025-02-01 18:45:56,0,25,1
now can you generate a complete server.js through which I can test if my backend is working as expected or not,now can you generate a complete serverjs through which i can test if my backend is working as expected or not,2026-03-12 01:56:53,0,21,1
does the pair is made using template class,does the pair is made using template class,2025-05-22 13:38:48,1,8,4
"How do I ensure that a search committee won&#39;t contact my current colleagues (that are not references) to ask about me?,Educational",how do i ensure that a search committee won 39 t contact my current colleagues that are not references to ask about me educational,1546886783,1,24,3
side length of Brown square,side length of brown square,2024-10-25 20:47:13,0,5,4
Link to the issue number on GitHub within a commit message,link to the issue number on github within a commit message,2009-11-06 17:27:52,0,11,2
what is MIB table,what is mib table,2025-12-11 20:03:01,1,4,4
can u modify this code such that it tells percentage strongness of password and than suggest changes to make it strong,can u modify this code such that it tells percentage strongness of password and than suggest changes to make it strong,2024-10-22 19:52:20,1,21,1
there must be some issue because i am still able to ping google.com on another terminal,there must be some issue because i am still able to ping google com on another terminal,2026-03-14 18:27:17,0,17,2
"how to use AST to detect if the query has  const DISALLOWED_KEYWORDS = [     'CREATE', 'ALTER', 'DROP', 'TRUNCATE', 'RENAME',     'GRANT', 'REVOKE', 'COMMIT', 'ROLLBACK', 'SAVEPOINT',     'LOCK', 'UNLOCK', 'FLUSH', 'RESET', 'PURGE',     'OPTIMIZE', 'REPAIR', 'ANALYZE', 'CHECK',     'CACHE', 'INDEX', 'VIEW', 'TRIGGER', 'PROCEDURE', 'FUNCTION', 'BEGIN' ];",how to use ast to detect if the query has const disallowedkeywords create alter drop truncate rename grant revoke commit rollback savepoint lock unlock flush reset purge optimize repair analyze check cache index view trigger procedure function begin,2026-03-11 22:08:55,1,38,1
what ODL controller,what odl controller,2025-11-19 14:00:03,1,3,4
where are process.env.DB_HOST?,where are process env db host,2026-03-10 20:27:06,1,6,4
shortcut of minimizing the window,shortcut of minimizing the window,2025-07-13 18:31:19,0,5,4
"Why do researchers need universities?,Educational",why do researchers need universities educational,1514199680,1,6,3
write a sql query to add a column to existing table using join,write a sql query to add a column to existing table using join,2025-12-19 06:53:36,0,13,1
"How can I supervise a careless student?,Educational",how can i supervise a careless student educational,1687923689,1,8,3
this isnt working,this isnt working,2025-12-09 05:30:18,0,3,2
"Why are conference papers so important in computer science (CS)?,Educational",why are conference papers so important in computer science cs educational,1422890167,1,11,3
android.os.FileUriExposedException: file:///storage/emulated/0/test.txt exposed beyond app through Intent.getData(),android os fileuriexposedexception file storage emulated 0 test txt exposed beyond app through intent getdata,2016-07-05 14:51:40,0,15,2
whats wrong with this code,whats wrong with this code,2024-12-17 07:01:44,1,5,2
create a c++ struct that uses std::sort with custom comparator,create a c struct that uses stdsort with custom comparator,2025-02-26 12:01:04,0,10,1
"How to find ways to proofread English in papers,Educational",how to find ways to proofread english in papers educational,1340576630,1,10,3
"Why do professors want to make sure that their notes written on the blackboard will not be published?,Educational",why do professors want to make sure that their notes written on the blackboard will not be published educational,1447631890,1,19,3
achhaaaaaaaaa,achhaaaaaaaaa,2025-12-04 22:09:00,0,1,0
oy,oy,2024-12-22 21:19:00,0,1,0
what is meant by z transformation,what is meant by z transformation,2025-05-30 23:45:31,1,6,4
can you rewrite this whole code with the changes required:,can you rewrite this whole code with the changes required,2025-12-28 19:28:39,1,10,1
terminate called after throwing an instance of 'Exception has occurred: RangeError (index): Invalid value',terminate called after throwing an instance of exception has occurred rangeerror index invalid value,2024-11-30 21:06:34,0,14,2
can u modify this sql query to use window function to rank employees,can u modify this sql query to use window function to rank employees,2025-07-20 20:09:11,1,13,1
what is XFile,what is xfile,2025-12-01 18:53:09,1,3,4
can u create a html page that deploy to heroku,can u create a html page that deploy to heroku,2026-04-13 18:23:26,1,10,1
Done kro,done kro,2025-06-21 15:23:00,1,2,0
"snap changes ID   Status  Spawn                   Ready                   Summary 14   Error   yesterday at 17:39 PKT  yesterday at 17:57 PKT  Install ""android-studio"" snap 15   Error   yesterday at 18:24 PKT  yesterday at 18:39 PKT  Install ""android-studio"" snap 16   Doing   today at 16:53 PKT      -                       Install ""android-studio"" snap",snap changes id status spawn ready summary 14 error yesterday at 17 39 pkt yesterday at 17 57 pkt install android studio snap 15 error yesterday at 18 24 pkt yesterday at 18 39 pkt install android studio snap 16 doing today at 16 53 pkt install android studio snap,2025-08-25 17:01:50,0,50,2
aise hi,aise hi,2025-05-27 11:17:00,0,2,0
Geo,geo,2025-07-19 04:47:00,0,1,0
this isnt working,this isnt working,2025-04-08 11:53:20,0,3,2
"How to deal with constant stress and uncertainty in academia?,Educational",how to deal with constant stress and uncertainty in academia educational,1691934309,1,11,3
"--------------------------------------------------------------------------- ValueError                                Traceback (most recent call last) /tmp/ipykernel_25900/2749896428.py in <cell line: 0>()      16       17     logits = model(X_train)                 # raw outputs ---> 18     loss = loss_fn(logits, y_train)  3 frames /usr/local/lib/python3.12/dist-packages/torch/nn/functional.py in binary_cross_entropy_with_logits(input, target, weight, size_average, reduce, reduction, pos_weight)    3636     if not (target.size() == input.size()): -> 3637         raise ValueError(    3638             f""Target size ({target.size()}) must be the same as input size ({input.size()})""    3639         )  ValueError: Target size (torch.Size([800, 1, 1, 1])) must be the same as input size (torch.Size([800, 1]))",valueerror traceback most recent call last tmp ipykernel 25900 2749896428 py in cell line 0 16 17 logits model x train raw outputs 18 loss loss fn logits y train 3 frames usr local lib python3 12 dist packages torch nn functional py in binary cross entropy with logits input target weight size average reduce reduction pos weight 3636 if not target size input size 3637 raise valueerror 3638 f target size target size must be the same as input size input size 3639 valueerror target size torch size 800 1 1 1 must be the same as input size torch size 800 1,2026-04-22 17:04:27,0,104,2
"backgroundImage: Image.asset(contacts['image']!), what's the error",backgroundimage image asset contacts image what s the error,2025-10-08 09:21:03,0,9,2
Shittttttttttttttttt,shittttttttttttttttt,2025-09-23 09:43:00,0,1,0
G bismilah,g bismilah,2025-08-23 09:55:00,0,2,0
sherr,sherr,2025-07-03 19:01:00,0,1,0
"How should I respond to a worrying email from an ex student?,Educational",how should i respond to a worrying email from an ex student educational,1582689562,1,13,3
bharoosa rakho,bharoosa rakho,2025-09-04 17:07:00,0,2,0
G,g,2025-10-27 12:09:00,0,1,0
"Googling my name reveals silly things from when I was younger. I am embarassed. How will this affect me in my future academic career?,Educational",googling my name reveals silly things from when i was younger i am embarassed how will this affect me in my future academic career educational,1537539641,1,25,3
"Problem 8 - Divide and Conquer 	 C++ code required					( 5+5= 10 Points) Measure Entropy(Disorderness) in the data: It is the measure with which we can find out how far is the data from being in order. Formally speaking two elements make a disorderness pair if A[i] > A[j] for i < j (if an element A[i] which appear first at i’th index in a an array is greater than an element A[j] which comes after i’th index at j’th index).  Example: Let us say if we have an array A = {3, 10, 2, 5, 15}, it has the following disordered pairs Ps = {(3, 2), (10, 2), (10, 5)} resulting in an entropy value of 3.  Which sequence of N element will generate the maximum entropy? How much will be the value of entropy for such sequence, Tell the exact answer?  Write an algorithm which finds the entropy value for a given array. Your Algorithm must run in O(N Log N) times.",problem 8 divide and conquer c code required 55 10 points measure entropydisorderness in the data it is the measure with which we can find out how far is the data from being in order formally speaking two elements make a disorderness pair if ai aj for i j if an element ai which appear first at ith index in a an array is greater than an element aj which comes after ith index at jth index example let us say if we have an array a 3 10 2 5 15 it has the following disordered pairs ps 3 2 10 2 10 5 resulting in an entropy value of 3 which sequence of n element will generate the maximum entropy how much will be the value of entropy for such sequence tell the exact answer write an algorithm which finds the entropy value for a given array your algorithm must run in on log n times,2026-03-31 00:32:00,1,158,1
implement a rest api with implement oauth2 login in node.js,implement a rest api with implement oauth2 login in nodejs,2025-01-01 01:00:08,0,10,1
what if I copy all the same things in enp0s3 in enp0s8,what if i copy all the same things in enp0s3 in enp0s8,2025-11-22 16:57:05,1,12,4
"how to create a virtual interface in c++, explain step by step?",how to create a virtual interface in c explain step by step,2025-09-17 18:29:42,1,12,1
what is meant by grouping by ocean_proximity,what is meant by grouping by ocean proximity,2026-02-04 14:46:23,1,8,4
how to create an array of random numbers a to b without repition,how to create an array of random numbers a to b without repition,2025-11-20 17:12:17,1,13,1
use axios to implement routing in react,use axios to implement routing in react,2026-01-27 09:07:09,0,7,1
"I got a paper to review from a journal that had rejected my earlier works, how to respond?,Educational",i got a paper to review from a journal that had rejected my earlier works how to respond educational,1479929762,1,19,3
whats the error in this code,whats the error in this code,2025-10-07 21:50:25,1,6,2
what is bounded context?,what is bounded context,2026-04-02 23:34:07,1,4,4
"How can a layman easily get the consensus view of what academia *thinks* about a subject?,Educational",how can a layman easily get the consensus view of what academia thinks about a subject educational,1557620704,1,17,3
"How to proceed when graduate advisor treats me terribly, possibly because of age?,Educational",how to proceed when graduate advisor treats me terribly possibly because of age educational,1512494068,1,14,3
what is the formula to check if a given graph is sparse or not,what is the formula to check if a given graph is sparse or not,2025-12-24 12:55:10,1,14,4
"How do I articulate my grade dispute in a letter of complaint (student grievance)?,Educational",how do i articulate my grade dispute in a letter of complaint student grievance educational,1591319979,1,15,3
Nothing,nothing,2025-05-27 11:17:00,0,1,0
chhhhhhhh,chhhhhhhh,2025-08-22 21:51:00,0,1,0
"How can I oppose my advisor granting gift authorship to a collaborator?,Educational",how can i oppose my advisor granting gift authorship to a collaborator educational,1567419482,1,13,3
what is meany by divergence-free or curl-free?,what is meany by divergence free or curl free,2025-05-30 23:15:18,1,9,4
What is the difference between null and undefined in JavaScript?,what is the difference between null and undefined in javascript,2011-02-22 15:30:10,1,10,2
"Why do lecturers not just assume all students have read the book?,Educational",why do lecturers not just assume all students have read the book educational,1531381209,1,13,3
"How can I find out if someone really holds a doctoral degree?,Educational",how can i find out if someone really holds a doctoral degree educational,1442770280,1,13,3
is building chess in c++ is difficult than database,is building chess in c is difficult than database,2024-10-23 19:29:00,1,9,1
write a c program to use epoll for socket multiplexing,write a c program to use epoll for socket multiplexing,2025-07-11 02:24:31,0,10,1
flutter basic code,flutter basic code,2025-10-15 16:20:45,0,3,1
what will happen if I try to write vector in file using file.write,what will happen if i try to write vector in file using file write,2025-12-08 23:26:09,1,14,4
Lgta to thk ha,lgta to thk ha,2025-03-22 17:27:00,0,4,0
give me a python code example for renames all files in a directory,give me a python code example for renames all files in a directory,2026-03-28 17:30:14,0,13,1
what is hypothesis class?,what is hypothesis class,2026-03-30 13:14:11,1,4,4
how to overwrite at null character in c string,how to overwrite at null character in c string,2024-11-09 17:37:08,1,9,1
How do I fix a Git detached head?,how do i fix a git detached head,2012-04-19 18:07:05,1,8,2
"Why do so many PhDs choose to join academia instead of industry given the pay in academia is considerably lower and the workload is much heavier?,Educational",why do so many phds choose to join academia instead of industry given the pay in academia is considerably lower and the workload is much heavier educational,1548915329,1,27,3
Mast plan ha,mast plan ha,2024-06-06 11:47:00,0,3,0
what are emulators?,what are emulators,2026-02-02 11:45:22,1,3,4
implement uses bottom navigation with 4 tabs in flutter using provider,implement uses bottom navigation with 4 tabs in flutter using provider,2024-10-24 23:27:33,0,11,1
what is meant by server=instance + database?,what is meant by server instance database,2025-05-12 23:21:54,1,7,4
"How to proceed when a mathematical result contradicts existing literature?,Educational",how to proceed when a mathematical result contradicts existing literature educational,1511866228,1,11,3
use numpy to uses multiprocessing to parallelize tasks,use numpy to uses multiprocessing to parallelize tasks,2025-07-07 08:37:10,0,8,1
OYEEEEE,oyeeeee,2025-03-13 13:07:00,0,1,0
what is buffering at output port,what is buffering at output port,2025-12-15 23:13:28,1,6,4
void dispose() {     _fixturesSubscription?.cancel();     _resultsSubscription?.cancel();     _pageController.dispose();     _daySelectorController.dispose();     super.dispose();   }  explain this,void dispose fixturessubscription cancel resultssubscription cancel pagecontroller dispose dayselectorcontroller dispose super dispose explain this,2025-11-30 14:47:27,1,14,2
Uni,uni,2025-11-06 07:18:00,0,1,0
"Student wants to show everybody how much he knows,Educational",student wants to show everybody how much he knows educational,1447425494,0,10,3
Run/install/debug Android applications over Wi-Fi?,run install debug android applications over wi fi,2011-02-04 07:23:38,1,8,2
write a sql query to create a table with foreign key using join,write a sql query to create a table with foreign key using join,2025-05-04 23:21:06,0,13,1
can you please rewrite the whole ofs_implementation.h with the new changes of just reading and writing encryption and decryption without making any change in other functionalities,can you please rewrite the whole ofsimplementationh with the new changes of just reading and writing encryption and decryption without making any change in other functionalities,2025-11-17 19:58:19,1,26,1
why this isnt working,why this isnt working,2025-01-22 17:22:29,1,4,2
&quot;Conversion to Dalvik format failed with error 1&quot; on external JAR,quot conversion to dalvik format failed with error 1 quot on external jar,2010-04-21 11:47:05,0,13,2
yes my sister,yes my sister,2025-11-30 23:43:00,0,3,0
Pushing to Git returning Error Code 403 fatal: HTTP request failed,pushing to git returning error code 403 fatal http request failed,2011-09-16 03:45:59,0,11,2
evaluate the model accuracy using perform transfer learning,evaluate the model accuracy using perform transfer learning,2025-12-23 01:02:28,0,8,1
real life examples of imposter syndrome,real life examples of imposter syndrome,2024-11-02 21:06:17,0,6,4
arha,arha,2025-05-16 08:09:00,0,1,0
what are the important things that should be known about triple integrals,what are the important things that should be known about triple integrals,2025-05-30 23:01:11,1,12,4
I.A,ia,2025-08-20 21:55:00,0,1,0
implement a simple shell that implement a simple shell,implement a simple shell that implement a simple shell,2025-10-20 00:46:12,0,9,1
"I am a PhD student and hate it here. How can I warn prospective students during admit weekend without ruining my reputation?,Educational",i am a phd student and hate it here how can i warn prospective students during admit weekend without ruining my reputation educational,1423555492,1,23,3
"_displaytext is null:             Text(), whats the error",displaytext is null text whats the error,2025-10-20 17:39:28,0,7,2
Khush rho 👍,khush rho,2026-03-15 18:50:00,0,2,0
implement a detect cycle in linked list data structure,implement a detect cycle in linked list data structure,2026-03-12 18:14:20,0,9,1
int main(){     int* arr = new int[5]{};     delete &arr[6]; }  is this correct =??,int main int arr new int 5 delete arr 6 is this correct,2025-11-29 12:36:10,1,13,2
"here if ryu is in attack mode i set the box of whole png that is determined by the get_box() according the attack user has done that has the attack sprite  and this remains until the attck_status of that player is true and when it becomes false it come back to its normal motion in which i have set the sit box and jump box and further sprites in the whole png, but there is a small problem in",here if ryu is in attack mode i set the box of whole png that is determined by the get box according the attack user has done that has the attack sprite and this remains until the attck status of that player is true and when it becomes false it come back to its normal motion in which i have set the sit box and jump box and further sprites in the whole png but there is a small problem in,2025-05-19 23:37:21,0,81,2
"How generous should I be with citations?,Educational",how generous should i be with citations educational,1433010707,1,8,3
Hanan,hanan,2026-04-16 22:10:00,0,1,0
"Exception has occurred: ModuleNotFoundError No module named 'matplotlib'   File ""/home/hanan/Projects/python/test.py"", line 1, in <module>     import numpy, pandas, matplotlib, seaborn, sklearn, scipy ModuleNotFoundError: No module named 'matplotlib'",exception has occurred modulenotfounderror no module named matplotlib file home hanan projects python test py line 1 in module import numpy pandas matplotlib seaborn sklearn scipy modulenotfounderror no module named matplotlib,2025-08-21 11:36:17,0,31,2
"Create a straight line dataset using the linear regression formula (weight * X + bias). Set weight=0.3 and bias=0.9 there should be at least 100 datapoints total. Split the data into 80% training, 20% testing. Plot the training and testing data so it becomes visual.",create a straight line dataset using the linear regression formula weight x bias set weight03 and bias09 there should be at least 100 datapoints total split the data into 80 training 20 testing plot the training and testing data so it becomes visual,2026-04-21 20:59:20,0,43,1
What happen,what happen,2025-05-27 11:04:00,1,2,0
Fixed digits after decimal with f-strings,fixed digits after decimal with f strings,2017-07-25 22:41:20,0,7,2
write a c++ program to implement breadth first search,write a c program to implement breadth first search,2025-08-27 16:09:01,0,9,1
the program is run like this in vscode termial but when i directly try to run the python file it gives the following error: hanan@hanan-ThinkBook:~/Projects$  /usr/bin/env /bin/python3 /home/hanan/.vscode/extensions/ms-python.debugpy-2025.10.0-linux-x64/bundled/libs/debugpy/adapter/../../debugpy/launcher 58977 -- /home/hanan/Projects/python/llama.py,the program is run like this in vscode termial but when i directly try to run the python file it gives the following error hanan hanan thinkbook projects usr bin env bin python3 home hanan vscode extensions ms python debugpy 2025 10 0 linux x64 bundled libs debugpy adapter debugpy launcher 58977 home hanan projects python llama py,2025-07-15 16:29:31,0,58,2
"How to negotiate with referees of your paper,Educational",how to negotiate with referees of your paper educational,1363185066,1,9,3
Tahir bhai,tahir bhai,2025-06-18 21:17:00,0,2,0
Jeoo,jeoo,2025-06-21 14:16:00,0,1,0
what is lost update problem,what is lost update problem,2026-04-01 01:20:44,1,5,4
example of a graph which is neither sparse nor dense,example of a graph which is neither sparse nor dense,2024-12-24 11:55:41,0,10,4
write a sql trigger to get all employees with salary > 60000,write a sql trigger to get all employees with salary 60000,2025-12-28 23:51:45,0,11,1
id does not go to this line: Stack<vector<int>> q; it gives this error even without entering the function,id does not go to this line stack vector int q it gives this error even without entering the function,2025-09-19 16:32:55,0,20,2
"After the catch block has handled the exception, where does program execution resume?",after the catch block has handled the exception where does program execution resume,2025-05-27 11:39:59,1,13,2
why this isnt working,why this isnt working,2024-12-06 23:55:15,1,4,2
boojh in english,boojh in english,2024-11-02 22:03:27,0,3,4
Naii😂,naii,2025-06-23 16:08:00,0,1,0
what if I want all the tables that are being accessed?,what if i want all the tables that are being accessed,2026-03-11 01:26:37,1,11,4
2020 twitter hack,2020 twitter hack,2024-11-29 23:20:10,0,3,4
it is giving runtime crash from starting on every thing i told,it is giving runtime crash from starting on every thing i told,2025-11-13 23:47:43,0,12,2
what is a transformer,what is a transformer,2025-03-11 21:51:18,1,4,4
is there any built-in function to place np.nan at 3 random positions in data frame,is there any built in function to place np nan at 3 random positions in data frame,2024-11-21 10:23:40,1,17,4
Done,done,2025-07-29 13:19:00,1,1,0
when we can apply regular 2PL on a schedule?,when we can apply regular 2pl on a schedule,2026-04-01 09:18:09,1,9,4
can u create a flutter screen that uses bottom navigation with 4 tabs,can u create a flutter screen that uses bottom navigation with 4 tabs,2025-08-30 16:41:48,1,13,1
what are the famous status codes from API,what are the famous status codes from api,2025-12-17 11:55:11,1,8,4
how to displays a grid of images in flutter,how to displays a grid of images in flutter,2025-03-10 18:18:24,1,9,1
"How to avoid the repetition of &quot;I&quot; while writing a cover letter for an academic job?,Educational",how to avoid the repetition of i while writing a cover letter for an academic job educational,1380791974,1,17,3
what is semi permanent TCP connection in BGP,what is semi permanent tcp connection in bgp,2025-12-16 00:12:56,1,8,4
"How to stop feeling guilty about unfinished work?,Educational",how to stop feeling guilty about unfinished work educational,1394415543,1,9,3
"How to publish an academic book but make the PDF freely available online?,Educational",how to publish an academic book but make the pdf freely available online educational,1337570165,1,14,3
"How to explain that I do not want to visit a country due to personal safety concern?,Educational",how to explain that i do not want to visit a country due to personal safety concern educational,1552580854,1,18,3
is there any problem in this e.salary BETWEEN j.min_salary AND j.max_salary,is there any problem in this e salary between j min salary and j max salary,2025-02-26 19:33:15,1,16,2
what should i do to unallocated space such that i can install ubuntu along with windows,what should i do to unallocated space such that i can install ubuntu along with windows,2025-07-02 20:38:10,1,16,4
"CREATE TABLE IF NOT EXISTS students (     ->   id INT AUTO_INCREMENT PRIMARY KEY,     ->   name VARCHAR(100) NOT NULL,     ->   email VARCHAR(100) UNIQUE NOT NULL,     ->   course VARCHAR(50) NOT NULL,     ->   semester INT NOT NULL,     ->   created_at TIMESTAMP DEFAULT CURRENT_TIMESTAMP     -> ); ERROR 1046 (3D000): No database selected",create table if not exists students id int auto increment primary key name varchar 100 not null email varchar 100 unique not null course varchar 50 not null semester int not null created at timestamp default current timestamp error 1046 3d000 no database selected,2025-11-22 19:02:24,0,44,2
is opera better than chromium?,is opera better than chromium,2025-07-12 13:27:40,1,5,4
i wantt to make a script that opens a link in vivaldi browser,i wantt to make a script that opens a link in vivaldi browser,2025-07-13 13:41:44,0,13,1
Ch agli bhi sun,ch agli bhi sun,2025-06-19 13:29:00,0,4,0
what is meant by inverse laplace transform?,what is meant by inverse laplace transform,2025-05-30 23:39:13,1,7,4
what does SAL do?,what does sal do,2026-04-04 09:40:41,1,4,4
"How to deal with a cynical class?,Educational",how to deal with a cynical class educational,1552486944,1,8,3
Ap dhillon,ap dhillon,2025-07-31 15:46:00,0,2,0
"How to get people to reply to emails and what to make of a no response?,Educational",how to get people to reply to emails and what to make of a no response educational,1431942903,1,17,3
what if my server.js is using student_db,what if my server js is using student db,2025-11-24 13:06:47,1,9,4
"How to overcome discouragement on finding major error in work just before paper submission?,Educational",how to overcome discouragement on finding major error in work just before paper submission educational,1443997195,1,15,3
excuse me,excuse me,2025-03-15 04:04:00,0,2,0
"Why do faculty use the software &quot;Blackboard&quot;?,Educational",why do faculty use the software blackboard educational,1440645547,1,8,3
SLF4J: Failed to load class &quot;org.slf4j.impl.StaticLoggerBinder&quot;,slf4j failed to load class quot org slf4j impl staticloggerbinder quot,2011-09-15 00:03:46,0,11,2
srand,srand,2025-05-09 15:33:51,0,1,4
Han yeh theek ha,han yeh theek ha,2025-05-22 21:19:00,0,4,0
how to backup database using mysqldump in sql,how to backup database using mysqldump in sql,2025-07-21 13:34:07,1,8,1
whats the difference between linear and logistic regression?,whats the difference between linear and logistic regression,2026-03-29 18:30:29,1,8,4
"I&#39;m a professor being mistaken for a grad student, how to handle this?,Educational",i 39 m a professor being mistaken for a grad student how to handle this educational,1552533656,1,16,3
code based problems,code based problems,2025-12-23 14:11:26,0,3,1
ALTER USER 'root'@'localhost' IDENTIFIED WITH mysql_native_password BY 'hanan'; ERROR 1524 (HY000): Plugin 'mysql_native_password' is not loaded,alter user root localhost identified with mysql native password by hanan error 1524 hy000 plugin mysql native password is not loaded,2025-11-24 13:11:28,0,21,2
how to write tick in cout,how to write tick in cout,2024-11-23 22:59:09,1,6,1
error: git fatal: the remote end hung up unexpectedly,error git fatal the remote end hung up unexpectedly,2025-09-11 19:09:04,0,9,2
why there is no single level failure,why there is no single level failure,2025-11-19 14:03:39,1,7,2
Geoo,geoo,2025-07-28 19:54:00,0,1,0
"StreamlitDuplicateElementKey: There are multiple elements with the same `key='edit_'`.  To fix this, please make sure that the `key` argument is unique for each element you  create.",streamlitduplicateelementkey there are multiple elements with the same key edit to fix this please make sure that the key argument is unique for each element you create,2025-12-31 15:48:06,0,27,2
the apply functionality of gdm-settings is not working,the apply functionality of gdm settings is not working,2025-07-14 10:00:36,0,9,2
i have boot my usb when I select try or install ubuuntu pc says error needs to be loaded kernal first,i have boot my usb when i select try or install ubuuntu pc says error needs to be loaded kernal first,2025-07-03 14:54:52,0,21,2
what could be the problem here,what could be the problem here,2025-01-05 10:04:04,1,6,2
what is the difference between USING clause and ON clause,what is the difference between using clause and on clause,2025-02-16 21:47:50,1,10,4
"How should I handle poor English in reviewing an article that claims to be proofread by two native English speakers?,Educational",how should i handle poor english in reviewing an article that claims to be proofread by two native english speakers educational,1434680576,1,21,3
"first create all possible partitions, than make refinement relation between each partition if any and than identify joins",first create all possible partitions than make refinement relation between each partition if any and than identify joins,2024-10-19 18:05:10,0,18,1
what is the difference between identifying relationship and simple relationship in database?,what is the difference between identifying relationship and simple relationship in database,2025-05-12 22:31:10,1,12,4
"How should a non-native English presenter respond to a question they did not understand?,Educational",how should a non native english presenter respond to a question they did not understand educational,1440201715,1,16,3
"Why is getting a PhD considered &quot;financially irresponsible&quot; by some people?,Educational",why is getting a phd considered financially irresponsible by some people educational,1566775238,1,12,3
Error &quot;npm WARN package.json: No repository field&quot;,error quot npm warn package json no repository field quot,2013-05-30 09:18:43,0,10,2
Write a function greetUser that takes a required name parameter and optional named parameters age and city.,write a function greetuser that takes a required name parameter and optional named parameters age and city,2025-09-10 08:20:36,0,17,1
Error message &quot;error:0308010C:digital envelope routines::unsupported&quot;,error message quot error 0308010c digital envelope routines unsupported quot,2021-10-24 04:39:57,0,10,2
i want this code to end when the complete circle is drawn,i want this code to end when the complete circle is drawn,2025-06-13 22:10:58,0,12,1
"How long does it usually take for published articles to show up on Google Scholar?,Educational",how long does it usually take for published articles to show up on google scholar educational,1501109722,1,16,3
what is logical address,what is logical address,2026-02-12 20:48:23,1,4,4
its giving error on if condition,its giving error on if condition,2026-04-19 21:26:49,0,6,2
"How to decline a postdoc interview if there is some possible future collaboration?,Educational",how to decline a postdoc interview if there is some possible future collaboration educational,1478558408,1,14,3
What is the &quot;N+1 selects problem&quot; in ORM (Object-Relational Mapping)?,what is the quot n 1 selects problem quot in orm object relational mapping,2008-09-19 03:30:00,1,14,2
write a proper function that would extract all the tables used in a query,write a proper function that would extract all the tables used in a query,2026-03-11 01:29:13,0,14,1
when we use clustering index,when we use clustering index,2026-04-01 03:28:13,1,5,4
tellg,tellg,2024-11-13 18:33:29,0,1,4
derivative of sinht?,derivative of sinht,2025-05-13 13:25:42,1,3,4
Ok okk,ok okk,2025-05-02 23:15:00,0,2,0
const tenantExpr = parser.expression.parse(tenantCondition); error is at this line,const tenantexpr parser expression parse tenantcondition error is at this line,2026-03-12 01:02:58,0,11,2
underlining tag,underlining tag,2024-10-31 08:36:30,0,2,4
create a vue.js app that handles get and post requests,create a vuejs app that handles get and post requests,2025-08-17 09:50:07,0,10,1
"Installed executable flutterfire. Warning: Pub installs executables into $HOME/.pub-cache/bin, which is not on your path. You can fix that by adding this to your shell's config file (.bashrc, .bash_profile, .zshrc etc.):    export PATH=""$PATH"":""$HOME/.pub-cache/bin""  Activated flutterfire_cli 1.3.1. hanan@hanan-ThinkBook:~/StudioProjects/lab10$ flutterfire configure --project=lab10-58965 flutterfire: command not found",installed executable flutterfire warning pub installs executables into home pub cache bin which is not on your path you can fix that by adding this to your shell s config file bashrc bash profile zshrc etc export path path home pub cache bin activated flutterfire cli 1 3 1 hanan hanan thinkbook studioprojects lab10 flutterfire configure project lab10 58965 flutterfire command not found,2025-11-26 17:15:35,0,63,2
Koi chakar nhi,koi chakar nhi,2025-06-21 15:51:00,0,3,0
"curl -I https://192.168.56.7 curl: (60) SSL certificate problem: self-signed certificate More details here: https://curl.se/docs/sslcerts.html  curl failed to verify the legitimacy of the server and therefore could not establish a secure connection to it. To learn more about this situation and how to fix it, please visit the web page mentioned above.",curl i https 192 168 56 7 curl 60 ssl certificate problem self signed certificate more details here https curl se docs sslcerts html curl failed to verify the legitimacy of the server and therefore could not establish a secure connection to it to learn more about this situation and how to fix it please visit the web page mentioned above,2025-11-25 15:46:44,0,61,2
can you rewrite both files,can you rewrite both files,2025-12-31 15:04:04,1,5,1
curl -I https://192.168.56.7:443 curl: (7) Failed to connect to 192.168.56.7 port 443 after 0 ms: Couldn't connect to server,curl i https 192 168 56 7 443 curl 7 failed to connect to 192 168 56 7 port 443 after 0 ms couldn t connect to server,2025-11-25 15:26:31,0,28,2
gradio is giving error how do I find out the problem,gradio is giving error how do i find out the problem,2026-03-07 21:41:26,0,11,2
"Why upload to academic preprint sites like arXiv?,Educational",why upload to academic preprint sites like arxiv educational,1392167020,1,9,3
"How much do Springer-Verlag authors make per book sold?,Educational",how much do springer verlag authors make per book sold educational,1397541112,1,11,3
"How do &quot;scientific couples&quot; (from different fields) find positions?,Educational",how do scientific couples from different fields find positions educational,1343304124,1,10,3
when I run it crashes and says no directionality widget found,when i run it crashes and says no directionality widget found,2025-11-19 09:31:33,1,11,2
write a code for bert/gpt embedding in c++,write a code for bertgpt embedding in c,2025-03-13 05:11:23,0,8,1
what is continuous function?,what is continuous function,2024-12-17 14:36:25,1,4,4
"How to care less about teaching?,Educational",how to care less about teaching educational,1500190110,1,7,3
Jazakallah,jazakallah,2025-06-14 00:06:00,0,1,0
nah,nah,2026-04-20 22:31:00,0,1,0
sqrt functions are concave up?,sqrt functions are concave up,2024-11-05 20:29:44,1,5,4
"How to write a research statement for a math postdoc position?,Educational",how to write a research statement for a math postdoc position educational,1362421697,1,12,3
what is meant by overflow?,what is meant by overflow,2025-06-02 12:23:32,1,5,4
Rabbo aayi tahir bhai,rabbo aayi tahir bhai,2025-06-18 21:21:00,0,4,0
applications of A* algorithm,applications of a algorithm,2025-03-11 21:44:54,0,4,4
kuch ni,kuch ni,2026-02-20 22:33:00,0,2,0
error: Null check operator used on a null value,error null check operator used on a null value,2025-12-29 21:26:12,0,9,2
can you generate another more detailed test.mjs mainly focusing on different kind of queries for testing POST /api/vi/query i,can you generate another more detailed testmjs mainly focusing on different kind of queries for testing post apiviquery i,2026-03-12 04:43:18,1,19,1
"How does it affect the treatment of a mathematician&#39;s results, if that mathematician was a Nazi?,Educational",how does it affect the treatment of a mathematician 39 s results if that mathematician was a nazi educational,1486678889,1,19,3
its giving error on line 112,its giving error on line 112,2026-02-11 07:25:47,0,6,2
"How to avoid sleeping in lectures?,Educational",how to avoid sleeping in lectures educational,1425750374,1,7,3
sherr,sherr,2025-09-02 13:59:00,0,1,0
can you do plotting in c++,can you do plotting in c,2024-12-27 19:20:19,1,6,4
"How to deal with students leaving the class for 10 min during the lecture?,Educational",how to deal with students leaving the class for 10 min during the lecture educational,1414181859,1,15,3
what is the formula for degree of freedom when population variances are equal and when unequal?,what is the formula for degree of freedom when population variances are equal and when unequal,2025-12-18 10:19:03,1,16,4
StreamSubscription<QuerySnapshot>? _fixturesSubscription; explain this,streamsubscription querysnapshot fixturessubscription explain this,2025-11-30 14:36:45,1,5,2
can you give me a template to implement KD tree class with all the required functionalities,can you give me a template to implement kd tree class with all the required functionalities,2025-12-12 20:12:11,1,16,1
terminate called after throwing an instance of 'error: 'vector.h' file not found',terminate called after throwing an instance of error vector h file not found,2026-02-05 01:59:48,0,13,2
Error &quot;ImportError: No module named requests&quot;,error quot importerror no module named requests quot,2013-06-26 04:34:58,0,8,2
Best,best,2025-06-15 00:18:00,0,1,0
"How to explain a bad grade to a delusional student?,Educational",how to explain a bad grade to a delusional student educational,1365407407,1,11,3
Je,je,2025-05-10 12:10:00,0,1,0
"How can I prevent students from writing answers on an assignment, then claiming I didn&#39;t see their answer?,Educational",how can i prevent students from writing answers on an assignment then claiming i didn 39 t see their answer educational,1510159322,1,21,3
it is giving error on super.initstate?,it is giving error on super initstate,2025-11-05 09:39:20,1,7,2
CHUDHHHHHRYYYYY,chudhhhhhryyyyy,2025-05-25 20:56:00,0,1,0
if eigen vectors of A are columns of I than A is _____ matrix?,if eigen vectors of a are columns of i than a is matrix,2025-05-16 11:17:37,1,13,4
"How do really talented people in academia think about people who are less capable than them?,Educational",how do really talented people in academia think about people who are less capable than them educational,1477602663,1,17,3
Write the algorithm for sorting elements from range 1-N3 in linear time.,write the algorithm for sorting elements from range 1n3 in linear time,2026-03-31 00:09:01,0,12,1
"How to deal with failing a student?,Educational",how to deal with failing a student educational,1432889261,1,8,3
what are the advantages and disadvantages of zero-one loss function,what are the advantages and disadvantages of zero one loss function,2026-03-29 13:02:24,1,11,4
Thek ha bhai khush rho 👍,thek ha bhai khush rho,2025-10-15 00:33:00,0,5,0
"How should I refer to the presence of racial slurs in data presented at a conference talk?,Educational",how should i refer to the presence of racial slurs in data presented at a conference talk educational,1683116560,1,18,3
mysql -u root ERROR 2002 (HY000): Can't connect to local MySQL server through socket '/var/run/mysqld/mysqld.sock' (2),mysql u root error 2002 hy000 can t connect to local mysql server through socket var run mysqld mysqld sock 2,2025-11-24 13:33:37,0,21,2
Aho,aho,2026-04-20 22:31:00,0,1,0
"Why do mothers list their children&#39;s dates of birth on academic CV?,Educational",why do mothers list their children 39 s dates of birth on academic cv educational,1472242326,1,15,3
"How do academics with teaching responsibilities, etc. find the time to do research?,Educational",how do academics with teaching responsibilities etc find the time to do research educational,1494508759,1,14,3
use torch to use dropout to prevent overfitting,use torch to use dropout to prevent overfitting,2025-02-25 17:18:48,0,8,1
"How to prepare a presentation if there is a visually impaired person in the audience?,Educational",how to prepare a presentation if there is a visually impaired person in the audience educational,1509549247,1,16,3
"How to discourage irrelevant self-citation?,Educational",how to discourage irrelevant self citation educational,1401657373,1,7,3
"Exception has occurred: HFValidationError Repo id must use alphanumeric chars or '-', '_', '.', '--' and '..' are forbidden, '-' and '.' cannot start or end the name, max length is 96: 'qwen2.5-coder:0.5b'. huggingface_hub.errors.HFValidationError: Repo id must use alphanumeric chars or '-', '_', '.', '--' and '..' are forbidden, '-' and '.' cannot start or end the name, max length is 96: 'qwen2.5-coder:0.5b'.",exception has occurred hfvalidationerror repo id must use alphanumeric chars or and are forbidden and cannot start or end the name max length is 96 qwen2 5 coder 0 5b huggingface hub errors hfvalidationerror repo id must use alphanumeric chars or and are forbidden and cannot start or end the name max length is 96 qwen2 5 coder 0 5b,2025-07-21 18:06:01,0,60,2
"I believe I have solved a famous open problem. How do I convince people in the field that I am not a crank?,Educational",i believe i have solved a famous open problem how do i convince people in the field that i am not a crank educational,1395705109,1,24,3
jiyooo,jiyooo,2025-12-04 22:10:00,0,1,0
You are required to read data from one file and then write this data into another file. in c++,you are required to read data from one file and then write this data into another file in c,2024-11-05 23:48:48,0,19,1
sdkmanager --version  ERROR: JAVA_HOME is not set and no 'java' command could be found in your PATH.  Please set the JAVA_HOME variable in your environment to match the location of your Java installation.,sdkmanager version error java home is not set and no java command could be found in your path please set the java home variable in your environment to match the location of your java installation,2025-11-26 18:39:54,0,35,2
Geo,geo,2025-10-22 18:12:00,0,1,0
do u know how to write script of power point slides,do u know how to write script of power point slides,2024-10-24 13:21:51,1,11,1
jee,jee,2025-05-16 17:09:00,0,1,0
this has error,this has error,2025-11-22 02:20:40,0,3,2
what will happen if I use PUT on some thing which does not exists?,what will happen if i use put on some thing which does not exists,2025-12-17 11:07:48,1,14,4
what is schema?,what is schema,2025-03-15 15:02:00,1,3,4
when a company wants to create a SaaS based software does it have to write its own SaaS?,when a company wants to create a saas based software does it have to write its own saas,2026-02-09 12:25:09,1,18,4
use pandas to uses regex to validate phone number,use pandas to uses regex to validate phone number,2026-01-04 15:03:32,0,9,1
in my setup the taskbar in at the left i want it at the bottom like in macos,in my setup the taskbar in at the left i want it at the bottom like in macos,2025-07-12 22:36:55,0,18,4
Daalo bucketlist meiu,daalo bucketlist meiu,2025-12-29 23:26:00,0,3,0
Kia scene,kia scene,2025-06-24 11:20:00,0,2,0
geoo,geoo,2025-08-20 21:52:00,0,1,0
this isnt working,this isnt working,2026-04-09 09:27:27,0,3,2
"How to ensure a research idea has not been explored previously,Educational",how to ensure a research idea has not been explored previously educational,1340443408,1,12,3
Mango kulfi,mango kulfi,2025-10-13 15:08:00,0,2,0
"How to differentiate &quot;imposter syndrome&quot; from actual lack of suitability for grad. school/academia?,Educational",how to differentiate imposter syndrome from actual lack of suitability for grad school academia educational,1600038564,1,15,3
"How to come up with research ideas?,Educational",how to come up with research ideas educational,1355848109,1,8,3
"Career advice: How can I move on from my probable PhD flop?,Educational",career advice how can i move on from my probable phd flop educational,1418261608,1,13,3
"Why do we pay to present at conferences?,Educational",why do we pay to present at conferences educational,1449907130,1,9,3
how to bubble sort using greedy algorithm,how to bubble sort using greedy algorithm,2025-11-17 23:04:23,1,7,1
create a c++ struct that implements a binary search tree,create a c struct that implements a binary search tree,2024-10-19 18:42:38,0,10,1
"What is a NullReferenceException, and how do I fix it?",what is a nullreferenceexception and how do i fix it,2011-01-11 21:48:29,1,10,2
write the embedding function now,write the embedding function now,2026-04-11 18:07:55,0,5,1
Bhopinder jogi,bhopinder jogi,2025-07-31 15:48:00,0,2,0
"[Signup] Transaction rolled back due to error [Signup] Error: {   message: 'connection is not defined',   stack: 'ReferenceError: connection is not defined\n' +     '    at signup (/home/hanan/Projects/c++/SaaS-on-SaaS/backend/authentication.js:343:9)\n' +     '    at process.processTicksAndRejections (node:internal/process/task_queues:95:5)',   company_email: 'test@testcorp.com' } Unhandled error: ReferenceError: sessionId is not defined     at signup (/home/hanan/Projects/c++/SaaS-on-SaaS/backend/authentication.js:515:69)     at process.processTicksAndRejections (node:internal/process/task_queues:95:5) TypeError: Cannot read properties of undefined (reading 'code')     at createErrorResponse (/home/hanan/Projects/c++/SaaS-on-SaaS/backend/error_handling.js:139:29)     at /home/hanan/Projects/c++/SaaS-on-SaaS/backend/server.js:81:26     at Layer.handleError (/home/hanan/Projects/c++/SaaS-on-SaaS/node_modules/router/lib/layer.js:116:17)     at trimPrefix (/home/hanan/Projects/c++/SaaS-on-SaaS/node_modules/router/index.js:340:13)     at /home/hanan/Projects/c++/SaaS-on-SaaS/node_modules/router/index.js:297:9",signup transaction rolled back due to error signup error message connection is not defined stack referenceerror connection is not defined n at signup home hanan projects c saas on saas backend authentication js 343 9 n at process processticksandrejections node internal process task queues 95 5 company email test testcorp com unhandled error referenceerror sessionid is not defined at signup home hanan projects c saas on saas backend authentication js 515 69 at process processticksandrejections node internal process task queues 95 5 typeerror cannot read properties of undefined reading code at createerrorresponse home hanan projects c saas on saas backend error handling js 139 29 at home hanan projects c saas on saas backend server js 81 26 at layer handleerror home hanan projects c saas on saas node modules router lib layer js 116 17 at trimprefix home hanan projects c saas on saas node modules router index js 340 13 at home hanan projects c saas on saas node modules router index js 297 9,2026-03-12 00:00:02,0,167,2
"Why are papers without code but with results accepted?,Educational",why are papers without code but with results accepted educational,1402496608,1,10,3
what is the motivation for IPv6?,what is the motivation for ipv6,2025-12-10 19:11:14,1,6,4
"How and why did the top journals become top journals?,Educational",how and why did the top journals become top journals educational,1393439647,1,11,3
can I see the html label of top bar,can i see the html label of top bar,2025-07-14 11:30:17,1,9,4
write a sql query to backup database using mysqldump using join,write a sql query to backup database using mysqldump using join,2025-11-14 19:32:45,0,11,1
"there is an error in this line :     Dynamic_array<int> dr(2, 4);",there is an error in this line dynamic array int dr 2 4,2025-04-15 16:38:49,0,13,2
what does .agg() do?,what does agg do,2026-02-12 14:41:36,1,4,4
this isnt working,this isnt working,2025-12-20 18:38:17,0,3,2
write a flutter main.dart that displays a pdf file,write a flutter maindart that displays a pdf file,2026-01-24 13:04:24,0,9,1
"How to respond to someone plagiarizing my work?,Educational",how to respond to someone plagiarizing my work educational,1373921211,1,9,3
why its giving error on line 112,why its giving error on line 112,2026-03-01 21:43:48,1,7,2
important conditions for this,important conditions for this,2025-05-30 23:44:22,0,4,4
jeo,jeo,2025-06-14 00:07:00,0,1,0
what is meant by noexcept,what is meant by noexcept,2025-05-22 13:01:56,1,5,4
"Getting error: Peer authentication failed for user &quot;postgres&quot;, when trying to get pgsql working with rails",getting error peer authentication failed for user quot postgres quot when trying to get pgsql working with rails,2013-09-06 23:15:06,0,18,2
sahi nhi agya,sahi nhi agya,2025-08-20 21:52:00,0,3,0
"University rank/stature - How much does it affect one&#39;s career post-Ph.D?,Educational",university rank stature how much does it affect one 39 s career post ph d educational,1329306009,1,16,3
"How to respond to a company that wants specific details on implementation of my PhD research?,Educational",how to respond to a company that wants specific details on implementation of my phd research educational,1500311025,1,17,3
How do I correctly clone a JavaScript object?,how do i correctly clone a javascript object,2009-04-08 08:01:06,1,8,2
what does value_count() returns?,what does value count returns,2026-03-05 19:23:00,1,5,4
"&quot;TypeError: a bytes-like object is required, not &#39;str&#39;&quot; when handling file content in Python 3",quot typeerror a bytes like object is required not 39 str 39 quot when handling file content in python 3,2015-10-10 18:28:09,0,20,2
can you create this project by carefully reading the instructions without using sklearn also i think that the accuracy will be between 60-70 as it should not overfit,can you create this project by carefully reading the instructions without using sklearn also i think that the accuracy will be between 6070 as it should not overfit,2025-12-28 19:04:00,1,28,1
Bhai kaand kr diye,bhai kaand kr diye,2025-05-21 14:33:00,0,4,0
Larna ya pelna,larna ya pelna,2025-07-31 16:10:00,0,3,0
Hay,hay,2025-03-31 07:54:00,0,1,0
border properties,border properties,2024-10-31 10:24:58,0,2,4
"What is a social strategy I can use to respond to &quot;How&#39;s your PhD going?&quot;,Educational",what is a social strategy i can use to respond to how 39 s your phd going educational,1426980277,1,18,3
what are the steps to apply regular 2PL to a schedule?,what are the steps to apply regular 2pl to a schedule,2026-04-01 09:13:06,1,11,4
Babar sher,babar sher,2025-05-29 21:15:00,0,2,0
"How can I assist other graduate students who may feel increasingly &quot;unwelcome&quot; due to their countries of origin?,Educational",how can i assist other graduate students who may feel increasingly unwelcome due to their countries of origin educational,1485368256,1,19,3
"How to clarify that supervisor writing a reference is not related to me even though we have the same last name?,Educational",how to clarify that supervisor writing a reference is not related to me even though we have the same last name educational,1424893330,1,22,3
"Whether/how to list a failed student on my CV,Educational",whether how to list a failed student on my cv educational,1483357849,0,11,3
can u write a sql query to backup database using mysqldump,can u write a sql query to backup database using mysqldump,2025-02-09 20:07:26,1,11,1
cant we do with just using getch?,cant we do with just using getch,2024-11-05 23:55:40,1,7,4
the program hat draws a circle to check if the library is included or not,the program hat draws a circle to check if the library is included or not,2025-05-19 22:45:02,0,15,4
use pandas to calculates mean of a list,use pandas to calculates mean of a list,2025-03-16 07:18:09,0,8,1
Unhandled error: Error: You have an error in your SQL syntax; check the manual that corresponds to your MySQL server version for the right syntax to use near 'SESSION' at line 1     at PromisePoolConnection.query (/home/hanan/Projects/c++/SaaS-on-SaaS/node_modules/mysql2/lib/promise/connection.js:29:22),unhandled error error you have an error in your sql syntax check the manual that corresponds to your mysql server version for the right syntax to use near session at line 1 at promisepoolconnection query home hanan projects c saas on saas node modules mysql2 lib promise connection js 29 22,2026-03-12 00:43:49,0,51,2
write a javascript function to has crud operations for users,write a javascript function to has crud operations for users,2025-10-19 14:17:07,0,10,1
"How to stop a colleague from asking for my help in solving a very difficult problem?,Educational",how to stop a colleague from asking for my help in solving a very difficult problem educational,1634701571,1,17,3
kaafi jaldi nhi yaad kraya😅,kaafi jaldi nhi yaad kraya,2025-02-10 21:53:00,0,5,0
"How to deal with left over work from a Post Doc,Educational",how to deal with left over work from a post doc educational,1448890122,1,12,3
scaffolding?,scaffolding,2024-11-12 09:32:19,1,1,4
geek,geek,2024-11-13 18:33:17,0,1,4
can u implement a tcp server in c that find files modified in last 7 days,can u implement a tcp server in c that find files modified in last 7 days,2025-07-17 13:16:46,1,16,1
is there any functionality that is different for every fighter,is there any functionality that is different for every fighter,2025-05-21 15:36:07,1,10,4
"terminate called after throwing an instance of 'nlohmann::json_abi_v3_11_3::detail::parse_error'   what():  [json.exception.parse_error.101] parse error at line 1, column 2: syntax error while parsing object key - unexpected end of input; expected string literal",terminate called after throwing an instance of nlohmann json abi v3 11 3 detail parse error what json exception parse error 101 parse error at line 1 column 2 syntax error while parsing object key unexpected end of input expected string literal,2025-09-07 15:12:49,0,42,2
"How should I interpret &quot;English is poor&quot; review when I used a language check service before submission?,Educational",how should i interpret english is poor review when i used a language check service before submission educational,1476428942,1,18,3
write a bash script to use epoll for socket multiplexing,write a bash script to use epoll for socket multiplexing,2024-10-19 07:06:02,0,10,1
what is meant by linearly independent columns,what is meant by linearly independent columns,2025-04-17 20:55:41,1,7,4
what is CHECK in data dictionary for schema documentation,what is check in data dictionary for schema documentation,2026-02-20 19:10:15,1,9,4
Git push results in &quot;Authentication Failed&quot;,git push results in quot authentication failed quot,2013-07-15 21:34:04,0,8,2
"How to reply to an email from a student who wants a reply instantly?,Educational",how to reply to an email from a student who wants a reply instantly educational,1619357258,1,15,3
what is F1 score for linear regression and confusion matrix ?,what is f1 score for linear regression and confusion matrix,2026-04-10 15:43:17,1,10,4
Aur kal face to face bhi,aur kal face to face bhi,2025-07-28 20:03:00,0,6,0
Okkk,okkk,2025-05-29 12:12:00,0,1,0
"How was this weird paper accepted?,Educational",how was this weird paper accepted educational,1509687769,1,7,3
what is cascade operator in dart,what is cascade operator in dart,2025-12-16 15:49:01,1,6,4
write a flutter app that creates a custom painter to draw shapes,write a flutter app that creates a custom painter to draw shapes,2025-05-05 03:27:26,0,12,1
"How to achieve successful collaborations?,Educational",how to achieve successful collaborations educational,1329679686,1,6,3
write a c++ program to implement breadth first search,write a c program to implement breadth first search,2026-02-22 00:47:41,0,9,1
what if i want to see a specific column stats,what if i want to see a specific column stats,2026-02-04 14:14:02,1,10,4
how to uses animations to fade in widgets in flutter,how to uses animations to fade in widgets in flutter,2026-04-24 11:16:22,1,10,1
"I have only one name shown in my ID card. How do I write my name (surname) in research paper or article?,Educational",i have only one name shown in my id card how do i write my name surname in research paper or article educational,1484985401,1,23,3
"main.dart:9:7: Error: Expected ';' after this.     A ab(""ali"");       ^^ main.dart:10:5: Error: Non-nullable variable 'ab' must be assigned before it can be used.     ab.prin();     ^^",main dart 9 7 error expected after this a ab ali main dart 10 5 error non nullable variable ab must be assigned before it can be used ab prin,2025-09-29 13:27:59,0,30,2
"home/hanan/Projects/c++/sem-project/users_db.h:30:31:   required from here /usr/include/c++/13/bits/stl_uninitialized.h:90:56: error: static assertion failed: result type must be constructible from input type /usr/include/c++/13/bits/stl_uninitialized.h:90:56: note: ‘std::integral_constant<bool, false>::value’ evaluates to false",home hanan projects c sem project users db h 30 31 required from here usr include c 13 bits stl uninitialized h 90 56 error static assertion failed result type must be constructible from input type usr include c 13 bits stl uninitialized h 90 56 note std integral constant bool false value evaluates to false,2025-12-26 16:37:43,0,56,2
what are the important concepts like what kind of MCQ's can be made from this concepts of line integrals,what are the important concepts like what kind of mcq s can be made from this concepts of line integrals,2025-05-30 23:07:18,1,20,4
Whyyyyy,whyyyyy,2025-05-27 11:17:00,1,1,0
what are these kind of problems called?,what are these kind of problems called,2024-11-22 12:42:29,1,7,4
"first create all possible partitions, than make refinement relation between each partition if any and than identify joins",first create all possible partitions than make refinement relation between each partition if any and than identify joins,2024-10-19 18:03:43,0,18,1
Nashta,nashta,2025-05-24 12:11:00,0,1,0
write a program to handle sigint signal using fork,write a program to handle sigint signal using fork,2025-10-27 12:18:28,0,9,1
"What does the typical workflow of a journal look like? How should I interpret a particular submission status?,Educational",what does the typical workflow of a journal look like how should i interpret a particular submission status educational,1444248932,1,19,3
what are necessary resources for making network request,what are necessary resources for making network request,2024-10-27 23:07:45,1,8,4
Geo,geo,2025-10-04 19:59:00,0,1,0
this has error,this has error,2025-03-22 07:52:57,0,3,2
Mashallah,mashallah,2025-07-09 17:31:00,0,1,0
"How do you judge the quality of a journal?,Educational",how do you judge the quality of a journal educational,1329314928,1,10,3
Nau,nau,2025-04-22 23:47:00,0,1,0
"How to tell reviewers that I can&#39;t update my results,Educational",how to tell reviewers that i can 39 t update my results educational,1658923604,1,13,3
"Exception has occurred: OverflowError (34, 'Numerical result out of range')   File ""/home/hanan/Projects/python/bscs24001-project1.py"", line 45, in compute_cost     summ = np.sum((y_pred - y) ** 2)                   ~~~~~~~~~~~~~^~~~   File ""/home/hanan/Projects/python/bscs24001-project1.py"", line 64, in gradient_descent     cost = compute_cost(X,y,w,b)            ^^^^^^^^^^^^^^^^^^^^^   File ""/home/hanan/Projects/python/bscs24001-project1.py"", line 114, in <module>     w, b, cost_history, converged = gradient_descent(train_data, train_label, w, b, alpha, iterations)                                     ^^^^^^^^^^^^^^^^^^^^^^^^^^^^^^^^^^^^^^^^^^^^^^^^^^^^^^^^^^^^^^^^^^ OverflowError: (34, 'Numerical result out of range')",exception has occurred overflowerror 34 numerical result out of range file home hanan projects python bscs24001 project1 py line 45 in compute cost summ np sum y pred y 2 file home hanan projects python bscs24001 project1 py line 64 in gradient descent cost compute cost x y w b file home hanan projects python bscs24001 project1 py line 114 in module w b cost history converged gradient descent train data train label w b alpha iterations overflowerror 34 numerical result out of range,2026-04-06 23:08:05,0,84,2
is this error?,is this error,2025-05-22 14:16:51,1,3,2
what are the components of SDN controller,what are the components of sdn controller,2025-11-19 13:48:05,1,7,4
Aise kr lo,aise kr lo,2025-04-13 19:01:00,0,3,0
"void encrypt(char* buffer, size_t s){         for(int i =0 ;i<s;i++){             int idx = buffer[i] - 33;             buffer[i] = hidden[idx];         }     } if I cast directly can I pass that char* to this, will this throw exception when I try to change buffer[i]",void encrypt char buffer size t s for int i 0 i s i int idx buffer i 33 buffer i hidden idx if i cast directly can i pass that char to this will this throw exception when i try to change buffer i,2025-11-17 23:38:25,0,45,2
what does .snapshot.listen do,what does snapshot listen do,2025-12-01 20:00:05,1,5,4
"Regard,",regard,2025-06-14 00:03:00,0,1,0
"Why does research cost so much money?,Educational",why does research cost so much money educational,1408497194,1,8,3
implement a longest common substring in python,implement a longest common substring in python,2025-01-30 21:00:36,0,7,1
Bhai,bhai,2025-05-24 12:11:00,0,1,0
Error - Unable to access the IIS metabase,error unable to access the iis metabase,2012-10-12 18:15:03,0,7,2
what if I repeat the message array until it matches the noise array size?,what if i repeat the message array until it matches the noise array size,2026-04-11 17:01:08,1,14,4
Good morning,good morning,2025-07-06 21:30:00,0,2,0
whats the problem with this logic,whats the problem with this logic,2025-09-18 06:46:45,1,6,2
jeoo,jeoo,2025-06-14 00:06:00,0,1,0
Oka,oka,2025-03-03 19:29:00,0,1,0
Oka 🧢,oka,2025-12-27 17:37:00,0,1,0
Abay nai😭,abay nai,2026-04-21 20:26:00,0,2,0
"json j1 = json::parse(req.request_str);                         // login requires username and password                 json j = j1[""parameters""];                 string username = j[""username""];                 string password = j[""password""]; why there is error in it",json j1 json parse req request str login requires username and password json j j1 parameters string username j username string password j password why there is error in it,2025-11-16 15:06:32,0,30,2
what position is used to centre image,what position is used to centre image,2024-11-07 09:28:03,1,7,4
What undesirable dependencies are avoided when a relation is in 2NF?,what undesirable dependencies are avoided when a relation is in 2nf,2026-04-01 00:37:05,1,11,4
what is prime implicant table is used for?,what is prime implicant table is used for,2025-03-22 06:02:08,1,8,4
how to use implements a priority queue in c++,how to use implements a priority queue in c,2025-04-14 06:59:32,1,9,1
Gg good morning,gg good morning,2025-05-27 11:00:00,0,3,0
"When teaching Computer Architecture, why are universities using obscure or even made-up CPUs? Why not x86, ARM or RISC-V?,Educational",when teaching computer architecture why are universities using obscure or even made up cpus why not x86 arm or risc v educational,1712605654,1,22,3
write a flutter main.dart that implements dark mode toggle,write a flutter maindart that implements dark mode toggle,2026-04-18 18:05:15,0,9,1
what is session handle,what is session handle,2024-10-27 23:03:58,1,4,4
use axios to use redux for state management,use axios to use redux for state management,2025-07-04 23:33:58,0,8,1
"Dismissed from PhD program and reapplying; how to answer question about dismissal?,Educational",dismissed from phd program and reapplying how to answer question about dismissal educational,1482084113,1,13,3
can i increase the quality of my ubuntu wallpaper,can i increase the quality of my ubuntu wallpaper,2025-07-12 21:10:09,1,9,4
this isnt working,this isnt working,2024-12-03 06:12:28,0,3,2
Error &quot;The input device is not a TTY&quot;,error quot the input device is not a tty quot,2017-03-29 21:26:14,0,10,2
chaudry,chaudry,2025-10-09 18:32:00,0,1,0
write an insert value ?,write an insert value,2026-04-14 00:20:04,1,4,1
How do I solve &quot;error: externally-managed-environment&quot; every time I use pip 3?,how do i solve quot error externally managed environment quot every time i use pip 3,2023-03-02 00:52:19,1,16,2
error: externally-managed-environment × This environment is externally managed,error externally managed environment this environment is externally managed,2025-07-15 12:43:10,0,9,2
Oyee,oyee,2025-11-06 16:32:00,0,1,0
write a python script to handles command line arguments,write a python script to handles command line arguments,2025-10-02 08:22:28,0,9,1
"Why is it customary to call people with doctoral degrees doctors but not people with masters degrees masters?,Educational",why is it customary to call people with doctoral degrees doctors but not people with masters degrees masters educational,1430967167,1,19,3
Best hai,best hai,2025-03-26 17:44:00,0,2,0
Git - fatal: Unable to create &#39;/path/my_project/.git/index.lock&#39;: File exists,git fatal unable to create 39 path my project git index lock 39 file exists,2011-10-22 21:03:54,0,15,2
"How should I communicate that I do not hold the views expressed in a paper I wrote,Educational",how should i communicate that i do not hold the views expressed in a paper i wrote educational,1447120182,1,18,3
Thankyou 💜,thankyou,2025-07-18 00:04:00,0,1,0
Assalamualaikum,assalamualaikum,2024-10-23 00:50:00,0,1,0
"How to deal with a professor who grades assignments and exams incorrectly,Educational",how to deal with a professor who grades assignments and exams incorrectly educational,1456607883,1,13,3
Nhi,nhi,2025-09-19 19:13:00,0,1,0
implement a simple shell that read data from serial port,implement a simple shell that read data from serial port,2025-01-30 15:26:16,0,10,1
ya morning,ya morning,2025-07-19 04:46:00,0,2,0
"now I want you to implement this functionality:  POST /api/v1/signup Input: company__name, email, phone(optional), address(optional), plan_id, plan_name1, tier1_users_plan1, tier2_users_plan1, tier3_users_plan1, price_plan1, plan_name2, tier1_users_plan2, tier2_users_plan2, tier3_users_plan2, price_plan2, plan_name3, tier1_users_plan3, tier2_users_plan3, tier3_users_plan3, price_plan3, username, admin_email, possword. I will insert an entry in client table, Subscription table using plan_id, Invoice table, Payment table, User table using tier_level=1, admin_email, username and password (create its hash using bcrypt and than store in db) and insert 3 entries in Plan table using details from input. This all should happen in a single transaction.  Make sure to use PostgreSQL built-in locking mechanism such that the same data of a company cannot be used by 2 users at a same time, it should be done in serial order to make sure atomicity and consistency. also you can use new error codes just mark it where you used I would add them in error_handling.js myself, you are just need to generate signup.js",now i want you to implement this functionality post apiv1signup input companyname email phoneoptional addressoptional planid planname1 tier1usersplan1 tier2usersplan1 tier3usersplan1 priceplan1 planname2 tier1usersplan2 tier2usersplan2 tier3usersplan2 priceplan2 planname3 tier1usersplan3 tier2usersplan3 tier3usersplan3 priceplan3 username adminemail possword i will insert an entry in client table subscription table using planid invoice table payment table user table using tierlevel1 adminemail username and password create its hash using bcrypt and than store in db and insert 3 entries in plan table using details from input this all should happen in a single transaction make sure to use postgresql builtin locking mechanism such that the same data of a company cannot be used by 2 users at a same time it should be done in serial order to make sure atomicity and consistency also you can use new error codes just mark it where you used i would add them in errorhandlingjs myself you are just need to generate signupjs,2026-03-11 00:30:58,0,153,1
fatal error: ValueError: invalid literal for int() with base 10,fatal error valueerror invalid literal for int with base 10,2025-09-15 20:01:33,0,10,2
Jbh,jbh,2025-12-29 23:11:00,0,1,0
Inshallah,inshallah,2026-04-21 20:33:00,0,1,0
for i in C.keys():         for j in i.values():             if()  is this correct,for i in c keys for j in i values if is this correct,2025-11-27 12:27:35,0,14,2
Naan oven mein pare huwe,naan oven mein pare huwe,2025-12-28 00:24:00,0,5,0
Thk ha,thk ha,2025-03-08 19:56:00,0,2,0
it is not working right now how do i fix it?,it is not working right now how do i fix it,2025-07-21 19:52:17,1,11,2
"What should I (a professor) do if a student keeps answering other students&#39; questions before I start explaining?,Educational",what should i a professor do if a student keeps answering other students 39 questions before i start explaining educational,1581548690,1,20,3
write an code of pure virtual function with no overrided function,write an code of pure virtual function with no overrided function,2025-05-22 14:07:05,0,11,1
"File ""/home/hanan/Projects/c++/sem-project/venv/lib/python3.12/site-packages/streamlit/runtime/scriptrunner/exec_code.py"", line 129, in exec_func_with_error_handling     result = func()              ^^^^^^ File ""/home/hanan/Projects/c++/sem-project/venv/lib/python3.12/site-packages/streamlit/runtime/scriptrunner/script_runner.py"", line 671, in code_to_exec     exec(code, module.__dict__)  # noqa: S102     ^^^^^^^^^^^^^^^^^^^^^^^^^^^ File ""/home/hanan/Projects/c++/sem-project/ui.py"", line 49, in <module>     st.experimental_rerun()     ^^^^^^^^^^^^^^^^^^^^^",file home hanan projects c sem project venv lib python3 12 site packages streamlit runtime scriptrunner exec code py line 129 in exec func with error handling result func file home hanan projects c sem project venv lib python3 12 site packages streamlit runtime scriptrunner script runner py line 671 in code to exec exec code module dict noqa s102 file home hanan projects c sem project ui py line 49 in module st experimental rerun,2025-12-31 11:47:41,0,76,2
c++,c,2024-11-13 18:26:43,0,1,4
generate 3 random indeces in data frame,generate 3 random indeces in data frame,2024-11-21 10:04:27,0,7,4
Achaaaa,achaaaa,2025-06-21 13:13:00,0,1,0
beginner level block chain algorithms,beginner level block chain algorithms,2025-05-07 15:33:40,0,5,4
"How does a suspended student deal with an unprofessional university counselor?,Educational",how does a suspended student deal with an unprofessional university counselor educational,1460114167,1,12,3
its still not working,its still not working,2025-08-19 04:31:18,0,4,2
write a sql statement to create a table with foreign key,write a sql statement to create a table with foreign key,2026-04-20 11:18:45,0,11,1
shadow of a div in css,shadow of a div in css,2024-12-04 12:02:36,0,6,4
what is open flow protocol,what is open flow protocol,2025-11-19 13:50:50,1,5,4
can you write a function of boolean return type that tests circular queue completely according to my assignment?,can you write a function of boolean return type that tests circular queue completely according to my assignment,2025-09-06 16:45:32,1,18,1
Write a query to display the full names of those departments whose average salary is greater than the minimum salary of any departments and whose max salary is less than the max salary of any department. Also display 3 rd to 5 th letter as substring of the departments name with Heading Name Code.,write a query to display the full names of those departments whose average salary is greater than the minimum salary of any departments and whose max salary is less than the max salary of any department also display 3 rd to 5 th letter as substring of the departments name with heading name code,2025-02-28 22:57:00,0,54,1
what is MIB,what is mib,2025-12-11 19:57:49,1,3,4
Chudhryyyyy,chudhryyyyy,2025-05-15 20:34:00,0,1,0
what could be the problem here,what could be the problem here,2025-06-18 01:44:45,1,6,2
"Lost respect for advisor. How to complete PhD?,Educational",lost respect for advisor how to complete phd educational,1584002661,1,9,3
and what about hexadecimal to decimal,and what about hexadecimal to decimal,2024-12-06 20:39:57,0,6,4
"when does a two sample independent test is 2 tail, 1 tail?",when does a two sample independent test is 2 tail 1 tail,2025-12-18 12:53:34,1,12,4
"How should I phrase an important question that I need to ask a professor?,Educational",how should i phrase an important question that i need to ask a professor educational,1497060829,1,15,3
"Why do professors obfuscate their email addresses on their websites?,Educational",why do professors obfuscate their email addresses on their websites educational,1619512891,1,11,3
Taabaidaar,taabaidaar,2025-05-22 21:21:00,0,1,0
"Create a random tensor with shape (7, 7)",create a random tensor with shape 7 7,2026-04-09 21:23:50,0,8,1
"How much does it cost the publisher to publish an academic article?,Educational",how much does it cost the publisher to publish an academic article educational,1438778097,1,13,3
can you rewrite the whole code again without changing other functionalities,can you rewrite the whole code again without changing other functionalities,2025-11-17 18:59:18,1,11,1
now can you generate performance.sql according to the document requirements,now can you generate performancesql according to the document requirements,2026-02-23 02:31:23,0,10,1
nasm -g -F dwarf -f elf64 24001L01.asm -o prog.o 24001L01.asm:1: error: parser: instruction expected 24001L01.asm:6: error: impossible combination of address sizes 24001L01.asm:6: error: invalid 64-bit effective address,nasm g f dwarf f elf64 24001l01 asm o prog o 24001l01 asm 1 error parser instruction expected 24001l01 asm 6 error impossible combination of address sizes 24001l01 asm 6 error invalid 64 bit effective address,2026-01-29 13:44:32,0,36,2
write a node.js express server that has crud operations for users,write a nodejs express server that has crud operations for users,2025-08-31 11:45:56,0,11,1
fatal error: Segmentation fault (core dumped),fatal error segmentation fault core dumped,2025-08-28 13:21:57,0,6,2
pata nhi,pata nhi,2025-08-20 21:54:00,0,2,0
implement a c++ class for sorts an array using quick sort,implement a c class for sorts an array using quick sort,2025-12-15 18:56:23,0,11,1
can you explain this error: E: Failed to fetch archive.ubuntu.com,can you explain this error e failed to fetch archive ubuntu com,2025-05-31 06:55:22,1,12,2
"what will be the result of AX = FFFF SAL AX, 1 SAL AX, 1 SAL AX, 1?",what will be the result of ax ffff sal ax 1 sal ax 1 sal ax 1,2026-04-04 09:44:05,1,17,4
use flutter to plays video from network url,use flutter to plays video from network url,2025-01-28 07:31:28,0,8,1
whats this SingleTickerProviderStateMixin,whats this singletickerproviderstatemixin,2025-11-30 15:29:14,1,3,4
roadmap to learn cybersecurity,roadmap to learn cybersecurity,2025-06-27 19:29:30,0,4,4
"wget https://releases.ubuntu.com/22.04/ubuntu-22.04.3-live-server-amd64.iso -O ubuntu-server.iso --2025-11-08 12:57:56--  https://releases.ubuntu.com/22.04/ubuntu-22.04.3-live-server-amd64.iso Resolving releases.ubuntu.com (releases.ubuntu.com)... 91.189.91.107, 91.189.91.108, 185.125.190.37, ... Connecting to releases.ubuntu.com (releases.ubuntu.com)|91.189.91.107|:443... connected. HTTP request sent, awaiting response... 404 Not Found 2025-11-08 12:57:58 ERROR 404: Not Found.",wget https releases ubuntu com 22 04 ubuntu 22 04 3 live server amd64 iso o ubuntu server iso 2025 11 08 12 57 56 https releases ubuntu com 22 04 ubuntu 22 04 3 live server amd64 iso resolving releases ubuntu com releases ubuntu com 91 189 91 107 91 189 91 108 185 125 190 37 connecting to releases ubuntu com releases ubuntu com 91 189 91 107 443 connected http request sent awaiting response 404 not found 2025 11 08 12 57 58 error 404 not found,2025-11-08 12:58:13,0,90,2
axha,axha,2026-04-22 14:37:00,0,1,0
write a code in python that find largest determinant of a 6 by 6 matrix of 1's and -1's,write a code in python that find largest determinant of a 6 by 6 matrix of 1s and 1s,2025-05-07 18:47:18,0,19,1
"Why do faculty often complain about teaching?,Educational",why do faculty often complain about teaching educational,1670870598,1,8,3
Bas phr easy scene,bas phr easy scene,2026-04-21 20:31:00,0,4,0
Oy,oy,2025-02-14 09:55:00,0,1,0
how to use implements a doubly linked list in c++,how to use implements a doubly linked list in c,2026-02-28 03:20:11,1,10,1
Bhai,bhai,2026-04-02 00:46:00,0,1,0
Wo nai poocha,wo nai poocha,2025-03-05 18:42:00,0,3,0
Hnn,hnn,2024-07-17 12:04:00,0,1,0
write a function to longest common substring,write a function to longest common substring,2025-11-20 16:36:38,0,7,1
ike a full macOS style setup using Dash to Dock on Wayland,ike a full macos style setup using dash to dock on wayland,2025-07-13 12:13:05,0,12,4
baki sb theek bas chal ra haii,baki sb theek bas chal ra haii,2026-03-07 05:44:00,0,7,0
implement jwt authantication in deploy to heroku,implement jwt authantication in deploy to heroku,2025-03-05 14:16:02,0,7,1
seekg geekp tellg,seekg geekp tellg,2024-11-13 18:25:27,0,3,4
Done scenee,done scenee,2025-06-21 14:13:00,1,2,0
Moiz bhi arha shayad,moiz bhi arha shayad,2025-12-27 19:30:00,0,4,0
"sudo nginx -t 2025/11/24 21:03:06 [emerg] 19254#19254: cannot load certificate ""/etc/ssl/certs/cert.pem"": BIO_new_file() failed (SSL: error:80000002:system library::No such file or directory:calling fopen(/etc/ssl/certs/cert.pem, r) error:10000080:BIO routines::no such file) nginx: configuration file /etc/nginx/nginx.conf test failed",sudo nginx t 2025 11 24 21 03 06 emerg 19254 19254 cannot load certificate etc ssl certs cert pem bio new file failed ssl error 80000002 system library no such file or directory calling fopen etc ssl certs cert pem r error 10000080 bio routines no such file nginx configuration file etc nginx nginx conf test failed,2025-11-25 20:53:39,0,58,2
Oy,oy,2025-04-29 10:33:00,0,1,0
use pandas to connects to sqlite database,use pandas to connects to sqlite database,2025-07-01 19:47:34,0,7,1
Happy birthday 🎂🎉,happy birthday,2025-03-22 10:50:00,0,2,0
how to create a markdown editor in javascript,how to create a markdown editor in javascript,2025-01-22 21:23:49,1,8,1
whats the difference between 16 and 32 but architecture?,whats the difference between 16 and 32 but architecture,2026-02-02 11:59:16,1,9,4
"Why don&#39;t all disciplines follow a double-blind review system?,Educational",why don 39 t all disciplines follow a double blind review system educational,1364327224,1,13,3
what is imposter syndrome,what is imposter syndrome,2024-11-02 20:55:41,1,4,4
"How to structure presentation to avoid getting questions that will be answered later in the presentation?,Educational",how to structure presentation to avoid getting questions that will be answered later in the presentation educational,1564642252,1,17,3
"How to respond to an upset student?,Educational",how to respond to an upset student educational,1558621032,1,8,3
Geoo,geoo,2025-10-17 13:50:00,0,1,0
"How do you cite a Github repository?,Educational",how do you cite a github repository educational,1384180554,1,8,3
"what if there was another transaction T3 but it works on data Q, would that also be aborted?",what if there was another transaction t3 but it works on data q would that also be aborted,2026-03-03 19:39:49,1,18,4
what does value_counts() do?,what does value counts do,2026-02-12 13:07:08,1,5,4
"How to handle someone propositioning me to collude/cheat with them on an assignment?,Educational",how to handle someone propositioning me to collude cheat with them on an assignment educational,1399817695,1,15,3
"&quot;Notice: Undefined variable&quot;, &quot;Notice: Undefined index&quot;, &quot;Warning: Undefined array key&quot;, and &quot;Notice: Undefined offset&quot; using PHP",quot notice undefined variable quot quot notice undefined index quot quot warning undefined array key quot and quot notice undefined offset quot using php,2010-11-24 02:26:54,0,24,2
&quot;Cross origin requests are only supported for HTTP.&quot; error when loading a local file,quot cross origin requests are only supported for http quot error when loading a local file,2012-05-25 14:41:19,0,16,2
what is sum of lemdas=?,what is sum of lemdas,2025-05-29 16:59:27,1,5,4
whats the symbol of natural join?,whats the symbol of natural join,2026-04-01 09:55:18,1,6,4
direct acyclic graph,direct acyclic graph,2024-12-24 11:29:33,0,3,4
"How did researchers find articles before the Internet and the computer era?,Educational",how did researchers find articles before the internet and the computer era educational,1561378230,1,13,3
chuddhhrryyyyyyyyyyy,chuddhhrryyyyyyyyyyy,2025-07-04 19:46:00,0,1,0
what is the error in import os,what is the error in import os,2025-05-20 02:24:25,1,7,2
when I stop mysql the server.js failed to connect to db,when i stop mysql the server js failed to connect to db,2025-11-25 14:23:41,1,12,2
Task 2: Implementing K-Nearest Neighbors Requirements: 1. Import KNeighborsClassifier from sklearn.neighbors. 2. Create an instance with n_neighbors=5. 3. fit the model on the scaled training data. 4. Generate predictions on the test set and calculate accuracy using sklearn.metrics.accuracy_score.,task 2 implementing knearest neighbors requirements 1 import kneighborsclassifier from sklearnneighbors 2 create an instance with nneighbors5 3 fit the model on the scaled training data 4 generate predictions on the test set and calculate accuracy using sklearnmetricsaccuracyscore,2026-03-12 12:28:32,0,38,1
"Ajax request returns 200 OK, but an error event is fired instead of success",ajax request returns 200 ok but an error event is fired instead of success,2011-05-31 16:17:38,0,14,2
"inputs = tokenizer(prompt, return_tensors=""pt"").to(""cuda"") there is an error",inputs tokenizer prompt return tensors pt to cuda there is an error,2025-07-21 18:46:32,0,12,2
C:\Users\Abdul Hanan\source\repos\semproject\x64\Debug\semproject.exe (process 5544) exited with code 0 (0x0). Press any key to close this window . . .,c users abdul hanan source repos semproject x64 debug semproject exe process 5544 exited with code 0 0x0 press any key to close this window,2024-11-21 11:58:59,0,25,2
can u write a c++ program that creates a thread and joins it,can u write a c program that creates a thread and joins it,2025-07-18 18:53:17,1,13,1
2<logn<n<n^2<n! complete this chain starting from lowest growth rate to highest,2 logn n n 2 n complete this chain starting from lowest growth rate to highest,2024-11-07 18:54:35,0,16,4
"How can I deal with being pressured by my department to pass students who failed?,Educational",how can i deal with being pressured by my department to pass students who failed educational,1598212373,1,16,3
How to resolve java.lang.NoClassDefFoundError: javax/xml/bind/JAXBException,how to resolve java lang noclassdeffounderror javax xml bind jaxbexception,2017-04-23 22:40:23,1,10,2
thulla gang on top,thulla gang on top,2025-07-09 20:45:00,0,4,0
what is meant by curl and divergence?,what is meant by curl and divergence,2025-05-30 23:11:37,1,7,4
how to displays a grid of images in flutter,how to displays a grid of images in flutter,2025-10-14 13:26:52,1,9,1
Nice,nice,2024-11-19 20:31:00,0,1,0
what is meant by discrete fourier transformation of a function,what is meant by discrete fourier transformation of a function,2025-05-30 23:36:35,1,10,4
Goood morningh,goood morningh,2026-03-11 02:40:00,0,2,0
Sorry,sorry,2025-10-01 22:11:00,0,1,0
Ok ho gya,ok ho gya,2025-12-21 03:40:00,0,3,0
ReferenceError: require isnt defined,referenceerror require isnt defined,2026-03-16 20:19:10,0,4,2
Oye,oye,2024-06-08 16:50:00,0,1,0
its saying IndentationError: expected an indented block,its saying indentationerror expected an indented block,2025-07-05 19:52:57,0,7,2
chudhrryyyyyyyy,chudhrryyyyyyyy,2025-05-22 20:53:00,0,1,0
"identifier ""duration_cast"" is undefined",identifier duration cast is undefined,2025-08-23 00:01:30,0,5,2
what is relationship between player and fighter?,what is relationship between player and fighter,2025-05-21 18:18:40,1,7,4
can you write a function such that it changes a given update and delete query into select query with same condition such that I should be able to count number of rows,can you write a function such that it changes a given update and delete query into select query with same condition such that i should be able to count number of rows,2026-03-11 02:00:18,1,32,1
"what is |J100|=?, provide a general rule",what is j100 provide a general rule,2025-05-30 09:15:10,1,7,4
Strange OutOfMemory issue while loading an image to a Bitmap object,strange outofmemory issue while loading an image to a bitmap object,2009-01-25 16:23:37,0,11,2
yar,yar,2025-08-13 23:43:00,0,1,0
write a pytorch code to use tensorboard to visualize metrics,write a pytorch code to use tensorboard to visualize metrics,2025-02-04 07:11:00,0,10,1
ImagePicker and base64Encode is undefined,imagepicker and base64encode is undefined,2025-11-26 20:26:50,0,5,2
is this error?,is this error,2025-07-01 04:24:13,1,3,2
ni,ni,2025-05-30 15:08:00,0,1,0
Eid Mubarak,eid mubarak,2024-04-09 21:45:00,0,2,0
ohh,ohh,2025-10-09 09:28:00,0,1,0
"node ./server.js node:internal/modules/cjs/loader:1137   throw err;   ^  Error: Cannot find module 'dotenv' Require stack: - /home/hanan/Projects/c++/SaaS-on-SaaS/backend/server.js     at Module._resolveFilename (node:internal/modules/cjs/loader:1134:15)     at Module._load (node:internal/modules/cjs/loader:975:27)     at Module.require (node:internal/modules/cjs/loader:1225:19)     at require (node:internal/modules/helpers:177:18)     at Object.<anonymous> (/home/hanan/Projects/c++/SaaS-on-SaaS/backend/server.js:2:1)     at Module._compile (node:internal/modules/cjs/loader:1356:14)     at Module._extensions..js (node:internal/modules/cjs/loader:1414:10)     at Module.load (node:internal/modules/cjs/loader:1197:32)     at Module._load (node:internal/modules/cjs/loader:1013:12)     at Function.executeUserEntryPoint [as runMain] (node:internal/modules/run_main:128:12) {   code: 'MODULE_NOT_FOUND',   requireStack: [ '/home/hanan/Projects/c++/SaaS-on-SaaS/backend/server.js' ] }  Node.js v18.19.1",node server js node internal modules cjs loader 1137 throw err error cannot find module dotenv require stack home hanan projects c saas on saas backend server js at module resolvefilename node internal modules cjs loader 1134 15 at module load node internal modules cjs loader 975 27 at module require node internal modules cjs loader 1225 19 at require node internal modules helpers 177 18 at object anonymous home hanan projects c saas on saas backend server js 2 1 at module compile node internal modules cjs loader 1356 14 at module extensions js node internal modules cjs loader 1414 10 at module load node internal modules cjs loader 1197 32 at module load node internal modules cjs loader 1013 12 at function executeuserentrypoint as runmain node internal modules run main 128 12 code module not found requirestack home hanan projects c saas on saas backend server js node js v18 19 1,2026-03-11 23:15:33,0,154,2
how to creates a custom painter to draw shapes in flutter,how to creates a custom painter to draw shapes in flutter,2026-01-09 08:21:37,1,11,1
"How to answer questions *honestly* about some professors from Visit Days students?,Educational",how to answer questions honestly about some professors from visit days students educational,1517781865,1,13,3
"Why are some professors critical of even casual use of Wikipedia?,Educational",why are some professors critical of even casual use of wikipedia educational,1417673292,1,12,3
write a c++ program to uses std::sort with custom comparator using pointers,write a c program to uses stdsort with custom comparator using pointers,2025-02-05 23:09:26,0,12,1
"How to move your field away from a widely accepted practice that has a catastrophic error?,Educational",how to move your field away from a widely accepted practice that has a catastrophic error educational,1481511189,1,17,3
JO BAAT HAA,jo baat haa,2025-12-14 20:37:00,0,3,0
how to checks if a string is palindrome in c++ with example,how to checks if a string is palindrome in c with example,2025-10-02 08:22:28,1,12,1
whats the return type of http.get(),whats the return type of http get,2025-11-24 19:36:36,1,7,4
failed to fetch archive.ubuntu.com,failed to fetch archive ubuntu com,2025-11-10 13:14:08,0,6,2
can u modify this sql query to use window function to rank employees,can u modify this sql query to use window function to rank employees,2025-07-06 16:51:34,1,13,1
"How to deal with overly helpful co-advisor?,Educational",how to deal with overly helpful co advisor educational,1598363723,1,9,3
ok,ok,2024-07-01 11:49:00,0,1,0
what hexadecimal number has first bit 1 only,what hexadecimal number has first bit 1 only,2025-11-28 15:36:47,1,8,4
255.255.255.0 // subnet mask 1.1.1.1 // default gateway is this correct,255 255 255 0 subnet mask 1 1 1 1 default gateway is this correct,2025-08-27 11:41:04,0,15,2
Hal chal pooch na tha,hal chal pooch na tha,2025-06-14 22:37:00,0,5,0
"const [overdueResult] = await connection.query(             `SELECT DATEDIFF(CURDATE(),o.penalty_date) as days FROM Invoice i              JOIN Subscription s ON i.subscription_id = s.subscription_id JOIN              OverduePenalty o ON o.invoice_id = i.invoice_id WHERE s.client_id = ?              AND i.status ='Overdue' AND o.applied = False`,             [clientId]         );         const daysSincePenalty = overdueResult[0].days || 0;  [Pay] Error: {   message: ""Cannot read properties of undefined (reading 'days')"",   stack: ""TypeError: Cannot read properties of undefined (reading 'days')\n"" +",const overdueresult await connection query select datediff curdate o penalty date as days from invoice i join subscription s on i subscription id s subscription id join overduepenalty o on o invoice id i invoice id where s client id and i status overdue and o applied false clientid const dayssincepenalty overdueresult 0 days 0 pay error message cannot read properties of undefined reading days stack typeerror cannot read properties of undefined reading days n,2026-03-12 01:29:16,1,75,2
"Why are CS researchers reluctant to share code and what techniques can I use to encourage sharing?,Educational",why are cs researchers reluctant to share code and what techniques can i use to encourage sharing educational,1369636151,1,18,3
Aur bharoosa bhi,aur bharoosa bhi,2025-05-15 20:36:00,0,3,0
"Why are high pass rates for courses considered acceptable in the US?,Educational",why are high pass rates for courses considered acceptable in the us educational,1648598752,1,13,3
Nhi phir kisi din,nhi phir kisi din,2025-06-25 18:56:00,0,4,0
node ./test.js /home/hanan/Projects/c++/SaaS-on-SaaS/backend/test.js:3 const chalk = require('chalk');               ^  Error [ERR_REQUIRE_ESM]: require() of ES Module /home/hanan/Projects/c++/SaaS-on-SaaS/node_modules/chalk/source/index.js from /home/hanan/Projects/c++/SaaS-on-SaaS/backend/test.js not supported. Instead change the require of index.js in /home/hanan/Projects/c++/SaaS-on-SaaS/backend/test.js to a dynamic import() which is available in all CommonJS modules.     at Object.<anonymous> (/home/hanan/Projects/c++/SaaS-on-SaaS/backend/test.js:3:15) {   code: 'ERR_REQUIRE_ESM' }  Node.js v18.19.1,node test js home hanan projects c saas on saas backend test js 3 const chalk require chalk error err require esm require of es module home hanan projects c saas on saas node modules chalk source index js from home hanan projects c saas on saas backend test js not supported instead change the require of index js in home hanan projects c saas on saas backend test js to a dynamic import which is available in all commonjs modules at object anonymous home hanan projects c saas on saas backend test js 3 15 code err require esm node js v18 19 1,2026-03-11 23:07:26,0,105,2
"How to teach a class that I&#39;ve never taken?,Educational",how to teach a class that i 39 ve never taken educational,1347750122,1,12,3
"How detailed should my review of a very poorly-written manuscript be?,Educational",how detailed should my review of a very poorly written manuscript be educational,1429991168,1,13,3
i get this error when whole main function is executed. Run-Time Check Failure #2 - Stack around the variable 'board' was corrupted.  do you see any error in here ?,i get this error when whole main function is executed run time check failure 2 stack around the variable board was corrupted do you see any error in here,2024-11-29 09:20:52,1,29,2
DATA TYPE OF THIS,data type of this,2025-05-26 14:19:20,0,4,4
Ok gn,ok gn,2024-03-22 06:26:00,0,2,0
Sai hai 😭😭😂,sai hai,2025-11-22 23:53:00,0,2,0
how to heap sort using greedy algorithm,how to heap sort using greedy algorithm,2026-04-14 15:16:09,1,7,1
Hmm,hmm,2024-07-21 18:43:00,0,1,0
"How to deal with incompetent PhD student as an undergrad,Educational",how to deal with incompetent phd student as an undergrad educational,1615763087,1,11,3
"How do I use lemmas that are probably already proven, but including the proof myself is quicker than looking up a source?,Educational",how do i use lemmas that are probably already proven but including the proof myself is quicker than looking up a source educational,1598909507,1,23,3
good morning waize bhai,good morning waize bhai,2025-06-14 00:00:00,0,4,0
there can be error if I dont handle the logic innside handle_process()? if the q doesn't hav enay value on which the process id to be done,there can be error if i dont handle the logic innside handle process if the q doesn t hav enay value on which the process id to be done,2025-09-19 12:33:00,1,29,2
"/usr/bin/ld: /tmp/ccofYTci.o: in function `isbalanced(std::__cxx11::basic_string<char, std::char_traits<char>, std::allocator<char> >)': /home/hanan/Projects/c++/lab4/ExpressionEval.cpp:6:(.text+0x3c): undefined reference to `Stack<char>::Stack(int)' /usr/bin/ld: /home/hanan/Projects/c++/lab4/ExpressionEval.cpp:9:(.text+0xd5): undefined reference to `Stack<char>::push(char)' /usr/bin/ld: /home/hanan/Projects/c++/lab4/ExpressionEval.cpp:13:(.text+0xf6): undefined reference to `Stack<char>::top()' /usr/bin/ld: /home/hanan/Projects/c++/lab4/ExpressionEval.cpp:14:(.text+0x137): undefined reference to `Stack<char>::pop()'",usr bin ld tmp ccofytci o in function isbalanced std cxx11 basic string char std char traits char std allocator char home hanan projects c lab4 expressioneval cpp 6 text 0x3c undefined reference to stack char stack int usr bin ld home hanan projects c lab4 expressioneval cpp 9 text 0xd5 undefined reference to stack char push char usr bin ld home hanan projects c lab4 expressioneval cpp 13 text 0xf6 undefined reference to stack char top usr bin ld home hanan projects c lab4 expressioneval cpp 14 text 0x137 undefined reference to stack char pop,2025-09-12 22:41:54,0,96,2
Mutton paka huwa,mutton paka huwa,2025-12-28 00:24:00,0,3,0
Correct way to write line to file?,correct way to write line to file,2011-05-28 10:44:53,1,7,2
"How to move forward following an unpleasant situation with colleagues?,Educational",how to move forward following an unpleasant situation with colleagues educational,1421625972,1,11,3
Bs sai ha,bs sai ha,2025-07-03 19:10:00,0,3,0
Dekhta,dekhta,2025-03-19 20:26:00,0,1,0
how can I do it in c++ program,how can i do it in c program,2025-09-21 20:26:33,1,8,1
"Why is gender diversity promoted in the sciences to &quot;denounce the lack of women&quot; in these fields, but not in others, regardless of gender?,Educational",why is gender diversity promoted in the sciences to denounce the lack of women in these fields but not in others regardless of gender educational,1741183482,1,25,3
chudhryyyyyyyyy,chudhryyyyyyyyy,2025-08-23 15:33:00,0,1,0
write a program to parse command line arguments using getopt using fork,write a program to parse command line arguments using getopt using fork,2024-11-03 20:51:34,0,12,1
write a function to merge sort,write a function to merge sort,2025-12-02 21:55:41,0,6,1
what is the difference between classification and regression,what is the difference between classification and regression,2026-03-29 13:17:14,1,8,4
Han,han,2025-08-21 19:22:00,0,1,0
its still not working,its still not working,2025-06-09 19:04:37,0,4,2
"Why do people sometimes put authors with equal contribution in non-alphabetical order?,Educational",why do people sometimes put authors with equal contribution in non alphabetical order educational,1448744225,1,14,3
list file read write functions,list file read write functions,2025-11-24 19:33:29,0,5,4
"Why do academics write peer reviews?,Educational",why do academics write peer reviews educational,1359454905,1,7,3
whats wrong with this code,whats wrong with this code,2025-06-20 03:03:13,1,5,2
Gabru te case jerq sanjay dutt tey,gabru te case jerq sanjay dutt tey,2025-07-31 15:46:00,0,7,0
han,han,2025-03-08 14:13:00,0,1,0
What is username that is used over FTP when you want to log in without having an account?,what is username that is used over ftp when you want to log in without having an account,2026-04-09 23:29:25,1,18,4
"Why is PhD GPA considered irrelevant?,Educational",why is phd gpa considered irrelevant educational,1522990727,1,7,3
Koi ni agli dafa sai,koi ni agli dafa sai,2025-01-27 23:36:00,0,5,0
what is the error in this code,what is the error in this code,2025-05-26 14:22:51,1,7,2
Islamic studies miss,islamic studies miss,2025-08-22 11:04:00,1,3,0
A component is changing an uncontrolled input of type text to be controlled error in ReactJS,a component is changing an uncontrolled input of type text to be controlled error in reactjs,2017-10-30 14:47:10,0,16,2
main yaad ha,main yaad ha,2025-03-25 22:23:00,0,3,0
how to trains a linear regression model in python using matplotlib,how to trains a linear regression model in python using matplotlib,2025-09-15 05:02:39,1,11,1
"How should an graduate student with Aspergers syndrome prepare for a teaching career?,Educational",how should an graduate student with aspergers syndrome prepare for a teaching career educational,1423894248,1,14,3
what is the size of float double short int long double long int long long int,what is the size of float double short int long double long int long long int,2025-05-22 15:26:50,1,16,4
what is the difference between half adder and full adder,what is the difference between half adder and full adder,2025-03-22 05:49:06,1,10,4
what does json.decode() returns?,what does json decode returns,2025-11-24 18:09:42,1,5,4
pleeeej,pleeeej,2025-08-23 16:42:00,0,1,0
use css to use local storage to save data,use css to use local storage to save data,2025-07-30 01:58:52,0,9,1
Git: cannot checkout branch - error: pathspec &#39;...&#39; did not match any file(s) known to git,git cannot checkout branch error pathspec 39 39 did not match any file s known to git,2011-05-13 14:03:48,0,17,2
"How do I politely decline student requests to meet during my &quot;research time?&quot;,Educational",how do i politely decline student requests to meet during my research time educational,1506621732,1,14,3
what is the data type of 'this',what is the data type of this,2025-05-22 13:05:49,1,7,4
"Do PhD students sometimes abandon their original research idea? If so, how do they cope with it?,Educational",do phd students sometimes abandon their original research idea if so how do they cope with it educational,1606695238,1,18,3
"Why does a UK university need to know my sexual orientation and religion?,Educational",why does a uk university need to know my sexual orientation and religion educational,1414503205,1,14,3
write a python class for scrapes data from a website,write a python class for scrapes data from a website,2025-01-26 06:50:21,0,10,1
Hlo,hlo,2025-02-13 23:40:00,0,1,0
example of self join,example of self join,2025-02-16 21:34:01,0,4,4
how to creates a custom painter to draw shapes in flutter,how to creates a custom painter to draw shapes in flutter,2025-09-23 08:49:48,1,11,1
"How to concentrate during conference talks where the quality of the presentation is poor?,Educational",how to concentrate during conference talks where the quality of the presentation is poor educational,1479330177,1,15,3
"Why do many talented scientists write horrible software?,Educational",why do many talented scientists write horrible software educational,1394043305,1,9,3
"How to react to some students who book an appointment and do not show up?,Educational",how to react to some students who book an appointment and do not show up educational,1603209301,1,16,3
my pleasure,my pleasure,2025-10-08 18:17:00,0,2,0
Whole thulla gang,whole thulla gang,2025-12-04 22:11:00,1,3,0
Uhwa,uhwa,2025-07-31 16:12:00,0,1,0
Yess,yess,2025-07-31 15:42:00,0,1,0
what are the conditions for subspace,what are the conditions for subspace,2025-02-26 15:15:12,1,6,4
use dynamic programming to hash table,use dynamic programming to hash table,2026-03-28 11:26:07,0,6,1
what is meant by width of data bus?,what is meant by width of data bus,2026-02-11 16:50:43,1,8,4
this isnt working,this isnt working,2025-11-20 20:16:55,0,3,2
"Write a query to:   I. Display the employee_id, first_name, salary, and department_name for all employees.   II. Include employees who are not assigned to a department.   III. Include departments that do not have any employees assigned to them.   IV. Include the manager_name for each employee (if they have a manager).   V. Include employees whose salary is **greater than their manager&#39;s salary**. VI. Include employees whose salary falls within the range of min_salary and max_salary in the jobs table.   VII. Display the result as:   &quot;Employee: [first_name], Department: [department_name], Manager: [manager_name], Salary: [salary], Above Manager: [Yes/No], Job Range: [Within/Outside]&quot;.",write a query to i display the employeeid firstname salary and departmentname for all employees ii include employees who are not assigned to a department iii include departments that do not have any employees assigned to them iv include the managername for each employee if they have a manager v include employees whose salary is greater than their manager39s salary vi include employees whose salary falls within the range of minsalary and maxsalary in the jobs table vii display the result as quotemployee firstname department departmentname manager managername salary salary above manager yesno job range withinoutsidequot,2025-02-20 10:35:22,0,96,1
Achaa,achaa,2024-07-10 12:10:00,0,1,0
error: failed to push some refs to 'github.com/...',error failed to push some refs to github com,2024-12-06 21:00:57,0,9,2
what is unsigned char(96) in bytes,what is unsigned char 96 in bytes,2025-11-28 15:51:56,1,7,4
write a pytorch script to implement gradient descent from scratch,write a pytorch script to implement gradient descent from scratch,2026-01-04 05:22:06,0,10,1
Hello net testing,hello net testing,2026-04-21 12:08:00,0,3,0
Kiya bhi sahi huwa,kiya bhi sahi huwa,2025-07-28 20:02:00,0,4,0
"How to warn others about a conference-related scam?,Educational",how to warn others about a conference related scam educational,1528668737,1,10,3
what is the difference between combinational and sequential circuits?,what is the difference between combinational and sequential circuits,2025-06-02 15:18:20,1,9,4
what megabyte?,what megabyte,2026-02-12 19:34:15,1,2,4
which keyboard key has ascii 18?,which keyboard key has ascii 18,2025-05-16 16:51:03,1,6,4
which library and namespace has ostringstream,which library and namespace has ostringstream,2025-06-08 21:25:45,1,6,4
jeoo,jeoo,2025-09-02 13:59:00,0,1,0
"How do I email other students in my online classes, to make friends, without appearing creepy?,Educational",how do i email other students in my online classes to make friends without appearing creepy educational,1638263880,1,17,3
"Why do German universities rank so low internationally?,Educational",why do german universities rank so low internationally educational,1598981543,1,9,3
TypeError: 'float' object cannot be interpreted as an integer,typeerror float object cannot be interpreted as an integer,2024-11-14 10:29:56,0,9,2
Bhai tu CS ka student ha,bhai tu cs ka student ha,2025-04-12 19:46:00,0,6,0
evaluate the model accuracy using save a trained model to disk,evaluate the model accuracy using save a trained model to disk,2025-01-29 15:52:04,0,11,1
Han wo badmash he,han wo badmash he,2025-07-31 15:47:00,0,4,0
write a program to handle sigint signal using fork,write a program to handle sigint signal using fork,2025-05-15 06:39:59,0,9,1
why this isnt working,why this isnt working,2025-06-03 08:39:18,1,4,2
"Why isn&#39;t it the norm to have research repeated immediately by other academics?,Educational",why isn 39 t it the norm to have research repeated immediately by other academics educational,1622340761,1,16,3
when i start the pc where i enter password that screen is black i want the blur wallpaper there,when i start the pc where i enter password that screen is black i want the blur wallpaper there,2025-07-13 18:32:59,1,19,4
write a python function to implement batch normalization for ml,write a python function to implement batch normalization for ml,2025-09-10 16:59:45,0,10,1
"Why do American universities cost so much?,Educational",why do american universities cost so much educational,1670446662,1,8,3
"terminate called after throwing an instance of 'nlohmann::json_abi_v3_11_3::detail::parse_error'   what():  [json.exception.parse_error.101] parse error at line 1, column 1: syntax error while parsing value - invalid literal; last read: 'm' Aborted (core dumped)",terminate called after throwing an instance of nlohmann json abi v3 11 3 detail parse error what json exception parse error 101 parse error at line 1 column 1 syntax error while parsing value invalid literal last read m aborted core dumped,2025-09-07 14:44:41,0,42,2
Happy birthday 🎂🎈,happy birthday,2024-03-22 06:20:00,0,2,0
"parent[start] = vector<int>(-1,2); what's the error",parent start vector int 1 2 what s the error,2025-09-18 21:20:20,0,10,2
Tu sherr ha,tu sherr ha,2025-12-28 00:22:00,0,3,0
can you do it separately?,can you do it separately,2024-11-21 09:37:29,1,5,4
use css to has crud operations for users,use css to has crud operations for users,2026-04-19 01:08:14,0,8,1
Design a server (pseudo code in c++) that supports: ● File transfer over TCP ● Notifications over UDP ● Both on the same IP/port combination Discuss how you would multiplex the sockets and what are the tricky cases you’d face?,design a server pseudo code in c that supports file transfer over tcp notifications over udp both on the same ipport combination discuss how you would multiplex the sockets and what are the tricky cases youd face,2025-09-30 17:33:33,1,37,1
this has error,this has error,2025-04-12 12:13:37,0,3,2
Fielding set kr di,fielding set kr di,2025-07-28 20:01:00,0,4,0
i have done this but still not working,i have done this but still not working,2025-10-19 01:59:11,0,8,2
Koi scene nhi ch,koi scene nhi ch,2025-06-23 22:29:00,0,4,0
"xdg-open ./index.html Command 'xdg-open' not found, but can be installed with: sudo apt install xdg-utils frontend-vm@frontend-vm:~/two-tier-app/frontend$ firefox index.html /usr/bin/firefox: 12: xdg-settings: not found update.go:85: cannot change mount namespace according to change mount (/var/lib/snapd/hostfs/usr/local/share/doc /usr/local/share/doc none bind,ro 0 0): cannot write to ""/var/lib/snapd/hostfs/usr/local/share/doc"" because it would affect the host in ""/var/lib/snapd"" update.go:85: cannot change mount namespace according to change mount (/var/lib/snapd/hostfs/usr/share/cups/doc-root /usr/share/cups/doc-root none bind,ro 0 0): cannot write to ""/var/lib/snapd/hostfs/usr/share/cups/doc-root"" because it would affect the host in ""/var/lib/snapd"" update.go:85: cannot change mount namespace according to change mount (/var/lib/snapd/hostfs/usr/share/gimp/2.0/help /usr/share/gimp/2.0/help none bind,ro 0 0): cannot write to ""/var/lib/snapd/hostfs/usr/share/gimp/2.0/help"" because it would affect the host in ""/var/lib/snapd"" Error: no DISPLAY environment variable specified",xdg open index html command xdg open not found but can be installed with sudo apt install xdg utils frontend vm frontend vm two tier app frontend firefox index html usr bin firefox 12 xdg settings not found update go 85 cannot change mount namespace according to change mount var lib snapd hostfs usr local share doc usr local share doc none bind ro 0 0 cannot write to var lib snapd hostfs usr local share doc because it would affect the host in var lib snapd update go 85 cannot change mount namespace according to change mount var lib snapd hostfs usr share cups doc root usr share cups doc root none bind ro 0 0 cannot write to var lib snapd hostfs usr share cups doc root because it would affect the host in var lib snapd update go 85 cannot change mount namespace according to change mount var lib snapd hostfs usr share gimp 2 0 help usr share gimp 2 0 help none bind ro 0 0 cannot write to var lib snapd hostfs usr share gimp 2 0 help because it would affect the host in var lib snapd error no display environment variable specified,2025-11-24 15:10:38,0,200,2
generate 3 random indeces in data frame,generate 3 random indeces in data frame,2024-11-21 10:04:27,0,7,1
can you explain this error: Segmentation fault (core dumped),can you explain this error segmentation fault core dumped,2024-11-18 14:59:37,1,9,2
Woh waize ko pta,woh waize ko pta,2025-09-23 09:45:00,0,4,0
"Create a sign up page (in which user create an ID) User sends request to others using ID or QR code and can also accept requests Now a number of users can get into a match There will be a selected number of words, user can select any one of them User can draw on whiteboard Other users can write things in the chat  If the message == word, his scores get plus At the end the player with maximum score will win Next time the player opens game it does not have to sign up/log in are these correcct and all?",create a sign up page in which user create an id user sends request to others using id or qr code and can also accept requests now a number of users can get into a match there will be a selected number of words user can select any one of them user can draw on whiteboard other users can write things in the chat if the message word his scores get plus at the end the player with maximum score will win next time the player opens game it does not have to sign uplog in are these correcct and all,2025-09-16 18:48:38,1,101,1
what is the difference between stale data and dirty data,what is the difference between stale data and dirty data,2025-05-24 13:08:29,1,10,4
can u modify this c++ code to creates a thread and joins it,can u modify this c code to creates a thread and joins it,2026-04-03 05:01:10,1,13,1
write a flutter app that uses futurebuilder to load async data,write a flutter app that uses futurebuilder to load async data,2025-07-02 10:55:34,0,11,1
"How to have a fulfilling social life as an academic,Educational",how to have a fulfilling social life as an academic educational,1388288258,1,11,3
implement a knapsack problem data structure,implement a knapsack problem data structure,2025-12-04 23:03:44,0,6,1
what is index?,what is index,2025-05-12 23:30:20,1,3,4
you dont need to implement other things or use any kind of template I just want you to implement BTeeNode and BTree class that just reads and writes the BTreeNode in the file,you dont need to implement other things or use any kind of template i just want you to implement bteenode and btree class that just reads and writes the btreenode in the file,2025-12-08 17:55:42,0,33,1
"How to deal with anxiety and depression after being kicked out of PhD program?,Educational",how to deal with anxiety and depression after being kicked out of phd program educational,1543469528,1,15,3
"B: Implement class DecisionStump with: fit(X, y, weights=None) — call find_best_split(), store the best feature and threshold, then determine the majority class label for the left group and the right group separately predict(X) — for each row, if row[feature] <= threshold return the left label, otherwise return the right label. Return a NumPy array.",b implement class decisionstump with fitx y weightsnone call findbestsplit store the best feature and threshold then determine the majority class label for the left group and the right group separately predictx for each row if rowfeature threshold return the left label otherwise return the right label return a numpy array,2026-03-05 20:27:12,0,51,1
what is hot potato routing,what is hot potato routing,2025-12-11 18:41:01,1,5,4
Sai,sai,2024-12-06 20:55:00,0,1,0
can you create a BTree class based database which will use bitmanipulation to find the free node but this database will first have the user info table where maximum users are 50 struct user will be something like,can you create a btree class based database which will use bitmanipulation to find the free node but this database will first have the user info table where maximum users are 50 struct user will be something like,2025-12-08 15:16:44,1,38,1
How to redirect and append both standard output and standard error to a file with Bash,how to redirect and append both standard output and standard error to a file with bash,2009-05-18 10:19:45,1,16,2
"Why do people publish on arXiv instead of other places?,Educational",why do people publish on arxiv instead of other places educational,1471419210,1,11,3
can you tell me general way of finding area and volume using determinants,can you tell me general way of finding area and volume using determinants,2025-05-29 14:27:45,1,13,4
"Why is Brill selling chapters of my book for $30?,Educational",why is brill selling chapters of my book for 30 educational,1577004019,1,11,3
Ni,ni,2025-05-31 22:51:00,0,1,0
use axios to deploy to heroku,use axios to deploy to heroku,2025-05-24 12:37:50,0,6,1
Unlink of file Failed. Should I try again?,unlink of file failed should i try again,2010-12-08 21:32:40,1,8,2
what could be the problem here,what could be the problem here,2025-02-19 14:39:10,1,6,2
How do I clone a list so that it doesn&#39;t change unexpectedly after assignment?,how do i clone a list so that it doesn 39 t change unexpectedly after assignment,2010-04-10 13:49:46,1,16,2
how to create a markdown editor in javascript,how to create a markdown editor in javascript,2025-12-29 06:06:17,1,8,1
how to load a pre-trained resnet using pytorch,how to load a pretrained resnet using pytorch,2025-01-10 02:46:00,1,8,1
Ustaad,ustaad,2025-11-06 19:53:00,0,1,0
what about composition?,what about composition,2026-04-02 22:33:53,1,3,4
"A university does not allow its employees to use its affiliation on papers done in spare time; how normal is that?,Educational",a university does not allow its employees to use its affiliation on papers done in spare time how normal is that educational,1454013124,1,22,3
"How can I find an old, obscure, or otherwise inaccessible paper when the usual methods fail?,Educational",how can i find an old obscure or otherwise inaccessible paper when the usual methods fail educational,1565719447,1,17,3
give only Pseudo code in c++,give only pseudo code in c,2025-09-30 17:33:09,0,6,1
Line 1122: Char 34: runtime error: addition of unsigned offset to 0x5060000000e0 overflowed to 0x5060000000dc (stl_vector.h) SUMMARY: UndefinedBehaviorSanitizer: undefined-behavior /usr/lib/gcc/x86_64-linux-gnu/14/../../../../include/c++/14/bits/stl_vector.h:1131:34,line 1122 char 34 runtime error addition of unsigned offset to 0x5060000000e0 overflowed to 0x5060000000dc stl vector h summary undefinedbehaviorsanitizer undefined behavior usr lib gcc x86 64 linux gnu 14 include c 14 bits stl vector h 1131 34,2025-08-23 12:39:00,0,39,2
its giving error on line 45,its giving error on line 45,2025-06-22 11:04:53,0,6,2
what is a random forest?,what is a random forest,2026-03-29 15:44:03,1,5,4
"Why do most people think it&#39;s a bad idea to read from slides?,Educational",why do most people think it 39 s a bad idea to read from slides educational,1473127800,1,16,3
-xe^(-lnx)=?,xe lnx,2025-05-22 10:04:44,1,2,4
what is shift matrix,what is shift matrix,2025-03-14 15:59:41,1,4,4
transition in css,transition in css,2024-12-04 11:51:41,0,3,4
"mul cx, 2  whats the error",mul cx 2 whats the error,2026-02-13 18:11:09,0,6,2
Bs done scene,bs done scene,2025-07-15 16:55:00,0,3,0
Shukriya yar,shukriya yar,2024-02-24 19:47:00,0,2,0
what about BX?,what about bx,2026-02-11 16:53:43,1,3,4
How to properly ignore exceptions,how to properly ignore exceptions,2009-04-08 21:23:00,1,5,2
"Khair mubarikk, apko bhi eid mubarik",khair mubarikk apko bhi eid mubarik,2025-06-07 17:36:00,0,6,0
what is formal system development?,what is formal system development,2026-04-02 18:22:30,1,5,4
"A number is passed to ax register, write a program, which counts the number of one bits in the register and complement the bit number which is equal to the count of these bits.  explain this question",a number is passed to ax register write a program which counts the number of one bits in the register and complement the bit number which is equal to the count of these bits explain this question,2026-02-13 19:59:12,0,37,1
what is meant by isolation?,what is meant by isolation,2025-05-12 23:12:42,1,5,4
"My professor gave me a bad grade and wouldn&#39;t discuss it further, I think some prejudice may be involved. How should a student proceed?,Educational",my professor gave me a bad grade and wouldn 39 t discuss it further i think some prejudice may be involved how should a student proceed educational,1403851685,1,27,3
write a javascript function to use local storage to save data,write a javascript function to use local storage to save data,2026-03-17 10:19:00,0,11,1
how to use implements a stack using templates in c++,how to use implements a stack using templates in c,2025-04-18 16:09:50,1,10,1
nah,nah,2026-04-20 22:31:00,0,1,0
Sammee,sammee,2025-11-10 14:39:00,0,1,0
"Why is my mood dictated so much by how well my research is going?,Educational",why is my mood dictated so much by how well my research is going educational,1465926808,1,15,3
Jaffar present,jaffar present,2025-11-06 06:55:00,0,2,0
where does log(log(n)) lies in this chain,where does log log n lies in this chain,2024-11-07 18:56:05,1,9,4
"Colleague stole my work and is publishing it as his own; my PhD supervisor supports him; I got the paper to review. How to proceed?,Educational",colleague stole my work and is publishing it as his own my phd supervisor supports him i got the paper to review how to proceed educational,1480754605,1,26,3
can you give me a template to implement huffman coding without providing the actual implementation code just write the comments,can you give me a template to implement huffman coding without providing the actual implementation code just write the comments,2025-12-13 14:21:12,1,20,1
"Task 3: Implementing Decision Trees Requirements: In it I will use criterion='entropy' and splitter='random' and let Gini be deprecated for this environment. I will do this task differently then asked. 1. Import DecisionTreeClassifier from sklearn.tree. 2. Train a tree with criterion='gini' and max_depth=5. 3. Compare the results to a ""fully grown"" tree (where max_depth=None). 4. Visualization: Use sklearn.tree.plot_tree to visualize the first 3 levels of your trained tree.",task 3 implementing decision trees requirements in it i will use criterionentropy and splitterrandom and let gini be deprecated for this environment i will do this task differently then asked 1 import decisiontreeclassifier from sklearntree 2 train a tree with criteriongini and maxdepth5 3 compare the results to a fully grown tree where maxdepthnone 4 visualization use sklearntreeplottree to visualize the first 3 levels of your trained tree,2026-03-12 12:30:06,0,68,1
which app is used to edit terminal,which app is used to edit terminal,2025-07-14 11:36:54,1,7,4
"How to share computer code?,Educational",how to share computer code educational,1392075712,1,6,3
can you write a code in sfml that draws a circle in a given time but the user can see the drawing of circle,can you write a code in sfml that draws a circle in a given time but the user can see the drawing of circle,2025-06-13 21:56:16,1,24,1
how to converts a string to uppercase in c++ with example,how to converts a string to uppercase in c with example,2024-12-10 21:45:35,1,11,1
"my phase 1 only requires implementing file system not socket programming not the user part, now give me the guide",my phase 1 only requires implementing file system not socket programming not the user part now give me the guide,2025-11-10 22:38:32,0,20,1
what is meant by zero polynomial,what is meant by zero polynomial,2025-02-14 11:16:32,1,6,4
clear terminal all,clear terminal all,2024-11-21 11:57:20,0,3,4
"How honest should one be with their students when talking about the realities of academia?,Educational",how honest should one be with their students when talking about the realities of academia educational,1483936249,1,16,3
solve the prime number generation problem,solve the prime number generation problem,2025-01-03 05:44:24,0,6,1
write a code to implement a parking lot that can have following functionalities: you may add regular and valet cars you can switch status of cars  valet cars should be destroyed with parking but not real cars,write a code to implement a parking lot that can have following functionalities you may add regular and valet cars you can switch status of cars valet cars should be destroyed with parking but not real cars,2025-03-26 04:47:27,0,37,1
"Executing task: g++ -g -std=c++17 /home/hanan/Projects/c++/lab4/main.cpp -o /home/hanan/Projects/c++/lab4/main  /usr/bin/ld: /tmp/ccOGJIGb.o: in function `main': /home/hanan/Projects/c++/lab4/main.cpp:6:(.text+0x4f): undefined reference to `eval_in(std::__cxx11::basic_string<char, std::char_traits<char>, std::allocator<char> >)' /usr/bin/ld: /home/hanan/Projects/c++/lab4/main.cpp:7:(.text+0xbc): undefined reference to `eval_pre(std::__cxx11::basic_string<char, std::char_traits<char>, std::allocator<char> >)' /usr/bin/ld: /home/hanan/Projects/c++/lab4/main.cpp:8:(.text+0x129): undefined reference to `eval_post(std::__cxx11::basic_string<char, std::char_traits<char>, std::allocator<char> >)' collect2: error: ld returned 1 exit status   *  The terminal process ""/usr/bin/bash '-c', 'g++ -g -std=c++17 /home/hanan/Projects/c++/lab4/main.cpp -o /home/hanan/Projects/c++/lab4/main'"" terminated with exit code: 1.   *  Terminal will be reused by tasks, press any key to close it.",executing task g g std c 17 home hanan projects c lab4 main cpp o home hanan projects c lab4 main usr bin ld tmp ccogjigb o in function main home hanan projects c lab4 main cpp 6 text 0x4f undefined reference to eval in std cxx11 basic string char std char traits char std allocator char usr bin ld home hanan projects c lab4 main cpp 7 text 0xbc undefined reference to eval pre std cxx11 basic string char std char traits char std allocator char usr bin ld home hanan projects c lab4 main cpp 8 text 0x129 undefined reference to eval post std cxx11 basic string char std char traits char std allocator char collect2 error ld returned 1 exit status the terminal process usr bin bash c g g std c 17 home hanan projects c lab4 main cpp o home hanan projects c lab4 main terminated with exit code 1 terminal will be reused by tasks press any key to close it,2025-09-17 14:53:04,0,167,2
Unhandled exception: RangeError (index): Invalid value: Only valid value is 0: 1 #0      _StringBase.[] (dart:core-patch/string_patch.dart:270:41) #1      isPalindrome (file:///home/cg/root/68b7cc23b4081/main.dart:15:24) #2      main (file:///home/cg/root/68b7cc23b4081/main.dart:24:12) #3      _delayEntrypointInvocation.<anonymous closure> (dart:isolate-patch/isolate_patch.dart:297:19) #4      _RawReceivePort._handleMessage (dart:isolate-patch/isolate_patch.dart:184:12),unhandled exception rangeerror index invalid value only valid value is 0 1 0 stringbase dart core patch string patch dart 270 41 1 ispalindrome file home cg root 68b7cc23b4081 main dart 15 24 2 main file home cg root 68b7cc23b4081 main dart 24 12 3 delayentrypointinvocation anonymous closure dart isolate patch isolate patch dart 297 19 4 rawreceiveport handlemessage dart isolate patch isolate patch dart 184 12,2025-09-03 10:03:50,0,67,2
abhi shuru krne laga hon,abhi shuru krne laga hon,2025-03-08 14:13:00,0,5,0
"curl -I http://192.168.56.7 HTTP/1.1 200 OK Server: nginx/1.28.0 (Ubuntu) Date: Mon, 24 Nov 2025 17:31:34 GMT Content-Type: text/html Content-Length: 615 Accept-Ranges: bytes  hanan@hanan-ThinkBook:~/two-tier-app$ curl -I http://192.168.56.7:443 curl: (7) Failed to connect to 192.168.56.7 port 443 after 0 ms: Couldn't connect to server",curl i http 192 168 56 7 http 1 1 200 ok server nginx 1 28 0 ubuntu date mon 24 nov 2025 17 31 34 gmt content type text html content length 615 accept ranges bytes hanan hanan thinkbook two tier app curl i http 192 168 56 7 443 curl 7 failed to connect to 192 168 56 7 port 443 after 0 ms couldn t connect to server,2025-11-25 15:29:30,0,71,2
what about QR codes ?,what about qr codes,2026-04-11 15:54:24,1,4,4
how do u write int main() to call these functions,how do u write int main to call these functions,2024-12-26 21:11:46,1,10,1
i didnt understand what is a q-table and what is its work,i didnt understand what is a q table and what is its work,2025-04-20 14:58:18,0,13,4
write a program to backup files to remote server using fork,write a program to backup files to remote server using fork,2025-11-02 10:00:11,0,11,1
*((char*)ptr-1) = 'y'; whats the error?,char ptr 1 y whats the error,2025-08-22 21:46:40,1,7,2
"How to fend off someone putting their Name on my work?,Educational",how to fend off someone putting their name on my work educational,1374705642,1,12,3
"node ./backend/server.js node:internal/modules/cjs/loader:1137   throw err;   ^  Error: Cannot find module 'express' Require stack: - /home/hanan/two-tier-app/backend/server.js     at Module._resolveFilename (node:internal/modules/cjs/loader:1134:15)     at Module._load (node:internal/modules/cjs/loader:975:27)     at Module.require (node:internal/modules/cjs/loader:1225:19)     at require (node:internal/modules/helpers:177:18)     at Function.executeUserEntryPoint [as runMain] (node:internal/modules/run_main:128:12) {   code: 'MODULE_NOT_FOUND',   requireStack: [ '/home/hanan/two-tier-app/backend/server.js' ] }  Node.js v18.19.1",node backend server js node internal modules cjs loader 1137 throw err error cannot find module express require stack home hanan two tier app backend server js at module resolvefilename node internal modules cjs loader 1134 15 at module load node internal modules cjs loader 975 27 at module require node internal modules cjs loader 1225 19 at require node internal modules helpers 177 18 at function executeuserentrypoint as runmain node internal modules run main 128 12 code module not found requirestack home hanan two tier app backend server js node js v18 19 1,2025-11-22 11:27:02,0,95,2
implement a c++ class for converts a string to uppercase,implement a c class for converts a string to uppercase,2025-12-01 08:20:47,0,10,1
can you write a main() to check if MY BTree class is working properly or not,can you write a main to check if my btree class is working properly or not,2025-12-07 15:08:19,1,16,1
Perceptron Learning,perceptron learning,2024-11-06 10:48:36,0,2,4
"is there any error in: select e.ename,d.deptname,e.sal from employees e,departments d where e.deptno=d.deptno and (select sum(em.sal) from employees em where em.deptno=e.deptno) >  (select avg(sal) from employees) and e.sal IN  (     SELECT sal FROM employees em2     WHERE em2.deptno = e.deptno     ORDER BY sal DESC     LIMIT 3 );",is there any error in select e ename d deptname e sal from employees e departments d where e deptno d deptno and select sum em sal from employees em where em deptno e deptno select avg sal from employees and e sal in select sal from employees em2 where em2 deptno e deptno order by sal desc limit 3,2025-02-28 18:02:49,1,60,2
Bismilah,bismilah,2025-06-21 14:02:00,0,1,0
what is join dependency,what is join dependency,2026-04-01 00:45:32,1,4,4
[ERROR:flutter/runtime/dart_vm_initializer.cc(40)] Unhandled Exception: Unsupported operation: DefaultFirebaseOptions have not been configured for linux - you can reconfigure this by running the FlutterFire CLI again. #0      DefaultFirebaseOptions.currentPlatform (package:lab10/firebase_options.dart:44:9) #1      main (package:lab10/main.dart:12:37) #2      _runMain.<anonymous closure> (dart:ui/hooks.dart:319:23) #3      _delayEntrypointInvocation.<anonymous closure> (dart:isolate-patch/isolate_patch.dart:314:19) #4      _RawReceivePort._handleMessage (dart:isolate-patch/isolate_patch.dart:193:12),error flutter runtime dart vm initializer cc 40 unhandled exception unsupported operation defaultfirebaseoptions have not been configured for linux you can reconfigure this by running the flutterfire cli again 0 defaultfirebaseoptions currentplatform package lab10 firebase options dart 44 9 1 main package lab10 main dart 12 37 2 runmain anonymous closure dart ui hooks dart 319 23 3 delayentrypointinvocation anonymous closure dart isolate patch isolate patch dart 314 19 4 rawreceiveport handlemessage dart isolate patch isolate patch dart 193 12,2025-11-26 17:42:04,0,80,2
its still not working,its still not working,2025-01-22 12:13:42,0,4,2
What is the price of Rxton 158-005 rubber in pakistan?,what is the price of rxton 158 005 rubber in pakistan,2026-02-01 18:24:29,1,11,4
OK,ok,2025-05-03 05:21:00,0,1,0
Thek ha,thek ha,2024-10-23 14:01:00,0,2,0
Kuch to hoga,kuch to hoga,2025-07-31 16:09:00,0,3,0
"NFRs ""Itys""",nfrs itys,2024-12-15 15:01:50,0,2,4
what is non diagonal matrix,what is non diagonal matrix,2025-02-20 14:28:51,1,5,4
when does two images a and b are said to be close?,when does two images a and b are said to be close,2025-12-15 13:00:55,1,12,4
Yah to bachy hongy yah phr parchy,yah to bachy hongy yah phr parchy,2025-07-31 16:09:00,0,7,0
can you provide a template to implement whole BTree class,can you provide a template to implement whole btree class,2025-12-06 12:56:39,1,10,1
"arr = np.arange(1,21)",arr np arange 1 21,2024-11-14 09:51:41,0,5,4
"Why attend predatory colleges in the US?,Educational",why attend predatory colleges in the us educational,1457515970,1,8,3
"VirtualBox can't operate in VMX root mode. Please disable the KVM kernel extension, recompile your kernel and reboot (VERR_VMX_IN_VMX_ROOT_MODE).  how to fix this",virtualbox can t operate in vmx root mode please disable the kvm kernel extension recompile your kernel and reboot verr vmx in vmx root mode how to fix this,2025-11-20 19:27:28,0,29,2
"How does the US government shutdown affect academics?,Educational",how does the us government shutdown affect academics educational,1380717628,1,9,3
how to implements a binary search tree in c++ with example,how to implements a binary search tree in c with example,2024-11-21 05:26:37,1,11,1
"How to deal with students staying hours past the end of office hours?,Educational",how to deal with students staying hours past the end of office hours educational,1446013770,1,14,3
this has error,this has error,2025-12-25 08:19:36,0,3,2
what is a cost function?,what is a cost function,2026-03-29 13:18:40,1,5,4
how to code n-queens problem from scratch,how to code nqueens problem from scratch,2025-07-20 12:16:52,1,7,1
Ok,ok,2023-11-08 11:27:00,0,1,0
whats the difference between boosting and adaboost,whats the difference between boosting and adaboost,2026-03-29 16:02:43,1,7,4
"Is my paper under review (or similar) for too long and if yes, how should I react?,Educational",is my paper under review or similar for too long and if yes how should i react educational,1492772737,1,18,3
what is the difference between variance and bias,what is the difference between variance and bias,2026-03-29 14:43:24,1,8,4
Gitignore not working,gitignore not working,2014-08-22 02:34:26,0,3,2
now you have to implement all the after sign in functionalities,now you have to implement all the after sign in functionalities,2025-06-18 12:44:27,0,11,1
can u write a sql query to use having clause,can u write a sql query to use having clause,2025-03-12 10:22:31,1,10,1
what is curl handle?,what is curl handle,2024-10-27 22:58:53,1,4,4
"I found published results of my mentor to be wrong. How to tell her?,Educational",i found published results of my mentor to be wrong how to tell her educational,1473592362,1,15,3
mysql -u root -p Enter password:  ERROR 1698 (28000): Access denied for user 'root'@'localhost'  how do I know this password,mysql u root p enter password error 1698 28000 access denied for user root localhost how do i know this password,2025-11-22 19:48:09,0,21,2
sudo mysqld_safe --skip-grant-tables --skip-networking & [2] 18509 backend-vm@backend-vm:~/two-tier-app$ 2025-11-22T16:42:57.269183Z mysqld_safe Logging to '/var/log/mysql/error.log'. 2025-11-22T16:42:57.336592Z mysqld_safe A mysqld process already exists ^C [2]+  Exit 1                  sudo mysqld_safe --skip-grant-tables --skip-networking,sudo mysqld safe skip grant tables skip networking 2 18509 backend vm backend vm two tier app 2025 11 22t16 42 57 269183z mysqld safe logging to var log mysql error log 2025 11 22t16 42 57 336592z mysqld safe a mysqld process already exists c 2 exit 1 sudo mysqld safe skip grant tables skip networking,2025-11-24 13:38:21,0,57,2
Miss mehwish yaad kr rhi hain,miss mehwish yaad kr rhi hain,2025-08-18 11:55:00,0,6,0
can you write the following triggers: log_tableName_update log_tableName_delete log_tableName_insert log_tableName_select  for all the 10 tables,can you write the following triggers logtablenameupdate logtablenamedelete logtablenameinsert logtablenameselect for all the 10 tables,2026-02-23 02:10:58,1,15,1
write a c++ function to creates a thread and joins it,write a c function to creates a thread and joins it,2026-02-14 20:46:39,0,11,1
ifconfig is not working in ubuntu,ifconfig is not working in ubuntu,2025-08-20 11:58:21,0,6,2
Fixed position but relative to container,fixed position but relative to container,2011-07-22 22:47:00,0,6,2
Yas,yas,2025-03-23 17:19:00,0,1,0
8 bajay paper bhi he mera,8 bajay paper bhi he mera,2025-08-20 21:52:00,0,6,0
create a c++ struct that sorts an array using quick sort,create a c struct that sorts an array using quick sort,2025-02-12 03:06:32,0,11,1
what does 5NF says,what does 5nf says,2026-04-01 00:13:04,1,4,4
Eid Mubarak 🥰 ch sb,eid mubarak ch sb,2025-06-07 17:36:00,0,4,0
"Why don&#39;t academics bypass restrictions on the distribution of their papers the same way as an institutional open access policy seems to do?,Educational",why don 39 t academics bypass restrictions on the distribution of their papers the same way as an institutional open access policy seems to do educational,1450431439,1,26,3
"{""operation"":""logout"",""parameters"":null,""request_id"":""REQ_1763393824_172637"",""session_id"":""""}  what could be the error in parsing this string as json",operation logout parameters null request id req 1763393824 172637 session id what could be the error in parsing this string as json,2025-11-17 20:37:46,0,22,2
how to create a update a record in users table in sql,how to create a update a record in users table in sql,2025-08-26 21:11:06,1,12,1
excuse me,excuse me,2025-09-30 19:40:00,0,2,0
Ab sone laga,ab sone laga,2025-05-15 21:57:00,0,3,0
is this error?,is this error,2025-10-29 20:11:29,1,3,2
"Create a class Employee with: • A default constructor to initialize name and id. • A named constructor fromDepartment, which also takes department. • Create objects using both constructors and print details.",create a class employee with a default constructor to initialize name and id a named constructor fromdepartment which also takes department create objects using both constructors and print details,2025-09-10 09:46:50,0,29,1
write a python class for generates a random password,write a python class for generates a random password,2025-03-25 10:44:18,0,9,1
what role NIC play in ethernet?,what role nic play in ethernet,2025-12-15 18:04:12,1,6,4
whats the IP for broadcast?,whats the ip for broadcast,2025-12-15 17:48:35,1,5,4
this is the complete css what shoukd i change to make hover effect,this is the complete css what shoukd i change to make hover effect,2025-07-13 13:03:16,0,13,4
use sql to create a table with foreign key with group by,use sql to create a table with foreign key with group by,2025-03-07 05:02:33,0,12,1
which flip flop you suggests?,which flip flop you suggests,2025-05-05 14:01:07,1,5,4
"How to supervise a bad PhD student,Educational",how to supervise a bad phd student educational,1508477663,1,8,3
"mov cx, [bx+cx] whats the error?",mov cx bx cx whats the error,2026-02-13 19:27:55,1,7,2
example of a graph which is both sparse and dense,example of a graph which is both sparse and dense,2024-12-24 11:55:04,0,10,4
"in this code there is a attack that is a combo of up and T key and another attack has key T, the problem is that the code detects the up and T attack sprite for a very short period of time because in the very next frame the attack function sets the isjumping of fighter = false, and hence in next frame it only detects T key pressed thats why it changes the sprite to T key attack",in this code there is a attack that is a combo of up and t key and another attack has key t the problem is that the code detects the up and t attack sprite for a very short period of time because in the very next frame the attack function sets the isjumping of fighter false and hence in next frame it only detects t key pressed thats why it changes the sprite to t key attack,2025-05-21 12:51:01,0,78,2
Jagoooo,jagoooo,2025-11-06 06:02:00,0,1,0
can you do it without df.values,can you do it without df values,2024-11-21 10:00:36,1,7,4
"Can I use images showing up in Google search for my presentation slides without violating any copyright?,Educational",can i use images showing up in google search for my presentation slides without violating any copyright educational,1359560165,1,18,3
Oye,oye,2025-05-30 15:03:00,0,1,0
*gulps again,gulps again,2025-12-04 22:10:00,0,2,0
implement a shortest path in graph in python,implement a shortest path in graph in python,2025-06-20 05:15:14,0,8,1
VBoxManage dhcpserver modify --netname NatNetwork   --fixed-address 10.0.2.10 --mac 080027A26B6F Oracle VM VirtualBox Command Line Management Interface Version 7.0.26 Copyright (C) 2005-2025 Oracle and/or its affiliates  VBoxManage: error: --fixed-address can only be applied to a VM NIC or an MAC address  Usage:    VBoxManage dhcpserver modify <--network=netname | --interface=ifname>       [--server-ip=address] [--lower-ip=address] [--upper-ip=address]       [--netmask=mask] [--enable | --disable]        [--global | --del-opt=dhcp-opt-no... | --set-opt=dhcp-opt-no value... |            --set-opt-hex=dhcp-opt-no hexstring... | --force-opt=dhcp-opt-no...            | --unforce-opt=dhcp-opt-no... | --supress-opt=dhcp-opt-no... |            --unsupress-opt=dhcp-opt-no... | --min-lease-time=seconds |            --default-lease-time=seconds | --max-lease-time=seconds |            --remove-config...]        [--group=name | --set-opt=dhcp-opt-no value... |            --set-opt-hex=dhcp-opt-no hexstring... | --force-opt=dhcp-opt-no...            | --unforce-opt=dhcp-opt-no... | --supress-opt=dhcp-opt-no... |            --unsupress-opt=dhcp-opt-no... | --del-mac=address... |            --incl-mac=address... | --excl-mac=address... |            --unsupress-opt=dhcp-opt-no... | --min-lease-time=seconds |            --default-lease-time=seconds | --max-lease-time=seconds |            --fixed-address=address | --remove-config...]        [--mac-address=address | --del-opt=dhcp-opt-no... |            --set-opt=dhcp-opt-no value... | --set-opt-hex=dhcp-opt-no            hexstring... | --force-opt=dhcp-opt-no... |            --unforce-opt=dhcp-opt-no... | --supress-opt=dhcp-opt-no... |            --unsupress-opt=dhcp-opt-no... | --min-lease-time=seconds |            --default-lease-time=seconds | --max-lease-time=seconds |            --fixed-address=address | --remove-config...]  VBoxManage: error: --fixed-address can only be applied to a VM NIC or an MAC address,vboxmanage dhcpserver modify netname natnetwork fixed address 10 0 2 10 mac 080027a26b6f oracle vm virtualbox command line management interface version 7 0 26 copyright c 2005 2025 oracle and or its affiliates vboxmanage error fixed address can only be applied to a vm nic or an mac address usage vboxmanage dhcpserver modify network netname interface ifname server ip address lower ip address upper ip address netmask mask enable disable global del opt dhcp opt no set opt dhcp opt no value set opt hex dhcp opt no hexstring force opt dhcp opt no unforce opt dhcp opt no supress opt dhcp opt no unsupress opt dhcp opt no min lease time seconds default lease time seconds max lease time seconds remove config group name set opt dhcp opt no value set opt hex dhcp opt no hexstring force opt dhcp opt no unforce opt dhcp opt no supress opt dhcp opt no unsupress opt dhcp opt no del mac address incl mac address excl mac address unsupress opt dhcp opt no min lease time seconds default lease time seconds max lease time seconds fixed address address remove config mac address address del opt dhcp opt no set opt dhcp opt no value set opt hex dhcp opt no hexstring force opt dhcp opt no unforce opt dhcp opt no supress opt dhcp opt no unsupress opt dhcp opt no min lease time seconds default lease time seconds max lease time seconds fixed address address remove config vboxmanage error fixed address can only be applied to a vm nic or an mac address,2025-11-22 13:28:39,0,263,2
whats the difference between telecommunication service and information service,whats the difference between telecommunication service and information service,2025-12-15 23:19:06,1,9,4
"How to recruit PhD students when industry pays so much more?,Educational",how to recruit phd students when industry pays so much more educational,1530027667,1,12,3
"How to get work done whilst feeling crippling shame?,Educational",how to get work done whilst feeling crippling shame educational,1526220044,1,10,3
"How should you respond when a professor answers your question with &quot;It&#39;s obvious!&quot;?,Educational",how should you respond when a professor answers your question with it 39 s obvious educational,1641744699,1,16,3
Kia scene,kia scene,2025-06-23 11:45:00,0,2,0
what does df.describe() do?,what does df describe do,2026-02-04 14:09:47,1,5,4
use css to fetch data from an api,use css to fetch data from an api,2026-02-26 16:30:18,0,8,1
create a bash script that use epoll for socket multiplexing,create a bash script that use epoll for socket multiplexing,2025-03-18 00:43:54,0,10,1
Catch multiple exceptions at once?,catch multiple exceptions at once,2008-09-26 02:56:08,1,5,2
simplest way to read data from file,simplest way to read data from file,2024-11-06 00:08:17,0,7,4
can u write a c++ program that uses smart pointers for memory management,can u write a c program that uses smart pointers for memory management,2025-06-08 03:16:38,1,13,1
what is meant by characteristic table and excitation table,what is meant by characteristic table and excitation table,2025-06-03 15:41:23,1,9,4
"await connection.query('SET TRANSACTION ISOLATION LEVEL SERIALIZABLE');  Query] System error: {   message: ""Transaction characteristics can't be changed while a transaction is in progress"",",await connection query set transaction isolation level serializable query system error message transaction characteristics can t be changed while a transaction is in progress,2026-03-12 00:36:05,0,24,2
"How to deal with a colleague who always puts you down?,Educational",how to deal with a colleague who always puts you down educational,1452900429,1,12,3
"Why does a mathematics department want student evaluations of a famous professor?,Educational",why does a mathematics department want student evaluations of a famous professor educational,1471925849,1,13,3
why this isnt working,why this isnt working,2026-04-22 20:06:06,1,4,2
"Create Backend VM VBoxManage createvm --name ""backend-vm"" --ostype ""Ubuntu_64"" --register VBoxManage modifyvm ""backend-vm"" --memory 1024 --cpus 1 --graphicscontroller vmsvga --vrde on  VBoxManage: error: Could not find file for the medium '/home/hanan/two-tier-app/ubuntu-24.04.3-live-server-amd64.iso' (VERR_FILE_NOT_FOUND) VBoxManage: error: Details: code VBOX_E_FILE_ERROR (0x80bb0004), component MediumWrap, interface IMedium, callee nsISupports VBoxManage: error: Context: ""OpenMedium(Bstr(pszFilenameOrUuid).raw(), enmDevType, enmAccessMode, fForceNewUuidOnOpen, pMedium.asOutParam())"" at line 197 of file VBoxManageDisk.cpp VBoxManage: error: Details: code NS_ERROR_FAILURE (0x80004005), component ConsoleWrap, interface IConsole",create backend vm vboxmanage createvm name backend vm ostype ubuntu 64 register vboxmanage modifyvm backend vm memory 1024 cpus 1 graphicscontroller vmsvga vrde on vboxmanage error could not find file for the medium home hanan two tier app ubuntu 24 04 3 live server amd64 iso verr file not found vboxmanage error details code vbox e file error 0x80bb0004 component mediumwrap interface imedium callee nsisupports vboxmanage error context openmedium bstr pszfilenameoruuid raw enmdevtype enmaccessmode fforcenewuuidonopen pmedium asoutparam at line 197 of file vboxmanagedisk cpp vboxmanage error details code ns error failure 0x80004005 component consolewrap interface iconsole,2025-11-08 14:00:24,0,96,2
After 16 clock pulse what will be the state of flip flop?,after 16 clock pulse what will be the state of flip flop,2025-06-02 16:58:24,1,12,4
can you explain this error: KeyError: 'username',can you explain this error keyerror username,2025-04-13 13:19:53,1,7,2
"How do I handle a colleague&#39;s gender change when citing their paper?,Educational",how do i handle a colleague 39 s gender change when citing their paper educational,1499523485,1,15,3
Sherr,sherr,2025-06-22 21:18:00,0,1,0
what is OpenFlow API and OpenFlow Protocol?,what is openflow api and openflow protocol,2025-12-11 19:42:20,1,7,4
fatal error: error: 'ifstream' is undefined,fatal error error ifstream is undefined,2026-01-31 12:03:25,0,6,2
how to has a login screen with email/password in flutter,how to has a login screen with emailpassword in flutter,2025-01-28 17:53:42,1,10,1
whats the error,whats the error,2025-10-15 20:31:14,1,3,2
write a python class for scrapes data from a website,write a python class for scrapes data from a website,2025-07-25 18:23:11,0,10,1
this has error,this has error,2026-04-19 08:31:29,0,3,2
Geoo mai bhi IN,geoo mai bhi in,2025-10-17 21:58:00,0,4,0
both of them are not working,both of them are not working,2025-09-05 23:27:55,0,6,2
implement a udp client that backup files to remote server 1. First requirement here 2. Second requirement here 3. Third requirement here,implement a udp client that backup files to remote server 1 first requirement here 2 second requirement here 3 third requirement here,2026-02-24 09:27:56,0,22,1
how to write in file,how to write in file,2024-11-05 23:57:49,1,5,1
achaaaa,achaaaa,2025-12-04 22:08:00,0,1,0
curl -I http://192.168.56.6:3000/health curl: (7) Failed to connect to 192.168.56.6 port 3000 after 1 ms: Could not connect to server,curl i http 192 168 56 6 3000 health curl 7 failed to connect to 192 168 56 6 port 3000 after 1 ms could not connect to server,2025-11-26 11:26:04,0,29,2
what is meant by transaction and recovery?,what is meant by transaction and recovery,2025-05-12 23:01:38,1,7,4
"How to deal with an advisor who wants a &quot;friendlier&quot; relationship with me than I do?,Educational",how to deal with an advisor who wants a friendlier relationship with me than i do educational,1410974121,1,17,3
this has compiler error saying that ERROR: error during connect: ...,this has compiler error saying that error error during connect,2025-12-28 09:42:30,0,10,2
"(How) can you teach a subject effectively for which you are a skeptic without biasing students?,Educational",how can you teach a subject effectively for which you are a skeptic without biasing students educational,1548423189,1,17,3
implement a simple shell that use pthreads for multithreading,implement a simple shell that use pthreads for multithreading,2025-01-07 18:19:36,0,9,1
what are the number of useable IP out of number of address,what are the number of useable ip out of number of address,2025-12-15 19:27:15,1,12,4
Han,han,2025-03-26 17:44:00,0,1,0
./server -q circular -c 8 -w 3 -p 8080 Server listening on port 8080 ... terminate called recursively terminate called after throwing an instance of 'Aborted (core dumped),server q circular c 8 w 3 p 8080 server listening on port 8080 terminate called recursively terminate called after throwing an instance of aborted core dumped,2025-09-06 19:53:20,0,27,2
when does apple will have hash 42,when does apple will have hash 42,2025-12-05 16:21:43,1,7,4
"How to buy plane tickets for job interviews?,Educational",how to buy plane tickets for job interviews educational,1359147297,1,9,3
Removing objects from a collection in a loop without causing ConcurrentModificationException,removing objects from a collection in a loop without causing concurrentmodificationexception,2008-10-22 05:23:33,0,11,2
"How to motivate students you supervise to produce high-quality research when other graduate students in the program don&#39;t?,Educational",how to motivate students you supervise to produce high quality research when other graduate students in the program don 39 t educational,1457670139,1,22,3
"cout << ""Array (operator<<): "" << Doublearr << endl;  this has error",cout array operator doublearr endl this has error,2025-08-21 22:46:26,0,8,2
Eid Mubarak Chaudry,eid mubarak chaudry,2025-03-31 07:06:00,0,3,0
why its giving error on if condition,why its giving error on if condition,2025-02-14 14:02:23,1,7,2
what does sudo nano hostname does can I use it in such a way that I have something static through which I can communicate with,what does sudo nano hostname does can i use it in such a way that i have something static through which i can communicate with,2025-11-22 15:35:16,1,25,4
what is bash?,what is bash,2025-06-27 19:48:45,1,3,4
what is the main idea of radix sort,what is the main idea of radix sort,2026-03-30 23:56:33,1,8,4
ip addr show is not working,ip addr show is not working,2025-11-08 19:08:55,0,6,2
Na aa,na aa,2025-07-25 16:05:00,0,2,0
inshallah,inshallah,2025-01-31 16:41:00,0,1,0
Mrzi wali baat ha,mrzi wali baat ha,2024-04-02 12:34:00,0,4,0
but you previously said that the queue should keep trying if it fails instead of throwing exception,but you previously said that the queue should keep trying if it fails instead of throwing exception,2025-09-03 14:08:54,0,17,2
"What is a correct MIME type for .docx, .pptx, etc.?",what is a correct mime type for docx pptx etc,2010-11-18 13:25:43,1,10,2
"StreamlitDuplicateElementId: There are multiple `button` elements with the same  auto-generated ID. When this element is created, it is assigned an internal ID based on  the element type and provided parameters. Multiple elements with the same type and  parameters will cause this error.  To fix this error, please pass a unique `key` argument to the `button` element.",streamlitduplicateelementid there are multiple button elements with the same auto generated id when this element is created it is assigned an internal id based on the element type and provided parameters multiple elements with the same type and parameters will cause this error to fix this error please pass a unique key argument to the button element,2025-12-31 13:10:54,0,57,2
Write a UDP program that: 1. Sends a message to all devices on the network (broadcast). 2. A client receives the broadcast message.,write a udp program that 1 sends a message to all devices on the network broadcast 2 a client receives the broadcast message,2025-10-01 11:43:17,0,23,1
implement a flutter widget to has a login screen with email/password,implement a flutter widget to has a login screen with emailpassword,2025-11-16 23:32:30,0,11,1
Morning,morning,2025-07-19 04:37:00,0,1,0
write a c++ program to implements a binary search tree using pointers,write a c program to implements a binary search tree using pointers,2025-12-28 23:51:45,0,12,1
terminal after compilation of c++ code,terminal after compilation of c code,2024-11-21 11:57:56,0,6,4
How do I debug Node.js applications?,how do i debug node js applications,2009-12-16 03:50:07,1,7,2
fatal error: undefined reference to `Stack<char>::push(char)',fatal error undefined reference to stack char push char,2025-02-09 17:45:07,0,9,2
this has error,this has error,2025-01-14 03:49:14,0,3,2
"Why do some instructors care so much about attendance?,Educational",why do some instructors care so much about attendance educational,1459215690,1,10,3
What type of object should an overloaded << operator function return?,what type of object should an overloaded operator function return,2025-03-17 23:39:11,1,10,4
integration formula for 1/(sqrt(1-x^2)),integration formula for 1 sqrt 1 x 2,2025-04-24 13:10:33,0,8,4
"How does an Erratum on one&#39;s own paper affect one&#39;s career as a researcher?,Educational",how does an erratum on one 39 s own paper affect one 39 s career as a researcher educational,1528445280,1,19,3
use scikit-learn to sends an email using smtplib,use scikitlearn to sends an email using smtplib,2026-01-18 23:17:04,0,8,1
(ollama-env) hanan@hanan-ThinkBook:~$ ollama serve Error: listen tcp 127.0.0.1:11434: bind: address already in use,ollama env hanan hanan thinkbook ollama serve error listen tcp 127 0 0 1 11434 bind address already in use,2025-07-15 12:49:23,0,20,2
Si,si,2024-05-08 21:39:00,0,1,0
why its giving error on line 10,why its giving error on line 10,2025-07-15 04:19:11,1,7,2
"How can I avoid the embarrassment associated with needing a sabbatical for alcoholism and mental health treatment?,Educational",how can i avoid the embarrassment associated with needing a sabbatical for alcoholism and mental health treatment educational,1463997385,1,18,3
"How to tell speakers that their English is terrible?,Educational",how to tell speakers that their english is terrible educational,1506953252,1,10,3
I have changed docker-compose and server and docker-compose build is giving this error: backend-1        | 🔄 Retrying in 3 seconds... backend-1        | ⏳ Database connection attempt 4/40 to db:3306 backend-1        | ❌ Database connection failed (attempt 4/40): ER_ACCESS_DENIED_ERROR - Access denied for user 'appuser'@'172.18.0.4' (using password: YES),i have changed docker compose and server and docker compose build is giving this error backend 1 retrying in 3 seconds backend 1 database connection attempt 4 40 to db 3306 backend 1 database connection failed attempt 4 40 er access denied error access denied for user appuser 172 18 0 4 using password yes,2025-11-25 14:48:06,0,55,2
write a c++ program to writes data to a binary file using pointers,write a c program to writes data to a binary file using pointers,2024-11-23 19:36:32,0,13,1
give sample code of flutter increment app,give sample code of flutter increment app,2025-10-29 18:19:50,0,7,1
"How to offer a reviewer to be co-author?,Educational",how to offer a reviewer to be co author educational,1383227876,1,10,3
why this isnt working,why this isnt working,2025-08-22 06:35:35,1,4,2
Kharchay bhi,kharchay bhi,2025-07-31 16:09:00,0,2,0
can you tell me where i can use core principles of OOP in my project Street fighter like Composition Aggregation Association Inheritance & Polymorphism Template functions Template classes,can you tell me where i can use core principles of oop in my project street fighter like composition aggregation association inheritance polymorphism template functions template classes,2025-05-10 20:00:56,1,27,4
Arrey,arrey,2025-12-29 19:30:00,0,1,0
sudo docker-compose logs backend -f [sudo] password for hanan:  ERROR: No such service: -f,sudo docker compose logs backend f sudo password for hanan error no such service f,2025-11-08 11:27:09,0,15,2
hanan,hanan,2026-04-25 00:20:00,0,1,0
what is meant by ios::beg?,what is meant by ios beg,2025-12-27 13:36:33,1,6,4
Same to u,same to u,2025-12-21 00:39:00,0,3,0
can you explain this error: Error: Expected ';' after this,can you explain this error error expected after this,2026-01-26 22:01:57,1,9,2
"How to improve myself as a lecturer?,Educational",how to improve myself as a lecturer educational,1352670464,1,8,3
"Is it immoral to show new students how to use Wolfram Alpha?,Educational",is it immoral to show new students how to use wolfram alpha educational,1429064424,1,13,3
Bhai pleej,bhai pleej,2025-12-27 21:33:00,0,2,0
"Why do Americans care so much about recommendation letters?,Educational",why do americans care so much about recommendation letters educational,1532979324,1,10,3
whats the tiem complexity here,whats the tiem complexity here,2026-03-30 23:45:24,1,5,4
yeh tha,yeh tha,2025-03-15 15:14:00,0,2,0
"node ./server.js node:internal/modules/cjs/loader:1137   throw err;   ^  Error: Cannot find module 'express' Require stack: - /home/hanan/two-tier-app/backend/server.js     at Module._resolveFilename (node:internal/modules/cjs/loader:1134:15)     at Module._load (node:internal/modules/cjs/loader:975:27)     at Module.require (node:internal/modules/cjs/loader:1225:19)     at require (node:internal/modules/helpers:177:18)     at Function.executeUserEntryPoint [as runMain] (node:internal/modules/run_main:128:12) {   code: 'MODULE_NOT_FOUND',   requireStack: [ '/home/hanan/two-tier-app/backend/server.js' ] }  Node.js v18.19.1",node server js node internal modules cjs loader 1137 throw err error cannot find module express require stack home hanan two tier app backend server js at module resolvefilename node internal modules cjs loader 1134 15 at module load node internal modules cjs loader 975 27 at module require node internal modules cjs loader 1225 19 at require node internal modules helpers 177 18 at function executeuserentrypoint as runmain node internal modules run main 128 12 code module not found requirestack home hanan two tier app backend server js node js v18 19 1,2025-11-22 11:40:43,0,94,2
create a DockerFile,create a dockerfile,2025-11-24 17:13:51,0,3,1
Jeo😭,jeo,2025-06-23 12:09:00,0,1,0
"Why are professors&#39; websites so ugly?,Educational",why are professors 39 websites so ugly educational,1423594525,1,8,3
whats wrong with this code,whats wrong with this code,2026-01-04 07:16:24,1,5,2
what does Restrict do?,what does restrict do,2026-02-22 19:33:36,1,4,4
how to train a cnn for image classification using pytorch,how to train a cnn for image classification using pytorch,2025-02-24 05:34:30,1,10,1
sudo mysqld_safe --skip-grant-tables --skip-networking & [1] 18133 backend-vm@backend-vm:~/two-tier-app$ 2025-11-22T16:42:05.753796Z mysqld_safe Logging to '/var/log/mysql/error.log'. 2025-11-22T16:42:05.764220Z mysqld_safe Directory '/var/run/mysqld' for UNIX socket file don't exists. ^C [1]+  Exit 1                  sudo mysqld_safe --skip-grant-tables --skip-networking,sudo mysqld safe skip grant tables skip networking 1 18133 backend vm backend vm two tier app 2025 11 22t16 42 05 753796z mysqld safe logging to var log mysql error log 2025 11 22t16 42 05 764220z mysqld safe directory var run mysqld for unix socket file don t exists c 1 exit 1 sudo mysqld safe skip grant tables skip networking,2025-11-24 13:37:23,0,63,2
"How can I deal with a lecturer ridiculing me in front of class for making a mistake?,Educational",how can i deal with a lecturer ridiculing me in front of class for making a mistake educational,1442481714,1,18,3
"Graduate student with abysmal English writing skills, how to help,Educational",graduate student with abysmal english writing skills how to help educational,1562602860,0,11,3
"How to deal with abusive professor?,Educational",how to deal with abusive professor educational,1509816276,1,7,3
Done,done,2025-05-02 23:16:00,1,1,0
what is the datat type of house price?,what is the datat type of house price,2026-04-06 13:03:18,1,8,4
"How to prevent cheating on take-home exams,Educational",how to prevent cheating on take home exams educational,1422884274,1,9,3
i have done this but still not working,i have done this but still not working,2025-09-13 10:56:29,0,8,2
"what will be the result of AX = FFFF SAR AX, 1 SAR AX, 1 SAR AX, 1?",what will be the result of ax ffff sar ax 1 sar ax 1 sar ax 1,2026-04-04 09:44:50,1,17,4
Chaudry,chaudry,2025-09-20 12:59:00,0,1,0
write a main() to test all the functionalities of this assignment,write a main to test all the functionalities of this assignment,2025-09-26 20:04:55,0,11,1
what if in docker-compose and server.js I change user as root will that solve the problem,what if in docker compose and server js i change user as root will that solve the problem,2025-11-25 14:51:19,1,18,2
i had done making that file but still doesn't fix,i had done making that file but still doesn t fix,2025-10-04 21:50:59,0,11,2
is there any problem due to which my program can crash?,is there any problem due to which my program can crash,2024-12-13 15:00:05,1,11,2
Ji,ji,2025-08-20 22:26:00,0,1,0
Nah,nah,2025-05-22 15:03:00,0,1,0
what is switch port,what is switch port,2025-12-10 19:23:18,1,4,4
the client is writing on tun but my internet  is still not working can I print the packet?,the client is writing on tun but my internet is still not working can i print the packet,2025-09-24 22:07:45,1,18,2
whats the diff between NetworkImage and Image.network?,whats the diff between networkimage and image network,2025-12-17 13:49:08,1,8,4
what is index,what is index,2026-02-22 19:45:29,1,3,4
whats wrong with this code,whats wrong with this code,2025-02-10 19:51:32,1,5,2
handshaking lemma in graph theory,handshaking lemma in graph theory,2024-12-24 11:46:19,0,5,4
you forgot to write remove() of BTreeNode,you forgot to write remove of btreenode,2025-12-08 19:39:21,0,7,1
Brother,brother,2025-11-30 23:33:00,0,1,0
what is meant by performing network discovery and detect running services?,what is meant by performing network discovery and detect running services,2026-04-09 22:31:56,1,11,4
Achi baat he,achi baat he,2025-12-29 23:10:00,0,3,0
auto elapsed = std::chrono::duration_cast<std::chrono::milliseconds>(end - start).count(); this also has the same error,auto elapsed std chrono duration cast std chrono milliseconds end start count this also has the same error,2025-08-23 00:05:27,0,18,2
i have installed gnome-shell-extensions but my tweaks does not have extensions tab,i have installed gnome shell extensions but my tweaks does not have extensions tab,2025-07-12 22:43:15,0,14,4
when we use E = (RT * CT)/T and when we use E = T/no of rows,when we use e rt ct t and when we use e t no of rows,2025-12-10 14:41:16,1,16,4
how to implement gradient descent from scratch using pytorch,how to implement gradient descent from scratch using pytorch,2025-05-01 18:56:39,1,9,1
curl -I http://192.168.56.6:3000/health curl: (7) Failed to connect to 192.168.56.6 port 3000 after 1 ms: Could not connect to server,curl i http 192 168 56 6 3000 health curl 7 failed to connect to 192 168 56 6 port 3000 after 1 ms could not connect to server,2025-11-26 11:28:53,0,29,2
and dense graph,and dense graph,2024-12-06 11:11:09,0,3,4
How to fix &quot;Attempted relative import in non-package&quot; even with __init__.py,how to fix quot attempted relative import in non package quot even with init py,2012-07-18 12:59:14,1,15,2
Pakoora,pakoora,2026-04-21 20:29:00,0,1,0
"How to communicate achievements on the StackExchange network in an academic CV or job interview?,Educational",how to communicate achievements on the stackexchange network in an academic cv or job interview educational,1337760035,1,16,3
"Why are there so many papers written in bad English?,Educational",why are there so many papers written in bad english educational,1389358551,1,11,3
what are the drawbacks of CDD?,what are the drawbacks of cdd,2026-04-02 21:46:45,1,6,4
what if pip command is not working in vs code terminal after installing python,what if pip command is not working in vs code terminal after installing python,2024-11-11 12:30:54,1,14,4
"Why did it become so much more expensive to start a university?,Educational",why did it become so much more expensive to start a university educational,1568089354,1,13,3
"One of my postdocs elegantly solved a problem another postdoc had been working on for years. I have no idea how to navigate this delicate situation,Educational",one of my postdocs elegantly solved a problem another postdoc had been working on for years i have no idea how to navigate this delicate situation educational,1680273856,0,27,3
How can I fix &#39;android.os.NetworkOnMainThreadException&#39;?,how can i fix 39 android os networkonmainthreadexception 39,2011-06-14 17:02:00,1,9,2
Naseeb tahir bhai,naseeb tahir bhai,2025-09-23 09:43:00,0,3,0
is this error?,is this error,2025-10-25 19:11:46,1,3,2
what is meant by a failure case,what is meant by a failure case,2026-04-06 13:00:46,1,7,4
whats wrong with this code,whats wrong with this code,2026-02-19 18:15:40,1,5,2
what if BGP changes the advertisement?,what if bgp changes the advertisement,2025-12-11 17:22:17,1,6,4
implement uses futurebuilder to load async data in flutter using provider,implement uses futurebuilder to load async data in flutter using provider,2025-09-07 17:25:21,0,11,1
use axios to use redux for state management,use axios to use redux for state management,2025-10-24 16:27:48,0,8,1
solve the n-queens problem problem,solve the nqueens problem problem,2025-09-21 09:59:01,0,5,1
can I pin pin it to dock with whatsapp icon and name also whatsapp,can i pin pin it to dock with whatsapp icon and name also whatsapp,2025-07-13 13:47:42,1,14,4
this is how my homePage Screen looks like but I dont like the appBar make an appBar accordingly keeping the code beginner-friendly also dont need to add drawer in appBar,this is how my homepage screen looks like but i dont like the appbar make an appbar accordingly keeping the code beginnerfriendly also dont need to add drawer in appbar,2025-11-04 08:59:08,0,30,1
what if i compute linear combinations of L randomly selected attributes with weightes between -1 and 1 generated randomly,what if i compute linear combinations of l randomly selected attributes with weightes between 1 and 1 generated randomly,2026-03-29 15:52:18,1,19,4
use css to implement routing in react,use css to implement routing in react,2024-12-29 23:34:09,0,7,1
what is a pivot table and annot=True,what is a pivot table and annot true,2026-02-12 14:36:33,1,8,4
"is this a leetcode problem : ""The function would receive an expression as a string and would tell whether the parentheses in that expression are balanced or not""",is this a leetcode problem the function would receive an expression as a string and would tell whether the parentheses in that expression are balanced or not,2025-09-10 22:03:04,1,27,1
Sher🦁🦁🦁,sher,2025-06-25 20:10:00,0,1,0
"Why are research papers written in language that&#39;s difficult for undergraduate students?,Educational",why are research papers written in language that 39 s difficult for undergraduate students educational,1526983665,1,15,3
R cannot be resolved - Android error,r cannot be resolved android error,2009-05-20 03:02:20,0,6,2
what are the Advantages of KNN over decision trees,what are the advantages of knn over decision trees,2026-03-29 14:37:46,1,9,4
"Argument list too long error for rm, cp, mv commands",argument list too long error for rm cp mv commands,2012-07-02 12:43:34,0,10,2
"If you&#39;re black, how do you answer &quot;Oh you&#39;re a professor? So you teach African Studies?&quot;,Educational",if you 39 re black how do you answer oh you 39 re a professor so you teach african studies educational,1474146306,1,21,3
"How do I stay focused during an online conference?,Educational",how do i stay focused during an online conference educational,1624262471,1,10,3
cosh(x),cosh x,2024-12-17 23:26:29,0,2,4
Okaa,okaa,2025-07-25 10:14:00,0,1,0
what is quadratic probing,what is quadratic probing,2025-12-24 13:30:49,1,4,4
Done,done,2025-04-12 19:43:00,1,1,0
Chalo,chalo,2025-08-19 01:50:00,0,1,0
create a c++ struct that implements a doubly linked list,create a c struct that implements a doubly linked list,2025-09-18 22:04:49,0,10,1
write a beginner friendly flutter code that just: Create a Slider that controls text size (range: 10 to 40). • Display a Text Widget that updates in real-time as the slider value changes. • Add a Switch to toggle between two themes (dark mode and light mode). • Add a Checkbox to toggle bold text styling.,write a beginner friendly flutter code that just create a slider that controls text size range 10 to 40 display a text widget that updates in realtime as the slider value changes add a switch to toggle between two themes dark mode and light mode add a checkbox to toggle bold text styling,2025-09-24 09:47:03,0,53,1
write a code to dijkstra's algorithm in c++,write a code to dijkstras algorithm in c,2025-10-07 22:33:26,0,8,1
grub-install /dev/nvme0n1 update-grub When i run this command it says grub-install: error: cannot find EFI dorectory.,grub install dev nvme0n1 update grub when i run this command it says grub install error cannot find efi dorectory,2025-07-25 15:04:13,0,20,2
Error occurred: (Request ID: Root=1-69ac5592-3fd9a26d1b38134c4ae0d4e1;f15d1339-463e-41e5-bad4-e8e291b9b5e9)  403 Forbidden: This authentication method does not have sufficient permissions to call Inference Providers on behalf of user hananch. Cannot access content at: https://router.huggingface.co/hf-inference/models/Qwen/Qwen3-Embedding-0.6B/pipeline/feature-extraction. Make sure your token has the correct permissions.,error occurred request id root 1 69ac5592 3fd9a26d1b38134c4ae0d4e1 f15d1339 463e 41e5 bad4 e8e291b9b5e9 403 forbidden this authentication method does not have sufficient permissions to call inference providers on behalf of user hananch cannot access content at https router huggingface co hf inference models qwen qwen3 embedding 0 6b pipeline feature extraction make sure your token has the correct permissions,2026-03-07 21:43:12,0,59,2
"How do you get a bad transcript past Ph.D. admissions?,Educational",how do you get a bad transcript past ph d admissions educational,1329877868,1,12,3
"How can I clear myself of emotional attachment when reading reviewer feedback?,Educational",how can i clear myself of emotional attachment when reading reviewer feedback educational,1457101925,1,13,3
"Why do textbooks often include the solutions to odd or even numbered problems but not both?,Educational",why do textbooks often include the solutions to odd or even numbered problems but not both educational,1560892946,1,17,3
Sulah naama,sulah naama,2025-07-31 16:12:00,0,2,0
write a program to find files modified in last 7 days using fork,write a program to find files modified in last 7 days using fork,2025-06-05 21:54:54,0,13,1
cursor changing in css,cursor changing in css,2024-10-31 16:13:26,0,4,4
"How do I identify predatory and low quality journals? With Beall&#39;s List gone, how can I tell if a journal is spam?,Educational",how do i identify predatory and low quality journals with beall 39 s list gone how can i tell if a journal is spam educational,1485273914,1,25,3
"Why do reviews of articles often start with a summary of the article?,Educational",why do reviews of articles often start with a summary of the article educational,1428466856,1,14,3
what is the main idea of disk sort,what is the main idea of disk sort,2026-03-31 00:05:43,1,8,4
inshallah,inshallah,2025-09-04 17:08:00,0,1,0
"what is meant by left hand side in limit a,b",what is meant by left hand side in limit a b,2024-11-19 21:53:46,1,11,4
write a code to quick sort in c++,write a code to quick sort in c,2025-08-17 00:18:14,0,8,1
"How to avoid writing a &#39;good but not great&#39; reference letter,Educational",how to avoid writing a 39 good but not great 39 reference letter educational,1704674119,1,14,3
"i have multiple header file using visual studio for c++. and there is an error that says something is already define in ""file_name.obj""",i have multiple header file using visual studio for c and there is an error that says something is already define in file name obj,2025-04-25 17:23:10,0,25,2
what are the limitions of bagging?,what are the limitions of bagging,2026-03-29 15:39:57,1,6,4
How to find event listeners on a DOM node in JavaScript or in debugging?,how to find event listeners on a dom node in javascript or in debugging,2009-01-15 19:19:44,1,14,2
what about background and ring?,what about background and ring,2025-05-21 18:14:15,1,5,4
when host sends DHCPREQUEST the source IP is offered IP or 0.0.0.0,when host sends dhcprequest the source ip is offered ip or 0 0 0 0,2025-12-10 18:30:06,1,15,4
"Why does arxiv.org not assign DOIs?,Educational",why does arxiv org not assign dois educational,1454107962,1,8,3
Thk ha,thk ha,2025-04-28 20:57:00,0,2,0
also implement rank,also implement rank,2025-11-14 16:21:25,0,3,1
"how can i use ""#include <curl/curl.h>"" in my program",how can i use include curlcurlh in my program,2024-10-28 21:28:45,1,9,1
"How should I ask a potential advisor why they haven&#39;t published in the last 3 years?,Educational",how should i ask a potential advisor why they haven 39 t published in the last 3 years educational,1545149939,1,19,3
"How to handle plagiarism on method that does not affect outcome results when reviewing a paper?,Educational",how to handle plagiarism on method that does not affect outcome results when reviewing a paper educational,1512652438,1,17,3
where 3306 port was being used?,where 3306 port was being used,2025-11-25 14:24:35,1,6,4
"How can I deal with low-key plagiarism?,Educational",how can i deal with low key plagiarism educational,1616437044,1,9,3
mysql -u root -p Enter password:  ERROR 1524 (HY000): Plugin 'mysql_native_password' is not loaded,mysql u root p enter password error 1524 hy000 plugin mysql native password is not loaded,2025-11-24 13:30:37,0,16,2
what is string.data() functions do,what is string data functions do,2025-05-17 09:51:55,1,6,4
what happens if I just write file.seekg(position);,what happens if i just write file seekg position,2025-12-27 13:43:07,1,9,4
"How to deal with systematic rigging of academic position job postings?,Educational",how to deal with systematic rigging of academic position job postings educational,1591009849,1,12,3
Geo masair,geo masair,2025-10-26 00:18:00,0,2,0
"Why are most of the top universities American?,Educational",why are most of the top universities american educational,1444421345,1,9,3
"How do I talk about my abusive former advisor if people ask?,Educational",how do i talk about my abusive former advisor if people ask educational,1523148270,1,13,3
Good idea,good idea,2025-06-21 14:15:00,0,2,0
"POST /api/v1/query Input: session_id.I have to check if this session_id has canAccessEditor = true, if not send the error message. I have to check which operation the query has, Create/Alter/Drop is not allowed to anyone, tier1 users are allowed to remaining everything, tier2 users are not allowed Insert/Delete and tier3 users are only allowed to Select and validate the query using user_id's tier_level, if not send error. After that I have to check if the data user is trying to access whether belongs to his company or not, if not send error. After that if the user is trying to SELECT i have to append some sort of SQL query to make sure that the things he wanna see only lie within his company's domain by using 'where' or 'and' clause. And then finally run that the sql query, if the database gives error send it to user.  now implement this functionality and make sure the following things: - i am using mysql - concurrency control - data protection",post apiv1query input sessionidi have to check if this sessionid has canaccesseditor true if not send the error message i have to check which operation the query has createalterdrop is not allowed to anyone tier1 users are allowed to remaining everything tier2 users are not allowed insertdelete and tier3 users are only allowed to select and validate the query using userids tierlevel if not send error after that i have to check if the data user is trying to access whether belongs to his company or not if not send error after that if the user is trying to select i have to append some sort of sql query to make sure that the things he wanna see only lie within his companys domain by using where or and clause and then finally run that the sql query if the database gives error send it to user now implement this functionality and make sure the following things i am using mysql concurrency control data protection,2026-03-11 04:02:00,0,165,1
"How to avoid and address a lack of gender diversity in grant proposals?,Educational",how to avoid and address a lack of gender diversity in grant proposals educational,1592100765,1,14,3
write a c++ program to uses std::sort with custom comparator using pointers,write a c program to uses stdsort with custom comparator using pointers,2025-06-05 12:06:11,0,12,1
what is meant by cascade manner in flip flops,what is meant by cascade manner in flip flops,2025-06-02 16:55:03,1,9,4
what is total participation and partial participation,what is total participation and partial participation,2026-03-31 22:00:40,1,7,4
"In file included from /usr/include/c++/13/thread:45,                  from /home/hanan/Projects/c++/assig2/server.cpp:5: /usr/include/c++/13/bits/std_thread.h: In instantiation of ‘std::thread::thread(_Callable&&, _Args&& ...) [with _Callable = void (&)(int, IQueue<req>&); _Args = {int&, std::reference_wrapper<IQueue<req>*>}; <template-parameter-1-3> = void]’: /home/hanan/Projects/c++/assig2/server.cpp:216:52:   required from here /usr/include/c++/13/bits/std_thread.h:157:72: error: static assertion failed: std::thread arguments must be invocable after conversion to rvalues   157 |                                       typename decay<_Args>::type...>::value,",in file included from usr include c 13 thread 45 from home hanan projects c assig2 server cpp 5 usr include c 13 bits std thread h in instantiation of std thread thread callable args with callable void int iqueue req args int std reference wrapper iqueue req template parameter 1 3 void home hanan projects c assig2 server cpp 216 52 required from here usr include c 13 bits std thread h 157 72 error static assertion failed std thread arguments must be invocable after conversion to rvalues 157 typename decay args type value,2025-09-06 18:07:47,0,95,2
"How to politely decline the university medal?,Educational",how to politely decline the university medal educational,1465213712,1,8,3
what if I want to scp a whole folder,what if i want to scp a whole folder,2025-11-22 17:38:36,1,9,4
Bismilah,bismilah,2025-09-09 19:03:00,0,1,0
write sql query to Find all employees whose first_name starts with the letter J,write sql query to find all employees whose firstname starts with the letter j,2025-02-06 12:38:59,0,14,1
import 'package:path_provider/path_providerr.dart';  this is not working,import package path provider path providerr dart this is not working,2025-11-05 09:24:15,0,11,2
"Why do past PhD exams appear more difficult than current ones?,Educational",why do past phd exams appear more difficult than current ones educational,1470283264,1,12,3
"How to screen out candidates for faculty jobs who don&#39;t know the subject,Educational",how to screen out candidates for faculty jobs who don 39 t know the subject educational,1456863514,1,16,3
Yes,yes,2025-11-01 14:21:00,0,1,0
"np.arange(), np.random.randint()",np arange np random randint,2024-12-04 22:28:38,0,5,4
Dua krde yara,dua krde yara,2025-05-21 13:00:00,0,3,0
_textSize.toStringAsFixed(0) explain?,textsize tostringasfixed 0 explain,2025-09-30 14:57:12,1,4,2
Pointt,pointt,2025-07-31 16:10:00,0,1,0
Je,je,2025-04-20 15:31:00,0,1,0
Waize bhai,waize bhai,2025-11-22 23:52:00,0,2,0
How to fix &quot;ReferenceError: primordials is not defined&quot; in Node.js,how to fix quot referenceerror primordials is not defined quot in node js,2019-04-30 17:57:10,1,13,2
If invertible,if invertible,2024-11-14 10:07:57,0,2,4
use numpy to scrapes data from a website,use numpy to scrapes data from a website,2025-03-20 13:55:45,0,8,1
"How to be a co-author anonymously?,Educational",how to be a co author anonymously educational,1445884378,1,8,3
"How do you answer &quot;Oh, you&#39;re a professor? What do you teach?&quot;,Educational",how do you answer oh you 39 re a professor what do you teach educational,1438056974,1,15,3
"How to prevent students from using modified calculators to cheat on exams?,Educational",how to prevent students from using modified calculators to cheat on exams educational,1511648532,1,13,3
what is the difference between gini index and entropy,what is the difference between gini index and entropy,2026-03-29 14:12:51,1,9,4
give me a c++ code for implements a binary search tree using stl,give me a c code for implements a binary search tree using stl,2026-03-02 05:18:54,0,13,1
"How can I recover professionally from being a crank?,Educational",how can i recover professionally from being a crank educational,1597990145,1,10,3
what are the important conditions for fourier expansion,what are the important conditions for fourier expansion,2025-05-30 23:25:23,1,8,4
"How to handle students who try to negotiate away penalties for late submission of coursework?,Educational",how to handle students who try to negotiate away penalties for late submission of coursework educational,1480435649,1,16,3
if I dont write future in async will it give an error,if i dont write future in async will it give an error,2025-11-12 09:17:01,0,12,2
create a flutter app with uses google maps to show location,create a flutter app with uses google maps to show location,2025-07-19 22:08:13,0,11,1
"if i want to use getline functions consecutively, do i need to use ignore function in between them",if i want to use getline functions consecutively do i need to use ignore function in between them,2024-11-06 08:48:23,0,18,4
Xcode error &quot;Could not find Developer Disk Image&quot;,xcode error quot could not find developer disk image quot,2015-06-09 20:48:57,0,10,2
good night,good night,2025-07-06 21:49:00,0,2,0
"Why are US PhDs different from European PhDs?,Educational",why are us phds different from european phds educational,1428666257,1,9,3
terminate called without an active exception explain this error,terminate called without an active exception explain this error,2025-09-22 18:32:01,0,9,2
write a flutter main.dart that uses google maps to show location,write a flutter maindart that uses google maps to show location,2025-01-23 02:58:37,0,11,1
implement a python function to implements a linked list from scratch,implement a python function to implements a linked list from scratch,2024-12-13 15:57:19,0,11,1
when does the ax is considered implied destination?,when does the ax is considered implied destination,2026-02-11 15:56:24,1,8,4
i wantt to make a script that opens a link in vivaldi browser,i wantt to make a script that opens a link in vivaldi browser,2025-07-13 13:41:44,0,13,4
can we write the division function in c++ using newton raphson method,can we write the division function in c using newton raphson method,2024-11-03 13:06:21,1,12,1
"How to prove that a paper published with a particular English transliteration of my Russian name is mine?,Educational",how to prove that a paper published with a particular english transliteration of my russian name is mine educational,1476869126,1,19,3
create a c++ struct that uses std::sort with custom comparator,create a c struct that uses stdsort with custom comparator,2026-03-29 19:14:17,0,10,1
what a minimal i should made such that both objects can be made by same way,what a minimal i should made such that both objects can be made by same way,2026-03-11 00:24:59,1,16,4
implement jwt authantication in use websockets for real-time communication,implement jwt authantication in use websockets for realtime communication,2025-01-24 20:04:47,0,9,1
"How should I respond to a reviewer&#39;s complaint about self-citation?,Educational",how should i respond to a reviewer 39 s complaint about self citation educational,1546766454,1,14,3
"now i have chacked the r.packet.size() isn't 0, if  i use send() after connect() it is sending data, does that mean the struct and sock_fd are also correct, If is that so than could there be problem in the flag :MSG_DONTWAIT",now i have chacked the r packet size isn t 0 if i use send after connect it is sending data does that mean the struct and sock fd are also correct if is that so than could there be problem in the flag msg dontwait,2025-09-23 22:02:53,0,46,2
error is in this : std::chrono::duration_cast<std::chrono::milliseconds>(end - start).count(),error is in this std chrono duration cast std chrono milliseconds end start count,2025-08-23 00:04:12,0,14,2
"6. Create two random tensors of shape (2, 3) and send them both to the GPU (you'll need access to a GPU for this). Set torch.manual_seed(1234) when creating the tensors (this doesn't have to be the GPU random seed). The output should be something like:",6 create two random tensors of shape 2 3 and send them both to the gpu youll need access to a gpu for this set torchmanualseed1234 when creating the tensors this doesnt have to be the gpu random seed the output should be something like,2026-04-09 21:31:30,0,45,1
tahir bhai,tahir bhai,2025-05-24 12:03:00,0,2,0
"Failed to fetch http://archive.ubuntu.com/ubuntu/pool/main/m/mesa/libxatracker2_25.0.7-0ubuntu0.24.04.1_amd64.deb  Connection failed [IP: 91.189.91.82 80] E: Unable to fetch some archives, maybe run apt-get update or try with --fix-missing? what is this error",failed to fetch http archive ubuntu com ubuntu pool main m mesa libxatracker2 25 0 7 0ubuntu0 24 04 1 amd64 deb connection failed ip 91 189 91 82 80 e unable to fetch some archives maybe run apt get update or try with fix missing what is this error,2025-08-20 11:52:49,1,50,2
write a code that has time complexity of O(log(m*n)),write a code that has time complexity of ologmn,2025-08-22 13:00:45,0,9,1
write a sql query to write a stored procedure to calculate bonus using join,write a sql query to write a stored procedure to calculate bonus using join,2025-03-01 19:39:52,0,14,1
UnicodeDecodeError: &#39;charmap&#39; codec can&#39;t decode byte X in position Y: character maps to &lt;undefined&gt;,unicodedecodeerror 39 charmap 39 codec can 39 t decode byte x in position y character maps to lt undefined gt,2012-02-10 23:43:57,0,20,2
"Implement bootstrap_sample(X, y) that: Sample N indices randomly with replacement from range(N) where N = len(X) Use np.random.choice(N, size=N, replace=True) Return three things: X_boot, y_boot, and oob_indices (the indices NOT selected)",implement bootstrapsamplex y that sample n indices randomly with replacement from rangen where n lenx use nprandomchoicen sizen replacetrue return three things xboot yboot and oobindices the indices not selected,2026-03-06 05:31:42,0,30,1
"How do some institutions attract so many female computer scientists?,Educational",how do some institutions attract so many female computer scientists educational,1539933190,1,11,3
"wget https://releases.ubuntu.com/22.04/ubuntu-22.04.3-desktop-amd64.iso -O ubuntu-desktop.iso --2025-11-08 12:41:56--  https://releases.ubuntu.com/22.04/ubuntu-22.04.3-desktop-amd64.iso Resolving releases.ubuntu.com (releases.ubuntu.com)... 91.189.91.108, 185.125.190.37, 185.125.190.40, ... Connecting to releases.ubuntu.com (releases.ubuntu.com)|91.189.91.108|:443... connected. HTTP request sent, awaiting response... 404 Not Found 2025-11-08 12:41:58 ERROR 404: Not Found.",wget https releases ubuntu com 22 04 ubuntu 22 04 3 desktop amd64 iso o ubuntu desktop iso 2025 11 08 12 41 56 https releases ubuntu com 22 04 ubuntu 22 04 3 desktop amd64 iso resolving releases ubuntu com releases ubuntu com 91 189 91 108 185 125 190 37 185 125 190 40 connecting to releases ubuntu com releases ubuntu com 91 189 91 108 443 connected http request sent awaiting response 404 not found 2025 11 08 12 41 58 error 404 not found,2025-11-08 12:42:58,0,88,2
can u implement a tcp server in c that find files modified in last 7 days,can u implement a tcp server in c that find files modified in last 7 days,2025-08-23 02:53:28,1,16,1
write sql query to Find all employees working in department 20.,write sql query to find all employees working in department 20,2025-02-06 09:02:33,0,11,1
write a function to detect cycle in linked list,write a function to detect cycle in linked list,2026-03-04 10:56:52,0,9,1
volume=base*height?,volume base height,2024-10-25 21:18:08,1,3,4
implement creates a chat interface in flutter using provider,implement creates a chat interface in flutter using provider,2024-12-31 00:03:00,0,9,1
"How to avoid thinking about research in free time?,Educational",how to avoid thinking about research in free time educational,1365346501,1,10,3
how to implements a linked list from scratch in python using matplotlib,how to implements a linked list from scratch in python using matplotlib,2025-09-14 10:19:16,1,12,1
"Why would an academic write a textbook for free?,Educational",why would an academic write a textbook for free educational,1499503820,1,10,3
write a c++ function to calculates the nth fibonacci number,write a c function to calculates the nth fibonacci number,2024-11-14 15:24:39,0,10,1
what is GD,what is gd,2026-03-29 16:54:54,1,3,4
what is inconsistency analysis problem?,what is inconsistency analysis problem,2026-04-01 01:22:12,1,5,4
can you write a python script that will will find p and q manually where p and q should be large prime numbers and p * q = N,can you write a python script that will will find p and q manually where p and q should be large prime numbers and p q n,2026-04-18 13:37:22,1,27,1
why this isnt working,why this isnt working,2026-02-13 19:21:47,1,4,2
"Server running on port 3000 [Signup] Error: {   message: ""Access denied for user ''@'localhost' (using password: NO)"",",server running on port 3000 signup error message access denied for user localhost using password no,2026-03-11 23:39:33,0,16,2
write a react component that use redux for state management,write a react component that use redux for state management,2026-03-10 02:36:30,0,10,1
what is the linux terminal command that will create a null initialized file of 2MB,what is the linux terminal command that will create a null initialized file of 2mb,2025-12-27 13:55:08,1,15,4
"A student posted my lab materials as a &quot;project&quot; on Instructables, and hid its origin as a lab assignment. How should I address this?,Educational",a student posted my lab materials as a project on instructables and hid its origin as a lab assignment how should i address this educational,1438850863,1,25,3
"How do I deal with a candidate mentioning God twelve times in their application?,Educational",how do i deal with a candidate mentioning god twelve times in their application educational,1595511211,1,15,3
can u create a flutter screen that uses futurebuilder to load async data,can u create a flutter screen that uses futurebuilder to load async data,2025-07-08 20:51:04,1,13,1
what is scaling issue in KNN?,what is scaling issue in knn,2025-12-15 12:59:46,1,6,4
Error: Getter not found: '_buildImageBox',error getter not found buildimagebox,2025-09-19 04:43:06,0,5,2
Maza aya bhai aj nashayi ko taraf bhi ruka,maza aya bhai aj nashayi ko taraf bhi ruka,2025-12-28 00:23:00,0,9,0
"How can a TA help a student who is certain she sucks at programming?,Educational",how can a ta help a student who is certain she sucks at programming educational,1516135904,1,15,3
what if votes are pd.series but inside it there are np.array,what if votes are pd series but inside it there are np array,2026-03-06 05:53:13,1,13,4
what si SafeArea,what si safearea,2025-11-30 15:44:06,1,3,4
"How can I tell if I have simplified my talk too much?,Educational",how can i tell if i have simplified my talk too much educational,1571717730,1,13,3
"How can a software developer best volunteer to help childhood cancer research?,Educational",how can a software developer best volunteer to help childhood cancer research educational,1575175629,1,13,3
Hn,hn,2025-07-23 10:43:00,0,1,0
"sudo nginx -t 2025/11/24 20:59:53 [emerg] 19215#19215: cannot load certificate ""/etc/ssl/certs/cert.pem"": BIO_new_file() failed (SSL: error:80000002:system library::No such file or directory:calling fopen(/etc/ssl/certs/cert.pem, r) error:10000080:BIO routines::no such file) nginx: configuration file /etc/nginx/nginx.conf test failed",sudo nginx t 2025 11 24 20 59 53 emerg 19215 19215 cannot load certificate etc ssl certs cert pem bio new file failed ssl error 80000002 system library no such file or directory calling fopen etc ssl certs cert pem r error 10000080 bio routines no such file nginx configuration file etc nginx nginx conf test failed,2025-11-25 20:49:50,0,58,2
"json make_json_response(const string status, const string& operation, const string& request_id, const json& result_data = {},const string& session_id = """") {     json response;     response[""status""] = status;             // ""success"" or ""error""     response[""operation""] = operation;     response[""request_id""] = request_id;     response[""data""] = result_data;     return response; }  json data;                     data[""result_data""] = s->session_id;                     json response = make_json_response(""success"",j[""operation""], j[""request_id""], data, s->session_id);  why there is error while calling make_json_response()?",json make json response const string status const string operation const string request id const json result data const string session id json response response status status success or error response operation operation response request id request id response data result data return response json data data result data s session id json response make json response success j operation j request id data s session id why there is error while calling make json response,2025-11-16 15:11:17,1,76,2
"[Query] System error: {   message: 't.name.toLowerCase is not a function',",query system error message t name tolowercase is not a function,2026-03-12 02:32:31,0,11,2
now can you create a main(),now can you create a main,2026-04-11 18:50:10,0,6,1
"My university requires that I take attendance. How should I treat students who arrive late to class?,Educational",my university requires that i take attendance how should i treat students who arrive late to class educational,1542444707,1,18,3
Xcode 7 error: &quot;Missing iOS Distribution signing identity for ...&quot;,xcode 7 error quot missing ios distribution signing identity for quot,2015-09-28 15:50:34,0,11,2
Morning 😭,morning,2025-11-23 08:18:00,0,1,0
Podcast wala,podcast wala,2025-07-31 16:06:00,0,2,0
Validation failed for one or more entities. See &#39;EntityValidationErrors&#39; property for more details,validation failed for one or more entities see 39 entityvalidationerrors 39 property for more details,2011-10-17 19:33:44,0,15,2
Mujhe parchay hi nazar arhe,mujhe parchay hi nazar arhe,2025-07-31 16:09:00,0,5,0
"what if I ask the user enter his SRS document or enter the text, pass this input to natural language model ask it to extract the features required and instructions to complete the features and tech stacks, pass its output to an api with the prompt, given the following requirements of a projects what would be the cost of developing it?",what if i ask the user enter his srs document or enter the text pass this input to natural language model ask it to extract the features required and instructions to complete the features and tech stacks pass its output to an api with the prompt given the following requirements of a projects what would be the cost of developing it,2026-03-05 16:07:45,1,61,4
this is not fixing the problem,this is not fixing the problem,2025-05-20 12:39:33,0,6,2
can u modify this c++ code to writes data to a binary file,can u modify this c code to writes data to a binary file,2025-02-19 21:24:50,1,13,1
its giving error on server.js,its giving error on server js,2025-05-13 15:14:53,0,6,2
can u modify this sql query to join employees and departments on dept_id,can u modify this sql query to join employees and departments on deptid,2025-10-10 10:11:06,1,13,1
"How to deal with a colleague who won&#39;t accept they&#39;re wrong,Educational",how to deal with a colleague who won 39 t accept they 39 re wrong educational,1490180123,1,16,3
"How can I tell if I&#39;m being too picky as a referee?,Educational",how can i tell if i 39 m being too picky as a referee educational,1558541990,1,15,3
CachedNetworkImage is undefined,cachednetworkimage is undefined,2025-11-27 01:42:44,0,3,2
"How to train students to write high-quality research papers?,Educational",how to train students to write high quality research papers educational,1501651233,1,11,3
what is MSI?,what is msi,2025-06-03 13:39:05,1,3,4
Mein parking,mein parking,2025-11-06 07:35:00,0,2,0
Fatal error from pip prevented installation. Full pip output in file:     /home/hanan/.local/state/pipx/log/cmd_2025-07-14_10.40.14_pip_errors.log,fatal error from pip prevented installation full pip output in file home hanan local state pipx log cmd 2025 07 14 10 40 14 pip errors log,2025-07-14 10:40:37,0,27,2
"How to acknowledge a deceased advisor’s contributions to a paper?,Educational",how to acknowledge a deceased advisor s contributions to a paper educational,1331935664,1,12,3
Han easily,han easily,2025-11-21 18:45:00,0,2,0
"How to contact a potential PostDoc advisor?,Educational",how to contact a potential postdoc advisor educational,1354117121,1,8,3
"How important is networking at conferences really?,Educational",how important is networking at conferences really educational,1663958899,1,8,3
what if cv2 has no wait key,what if cv2 has no wait key,2024-11-11 12:50:47,1,7,4
"I wasted six years of my life getting a PhD degree. What should I do, and how will I survive?,Educational",i wasted six years of my life getting a phd degree what should i do and how will i survive educational,1575717939,1,21,3
Bhai he he,bhai he he,2025-07-29 19:45:00,0,3,0
difference between retesting and regression testing of software,difference between retesting and regression testing of software,2024-12-15 15:06:08,0,8,4
inshallah kal bike tyar ho jaye ga mera agr saman agya,inshallah kal bike tyar ho jaye ga mera agr saman agya,2025-08-20 21:52:00,0,11,0
"How to react when encountering students who have previously failed my course?,Educational",how to react when encountering students who have previously failed my course educational,1521691430,1,13,3
Nadir ali,nadir ali,2025-07-31 16:06:00,0,2,0
what is view,what is view,2026-02-22 20:43:26,1,3,4
write a sql query to create an index on email column using join,write a sql query to create an index on email column using join,2025-06-05 05:36:48,0,13,1
you have to write a function,you have to write a function,2026-03-11 01:29:46,0,6,1
write a pytorch code to train a rnn for text generation,write a pytorch code to train a rnn for text generation,2025-08-21 12:13:03,0,11,1
"How should I reference my Github repository with materials for my paper?,Educational",how should i reference my github repository with materials for my paper educational,1399399524,1,13,3
implement a sql query that create an index on email column,implement a sql query that create an index on email column,2025-12-13 18:31:13,0,11,1
write a c++ program to converts a string to uppercase using pointers,write a c program to converts a string to uppercase using pointers,2025-07-02 07:59:39,0,12,1
what are the limitations of arc consistency,what are the limitations of arc consistency,2025-12-14 20:00:35,1,7,4
Yup,yup,2024-07-10 13:36:00,0,1,0
"How do some researchers have such beautiful figures in publications, while their homepages look simple?,Educational",how do some researchers have such beautiful figures in publications while their homepages look simple educational,1499664453,1,16,3
can u implement a tcp server in c that backup files to remote server,can u implement a tcp server in c that backup files to remote server,2025-10-04 13:08:49,1,14,1
Pher rabbo aayi,pher rabbo aayi,2025-11-04 19:00:00,0,3,0
Naaa,naaa,2025-07-29 19:52:00,0,1,0
volume of box?,volume of box,2024-10-25 21:17:30,1,3,4
this has compiler error saying that SyntaxError: Unexpected token <,this has compiler error saying that syntaxerror unexpected token,2025-02-06 21:49:50,0,9,2
cant we do with just using out,cant we do with just using out,2024-11-05 23:58:42,1,7,4
error: 'vector.h' file not found,error vector h file not found,2025-04-02 04:47:06,0,6,2
"i have changed it: /usr/bin/env /home/hanan/Projects/python/venv/bin/python /home/hanan/.vscode/extensions/ms-python.debugpy-2025.10.0-linux-x64/bundled/libs/debugpy/adapter/../../debugpy/launcher 47939 -- /home/hanan/Projects/c++/lab4/main.cpp  Traceback (most recent call last):   File ""/usr/lib/python3.12/runpy.py"", line 198, in _run_module_as_main     return _run_code(code, main_globals, None,            ^^^^^^^^^^^^^^^^^^^^^^^^^^^^^^^^^^^   File ""/usr/lib/python3.12/runpy.py"", line 88, in _run_code     exec(code, run_globals)   File ""/home/hanan/.vscode/extensions/ms-python.debugpy-2025.10.0-linux-x64/bundled/libs/debugpy/adapter/../../debugpy/launcher/../../debugpy/__main__.py"", line 71, in <module>     cli.main()   File ""/home/hanan/.vscode/extensions/ms-python.debugpy-2025.10.0-linux-x64/bundled/libs/debugpy/adapter/../../debugpy/launcher/../../debugpy/../debugpy/server/cli.py"", line 501, in main     run()",i have changed it usr bin env home hanan projects python venv bin python home hanan vscode extensions ms python debugpy 2025 10 0 linux x64 bundled libs debugpy adapter debugpy launcher 47939 home hanan projects c lab4 main cpp traceback most recent call last file usr lib python3 12 runpy py line 198 in run module as main return run code code main globals none file usr lib python3 12 runpy py line 88 in run code exec code run globals file home hanan vscode extensions ms python debugpy 2025 10 0 linux x64 bundled libs debugpy adapter debugpy launcher debugpy main py line 71 in module cli main file home hanan vscode extensions ms python debugpy 2025 10 0 linux x64 bundled libs debugpy adapter debugpy launcher debugpy debugpy server cli py line 501 in main run,2025-09-17 15:01:46,0,139,2
docker logs two-tier-app-backend-1 > student-backend@1.0.0 start > node server.js  🚀 Starting server initialization... ⏳ Database connection attempt 1/30... ❌ Database connection failed: getaddrinfo EAI_AGAIN db ⏳ Database connection attempt 2/30... ❌ Database connection failed: getaddrinfo EAI_AGAIN db ⏳ Database connection attempt 3/30... ❌ Database connection failed: getaddrinfo EAI_AGAIN db,docker logs two tier app backend 1 student backend 1 0 0 start node server js starting server initialization database connection attempt 1 30 database connection failed getaddrinfo eai again db database connection attempt 2 30 database connection failed getaddrinfo eai again db database connection attempt 3 30 database connection failed getaddrinfo eai again db,2025-11-08 12:27:06,1,55,2
je,je,2025-05-30 15:31:00,0,1,0
what does a transformer do?,what does a transformer do,2025-03-13 04:59:46,1,5,4
what is the error in import os,what is the error in import os,2026-01-17 01:52:58,1,7,2
can you regenerate the whole file again just correcting the above mentioned problems and keeping all other things the same,can you regenerate the whole file again just correcting the above mentioned problems and keeping all other things the same,2026-03-12 01:39:20,1,20,1
Hoskta he mein choti si roti bhi khila du,hoskta he mein choti si roti bhi khila du,2025-09-04 17:08:00,0,9,0
"Constructing DataFrame from values in variables yields &quot;ValueError: If using all scalar values, you must pass an index&quot;",constructing dataframe from values in variables yields quot valueerror if using all scalar values you must pass an index quot,2013-07-24 21:40:24,0,20,2
autopct='%1.1f%%',autopct 1 1f,2024-11-28 09:52:42,0,3,4
IndexError: string index out of range,indexerror string index out of range,2024-11-14 11:00:35,0,6,2
"Profs who have done a full year sabbatical overseas with a family: How did you make it work?,Educational",profs who have done a full year sabbatical overseas with a family how did you make it work educational,1456085426,1,19,3
Ok,ok,2025-11-21 18:56:00,0,1,0
Shayad,shayad,2025-06-27 14:27:00,0,1,0
write sql query to count orders per customer,write sql query to count orders per customer,2025-08-20 17:45:04,0,8,1
what is level triggering,what is level triggering,2025-06-02 16:25:02,1,4,4
mysql> SOURCE /home/hanan/Projects/c++/SaaS-on-SaaS/database ERROR:  Can't initialize batch_readline,mysql source home hanan projects c saas on saas database error can t initialize batch readline,2026-03-11 23:34:47,0,16,2
give another example code of move constructor,give another example code of move constructor,2025-05-22 13:00:58,0,7,1
use torchvision to plot training loss curve,use torchvision to plot training loss curve,2026-01-24 03:29:53,0,7,1
whats the difference between guest kernel and host kernel,whats the difference between guest kernel and host kernel,2026-02-02 11:41:56,1,9,4
What is an undefined reference/unresolved external symbol error and how do I fix it?,what is an undefined reference unresolved external symbol error and how do i fix it,2012-09-25 03:27:40,1,15,2
how to implement pluggable queue?,how to implement pluggable queue,2025-09-06 02:09:26,1,5,1
"How to deal with an abusively condescending professor?,Educational",how to deal with an abusively condescending professor educational,1542638036,1,9,3
can i add two links in one a tag,can i add two links in one a tag,2024-10-31 09:04:07,1,9,4
axha,axha,2026-04-22 20:24:00,0,1,0
this is not working it doesnt display the sprite,this is not working it doesnt display the sprite,2025-05-09 22:15:52,0,9,2
when forwarding table happens in iBGP the forwarding also has the AS sequence or it only has the interface to go out?,when forwarding table happens in ibgp the forwarding also has the as sequence or it only has the interface to go out,2025-12-11 19:13:09,1,22,4
write a c program to create a child process using fork,write a c program to create a child process using fork,2025-04-27 05:26:38,0,11,1
"Write a client program that: 1. Connects to the server. 2. Asks the user to type the filename they want to download. 3. Sends the filename to the server. 4. Receives the file data in chunks and writes it into a local file. 5. After receiving &quot;File transfer complete&quot;, closes the connection.",write a client program that 1 connects to the server 2 asks the user to type the filename they want to download 3 sends the filename to the server 4 receives the file data in chunks and writes it into a local file 5 after receiving quotfile transfer completequot closes the connection,2025-10-08 13:15:46,0,52,1
"As an undergraduate, how can I explore research topics that may interest me without having a background?,Educational",as an undergraduate how can i explore research topics that may interest me without having a background educational,1461515183,1,18,3
can u create a html page that create a responsive nav bar,can u create a html page that create a responsive nav bar,2025-04-02 08:51:01,1,12,1
"when I start virtual machine, the hypervisor tells my OS to allocate n number of CPUs and configuration and now that space in disk and RAM and CPUs can only be used by VM not the host OS?",when i start virtual machine the hypervisor tells my os to allocate n number of cpus and configuration and now that space in disk and ram and cpus can only be used by vm not the host os,2026-02-02 11:24:47,1,38,4
"How to avoid training a harasser,Educational",how to avoid training a harasser educational,1444499551,1,7,3
GG,gg,2025-03-08 16:01:00,0,1,0
"Why wouldn&#39;t a professor allow a student to record audio of his lecture?,Educational",why wouldn 39 t a professor allow a student to record audio of his lecture educational,1486065447,1,16,3
What is the difference between member access specification and class access specification?,what is the difference between member access specification and class access specification,2025-04-26 10:15:57,1,12,4
its still not working,its still not working,2025-10-29 04:26:55,0,4,2
what are the important conditions to perform fourier transformation?,what are the important conditions to perform fourier transformation,2025-05-30 23:34:42,1,9,4
write a c++ main() to test converts a string to uppercase,write a c main to test converts a string to uppercase,2025-04-28 15:34:23,0,11,1
distance of a point from a line formula,distance of a point from a line formula,2025-01-01 17:34:26,0,8,4
"Why is having multiple PhDs frowned upon?,Educational",why is having multiple phds frowned upon educational,1526910038,1,8,3
"int n = write(tun_fd, &r.packet, r.packet.size()); what could be the problem here it is sayin ginvalid argument",int n write tun fd r packet r packet size what could be the problem here it is sayin ginvalid argument,2025-09-24 10:22:00,0,21,2
write a pytorch code to calculate cross entropy loss,write a pytorch code to calculate cross entropy loss,2025-01-15 16:57:08,0,9,1
implement a binary search tree in python 1. First requirement here 2. Second requirement here 3. Third requirement here,implement a binary search tree in python 1 first requirement here 2 second requirement here 3 third requirement here,2025-12-11 08:42:48,0,19,1
"How to evaluate potential advisers on grounds other than their research/publications?,Educational",how to evaluate potential advisers on grounds other than their research publications educational,1329383161,1,13,3
String data = await rootBundle.loadString('assets/tasks.txt');     tasks = data.split('\n');  is this correct,string data await rootbundle loadstring assets tasks txt tasks data split n is this correct,2025-11-05 09:29:56,0,15,2
Chaudry,chaudry,2025-09-16 21:28:00,0,1,0
"How should a social scientist deal with envy of disciplines that are more quantitatively rigorous?,Educational",how should a social scientist deal with envy of disciplines that are more quantitatively rigorous educational,1427069454,1,16,3
"SELECT User, Host, plugin FROM mysql.user; ERROR 1133 (42000): Can't find any matching row in the user table",select user host plugin from mysql user error 1133 42000 can t find any matching row in the user table,2025-11-24 13:29:20,0,20,2
"How do I know that I have truly lost interest in research and should drop out of a top CS PhD program?,Educational",how do i know that i have truly lost interest in research and should drop out of a top cs phd program educational,1505062193,1,23,3
what is flow table,what is flow table,2025-12-11 19:45:35,1,4,4
Catch and print full Python exception traceback without halting/exiting the program,catch and print full python exception traceback without halting exiting the program,2010-09-13 22:03:30,0,12,2
Chudhry,chudhry,2025-10-03 18:17:00,0,1,0
my vivaldi browser speed dial has vanished how do I fix it,my vivaldi browser speed dial has vanished how do i fix it,2025-10-12 21:23:30,0,12,2
"what is meant by left hand side in mimit a,b",what is meant by left hand side in mimit a b,2024-11-19 21:52:51,1,11,4
mashallah,mashallah,2026-01-28 00:06:00,0,1,0
Jbh,jbh,2025-09-10 21:59:00,0,1,0
can u write a c++ program that sorts an array using quick sort,can u write a c program that sorts an array using quick sort,2026-04-20 08:24:34,1,13,1
cursor hand,cursor hand,2024-12-04 12:00:00,0,2,4
now why is cout<<c++; an error,now why is cout c an error,2025-03-25 08:09:15,0,7,2
write a javascript function to create a responsive nav bar,write a javascript function to create a responsive nav bar,2025-02-16 17:08:50,0,10,1
what are the important conditions for half range expansion,what are the important conditions for half range expansion,2025-05-30 23:29:35,1,9,4
use torchvision to define a simple neural network,use torchvision to define a simple neural network,2025-08-30 06:59:39,0,8,1
what is the relationship between fighter and his attack,what is the relationship between fighter and his attack,2025-05-21 18:09:29,1,9,4
SecurityError: Blocked a frame with origin from accessing a cross-origin frame,securityerror blocked a frame with origin from accessing a cross origin frame,2014-08-02 23:14:39,0,12,2
"I was caught cheating on an exam, how can I minimize the damage?,Educational",i was caught cheating on an exam how can i minimize the damage educational,1414249192,1,14,3
Hn,hn,2025-05-16 16:10:00,0,1,0
"How &quot;submitted&quot;, &quot;to appear&quot;, &quot;accepted&quot; papers are evaluated in a CV?,Educational",how submitted to appear accepted papers are evaluated in a cv educational,1380179580,1,12,3
create a vue.js app that use websockets for real-time communication,create a vuejs app that use websockets for realtime communication,2025-02-25 08:45:29,0,10,1
tahir bhai,tahir bhai,2025-05-29 12:04:00,0,2,0
write a pytorch code to perform data augmentation,write a pytorch code to perform data augmentation,2025-02-03 07:13:50,0,8,1
Ni,ni,2025-09-19 11:41:00,0,1,0
"How to become a peer-reviewer?,Educational",how to become a peer reviewer educational,1512746924,1,7,3
"Provide full working C++ code using only char*, dynamic arrays, and file I/O",provide full working c code using only char dynamic arrays and file io,2025-06-18 12:11:56,0,13,1
can you explain this error: error: externally-managed-environment,can you explain this error error externally managed environment,2025-02-03 03:45:05,1,9,2
write a flutter code for creates a chat interface,write a flutter code for creates a chat interface,2026-04-12 21:04:15,0,9,1
write a c++ main() to test creates a thread and joins it,write a c main to test creates a thread and joins it,2026-03-22 02:16:09,0,12,1
import ollama is still not working,import ollama is still not working,2025-07-15 13:31:48,0,6,2
